id,file,line,label,encoding,source,fr,status,notes
a827b2e2c97b,scripts/celadon city/dept. store/1st floor.rbc,14,@talk,utf-8,"I'm afraid we will not serve\ncriminals such as you, Rocket.\pI would prefer it if you left our\npremises right away.",,à_traduire,
cffc331c38c8,scripts/celadon city/dept. store/2nd floor counter 1.rbc,28,@talk,utf-8,"Imagine what they would say of us\nif we let you shop here freely!\pNo sur-rey!\nBe gone, criminal!",,à_traduire,
53c9a416ef30,scripts/celadon city/game corner/attendant 1.rbc,4,@main,utf-8,Welcome!\n[.]\l(Uh[.] shouldn't you be out on some\lmission right about now?),,à_traduire,
dae88393d05f,scripts/celadon city/game corner/attendant 2.rbc,4,@main,utf-8,"Welcome to Rocket Game Corner!\n(Er[.] what are you doing running\laround the slots, grunt? Don't you\lhave something better to do?)\lEr-hem!\lWant to buy some coins?",,à_traduire,
5a662dc8afc0,scripts/celadon city/game corner/bill phone call 2.rbc,28,@talk,cp1252,"Bill: Hi there, [player].\nIt's been a while.\pFill me in on the latest Rocket\nnews, if you would.\pOh, now!\c\h08ó The little autistic kid\nknocked you all senseless?\pHahahaha! Sorry, but I find that\nrather humorous. Some kid!\pOh, and what?\c\h08ó Giovanni finally\nrevealed his wartime secrets?\pGood. Then we're fully on the same\npage, now, aren't we?\pI suppose he told you about[.]\c\h08ó\n""The Catastrophe"" as well, then?\p[.]\pYes, yes, that Mewtwo is well shut\noff in Cerulean Cave.\pBut I'm curious[.]\c\h08ó did he happen to\nknow what became of Mew after the\lproject was shut down?\p[.]\c\h08ó\nNo? Very well.\pKeep up the good work, [player].\nYou're a good friend to have.\pI'll talk to you later.",,à_traduire,
cedbf53fd317,scripts/celadon city/game corner/guard grunt.rbc,27,@talk,cp1252,"What are you looking at, grunt?\pDon't go making us look suspicious\nnow!",,à_traduire,
a26b86362525,scripts/celadon city/game corner/guard grunt.rbc,30,@talk2,cp1252,[.]\pI-I[.]\c\h08ó I tried to guard the\nposter[.]\c\h08ó I swear I did!,,à_traduire,
59388c956efe,scripts/celadon city/game corner/guard grunt.rbc,33,@talk3,cp1252,"All right, look[.]\pI may not always do an amazing job\nguarding the entrance to HQ[.]\pBut[.] if only you knew what a\ntough job it was, man!\pI'm sure you'd drop that superior\nattitude right quick!",,à_traduire,
c210b1ab94a0,scripts/celadon city/game corner/rival.rbc,28,@talk,utf-8,Ronnie: This place is too darn\ncrowded. Meet me outside.,,à_traduire,
18626c810147,scripts/celadon city/gym/erika (dialogue edits).rbc,4,@talk,utf-8,"The Rainbowbadge symbolizes pride,\nand is best worn in a parade.\pAhahahaha[.]\nJust kidding.\pIncidentally, I'm out of the TM I\nusually give, so take this one.",,à_traduire,
d0d9aefaa6f9,scripts/celadon city/gym/erika (dialogue edits).rbc,7,@talk2,utf-8,"TM22 is Solarbeam.\pIf you've got the guts in battle,\nspend one turn charging up[.]\lThen POW-POW!\pWouldn't you agree that it's a\nwonderful move?",,à_traduire,
f544b5faf047,scripts/celadon city/gym/erika (dialogue edits).rbc,10,@talk3,utf-8,"I must say, that costume of yours\nis rather distracting.\pI caught myself believing for a\nmoment you were one of those goons\lfrom TV, can you imagine?\pMuch too vulgar for you, I'm sure.",,à_traduire,
8980000c223d,scripts/celadon city/gym/erika.rbc,46,@stolenTalk,utf-8,"Oh, my!\pNow there's a man who goes for\nwhat he wants.\pI'll tell you, darling[.]\pI'd offer you up every [buffer1]\nI own just to see that again.\pOh, but do let me carry on before\nI get too distracted[.]",,à_traduire,
856def6bef5d,scripts/celadon city/gym/gym blocker.rbc,38,@eek,utf-8,Eeeeek!,,à_traduire,
5edbfec9c403,scripts/celadon city/gym/gym blocker.rbc,41,@talk,utf-8,"There's a Rocket in our Gym!\nAnd a[.] man, no less..!\pUnbelievable!\nI say we kick him out right away!",,à_traduire,
e5f250f3ac13,scripts/celadon city/gym/gym blocker.rbc,44,@talk2,utf-8,"Wait[.] huh?\nYou're actually a real Trainer..?\p[.]\pWell, that sure looks like a real\nTrainer Card, anyway[.]\pYou're just[.] wearing a costume\nfor fun?\p[.]\pThat's[.] really funny!\pOh, all right, Trainer!\nCome in, then!",,à_traduire,
20b28f282aed,scripts/celadon city/gym/gym plaque.rbc,4,@text1,cp1252,"Celadon Pokémon Gym\nLeader: Erika\pWinning Trainers:\nBlue, Red",,à_traduire,
0ad865ae974e,scripts/celadon city/gym/gym plaque.rbc,7,@text2,cp1252,"Celadon Pokémon Gym\nLeader: Erika\pWinning Trainers:\nBlue, Red, Mohammed Smith",,à_traduire,
c324ea00a6ff,scripts/celadon city/inside/brolunite.rbc,13,@talk,cp1252,"What's up?\nName's Brolunite, I'm a spriter.\pIf the Rocket higher-ups look as\ngood as they do now, it's thanks\lto me!\pSpeaking of which, not stealing\nPokémon from Trainers can still be\la fun experience[.] I recommend it!",,à_traduire,
f73895da04e7,scripts/celadon city/inside/cash grunt.rbc,11,@talk,cp1252,"Gee, stealing Pokémon is hard\nwork, ain't it?",,à_traduire,
189e46bf5b52,scripts/celadon city/inside/coin case guy.rbc,12,@talk,utf-8,"What are you looking at, chum?\p[.]\pOh, what's that?\pI'm not about to give out my Coin\nCase to some filthy Rocket, that's\lfor sure!",,à_traduire,
f9e50d9d031c,scripts/celadon city/inside/dept store guy.rbc,11,@talk,cp1252,"Captured Pokémon are registered\nwith an ID No. and the OT.\pOT stands for ""Original Trainer"" -\nthe Trainer who caught it first.\p[.]\pHehe, unless you stole the\nPokémon, of course.\pThen it'll be your name.",,à_traduire,
1a87cc1da4cd,scripts/celadon city/inside/easter egg sign.rbc,8,@wall,utf-8,colonelsalt's procrastination room,,à_traduire,
5fd645ed7c8d,scripts/celadon city/inside/haunter guy.rbc,11,@talk,cp1252,"Come on, Haunter! I love Haunter!\nI collect them!\pHuh?\pHaunter turned into a different\nPokémon while being traded!\p[.]\pHaha! Sucks for you that you don't\nhave anyone to trade with, huh?",,à_traduire,
440f32143888,scripts/celadon city/inside/hintgiver.rbc,12,@talk,cp1252,"Psst! I heard there's a basement\nunder the Game Corne--\c\h08ó oh, shoot!\pYou're one of them, aren't you?\nNever mind me, I'm just eating[.]\lTra-la-la-la-la[.]",,à_traduire,
6c42017f9140,scripts/celadon city/inside/magnus.rbc,13,@talk,utf-8,"Magnus: Hello!\nI'm the sound guy for this hack!\pI've made some new tracks based on\nmusic from the original game.\pSee if you can find them!\p[.]\pYou play with the sound off,\ndon't you?",,à_traduire,
f8aa55c0bb15,scripts/celadon city/inside/me.rbc,19,@talk,utf-8,"Sondre: Hi there!\nI made you!\pI bet you're wondering what's\ngoing to happen to you, huh?\pWell, I'm not telling!\pHave fun, and thanks for stopping\nby!",,à_traduire,
675d71439dec,scripts/celadon city/inside/me.rbc,22,@talk2,utf-8,Sondre: [player]!\nI'm so proud of you-- you did it!\pYou should know[.]\pIt's taken me many years of\nprocrastination and broken\lrelationships to get you this far.\pIt's been a wild ride for me and I\nhope it has for you!,,à_traduire,
0427cba7b4f8,scripts/celadon city/inside/meeting room.rbc,8,@wall,utf-8,Non-existant meeting room,,à_traduire,
9b4c92620f22,scripts/celadon city/inside/strange_kid.rbc,13,@talk,utf-8,Drawing pixel art is interesting\nmost times[.]\pBut it will become a pain in the\nass when you just can't make your\lpicture look how you want it to!,,à_traduire,
e6ecbaa7d9a5,scripts/celadon city/inside/stupid grunt.rbc,11,@talk,utf-8,"If you see any suspicious-looking\nTrainers lurking around, make sure\lnot to tell them there's a secret\lswitch behind the poster at the\lGame Corner!\pThat's my strategy, anyway.",,à_traduire,
952b0c63d1b4,scripts/celadon city/inside/tea lady.rbc,12,@talk,utf-8,"I know what you are, young man,\nand I know what you're thinking!\pI'm not about to give you any tea,\nyou know!\pThat's only for good little boys\nand girls! Shame on you!",,à_traduire,
50e105811dd3,scripts/celadon city/inside/top floor guy.rbc,11,@talk,cp1252,"I used to think I had it all\nfigured out, man, but[.]\pNowadays I'm just so confused!\pI mean, how can you play a Pokémon\ngame[.] on a computer?!\p[.]\pThis is too much for me, man.\nI think I'll retire.\pJust take my Eevee.\nSee if I care.",,à_traduire,
23d7db5cfc73,scripts/celadon city/inside/top floor sign.rbc,8,@wall,utf-8,I KNOW NOTHING!,,à_traduire,
f2af9737fed9,scripts/celadon city/outside/bill phone call 1.rbc,28,@talk,cp1252,"Bill: Hey, [player], it's me.\nHaven't heard from you in a while.\pNo major new Rocket events to\nreport? No Silph Co. scoop?\c\h08ó\Fine.\pI'm just calling to tell you I\npassed on one of the gifts you\lgave me from before.\pJust a little while ago some young\nhotshot Trainer kid stopped by my\lhouse and helped me with some\lexperimental hiccups.\pThe kid was borderline mute\nand probably lightly autistic, but\lhe was more intense and focused\lthan any kid Trainer I've ever\lseen-- it was funny.\pEleven years old, and he had\nalready got two Gym Badges!\pSo I gave him my ticket to board\nthe S.S. Anne.\pJust thought you might like to\nknow. Talk to you later.",,à_traduire,
6042153fe07a,scripts/celadon city/outside/fat guy.rbc,11,@talk,cp1252,"Technology is incredible!\p[.]\pOh, wait. That's not my line.\c\h08ó\nStill totally true though!",,à_traduire,
53f836a2505a,scripts/celadon city/outside/grunt 1.rbc,18,@talk,cp1252,"Aw, geez[.]\pSeen any little kids or old people\naround?\pBet you probably just took them\nfor yourself, didn't you?\pFine. Whatever[.]",,à_traduire,
aadaa050a0ce,scripts/celadon city/outside/grunt 1.rbc,21,@talk2,cp1252,"Haha[.] man, you know what's funny?\pThe policeman here[.] He doesn't\neven care whether the Pokémon I\lreturn were even stolen or not.\pSo I just caught a bunch of\nRattata and handed them in so he'd\llower my bounty.\pTalk about a good deal, eh?",,à_traduire,
da8471beffee,scripts/celadon city/outside/grunt 2.rbc,11,@talk,utf-8,Heil Giovanni!\nHe will make Kanto great again!\pExterminate the Johtoanean scum!\p[.]\pHeh. I'm only kidding.\nWas that too dark?,,à_traduire,
172281b2ee62,scripts/celadon city/outside/leto the cutter.rbc,109,@talk,cp1252,"My-my, what's this? Did the good\nTrainer change his mind? Haha!",,à_traduire,
31f0f2dce41d,scripts/celadon city/outside/leto the cutter.rbc,126,@talk2,cp1252,"Behold!\nI have returned!\pLeto, aspiring master Cutter, at\nyour service!\pDo you wish me to Cut down all the\ntrees around Celadon and Lavender?",,à_traduire,
c7d3e726e9c7,scripts/celadon city/outside/leto the cutter.rbc,131,@yesOrNo,cp1252,"A mere [$]1000, and you will bear\nwitness to my Cutting prowess!",,à_traduire,
85db74e48b00,scripts/celadon city/outside/leto the cutter.rbc,134,@yesTalk,cp1252,"Ah! Sir, I daresay you made an\nexcellent choice!\pNow, if you'll allow me[.]",,à_traduire,
e76db3a09a69,scripts/celadon city/outside/leto the cutter.rbc,146,@noTalk,cp1252,"No?\c\h08ó\nWhy, f-fine, then.\pI can see that this region is not\nyet cultured enough to appreciate\lthe fine art of a proper Cut!\pWell, should the good sir ever\nchange his mind, I will never be\lfar away from any of this region's\lexquisite trees, rest assured!\pHmph! Good day.",,à_traduire,
0b0bfc04b6c1,scripts/celadon city/outside/leto the cutter.rbc,149,@notEnoughTalk,cp1252,"What?\nInsufficient funds?\pSir, my asking price is akin to\ngiving it away, I assure you!\pBut[.] if the uncultured folk of\nKanto find it too great an expense\lfor witnessing the finest of fine\lart, then what is a man to do?\pWell, should the good sir ever\nearn the necessary means to afford\lmy services, I will never be\lfar away from any of this region's\lexquisite trees, rest assured!\pHmph! Good day.",,à_traduire,
dd710e916958,scripts/celadon city/outside/leto the cutter.rbc,152,@goodBye,cp1252,"Ah..!\pEach Cut more spectacular than the\nlast! Sheer and utter beauty[.]\pWell[.] should you ever need my\nCutting skills again, by this\lregion's most beautiful trees is\lwhere you'll you find me!\pUntil we meet again!",,à_traduire,
e3186604c870,scripts/celadon city/outside/level script v2.rbc,64,@talk1,cp1252,Ronnie: There you are!,,à_traduire,
d823a21c9c3e,scripts/celadon city/outside/level script v2.rbc,74,@talk2,cp1252,"Okay, [player], I'm going to teach\nyou all there is to know about\lstealing people's Pokémon!\l...\lWhat's that?\lHow am I an expert in Pokémon\lcrime all of a sudden? Okay,\llook-- yeah, I know I just joined\lTeam Rocket, but I'll have you\lknow I came prepared! Immorality\lis my passion, man!",,à_traduire,
220ced2eef92,scripts/celadon city/outside/level script v2.rbc,79,@talk3,cp1252,Come with me!,,à_traduire,
53e94575fdf5,scripts/celadon city/outside/level script v2.rbc,120,@talk4,cp1252,"Er-hem! ""Pokémon Robbery for\nDummies: Chapter one.\lThe first step to any successful\lPokémon heist is to pick a\lsuitable target.""",,à_traduire,
f7505709c377,scripts/celadon city/outside/level script v2.rbc,129,@talk5,cp1252,"Now, seeing as we're only Grunts,\nwe can only steal from kids and\lold people for the time being,\lwhich sucks, but hey-- I'm sure\lwe'll be rising up the ranks in no\ltime flat, so don't worry about\lit. Anyway, point being: we've\lgotta find ourselves an old fart\lor a little brat-- give me a shout\lif you see any.",,à_traduire,
7cca4dc1b7b0,scripts/celadon city/outside/level script v2.rbc,230,@talk6,cp1252,"[player], [player]! Innocent-looking\nschoolgirl six o'clock! Man, this\lis our big chance! Okay, okay,\lokay-- focus, now. Let me see what\lthe experts say next...",,à_traduire,
a143b2c54148,scripts/celadon city/outside/level script v2.rbc,233,@talk7,cp1252,"""Step two: Engage your chosen\ntarget in a Pokémon battle, and\lproceed to defeat them.""",,à_traduire,
475a3871b838,scripts/celadon city/outside/level script v2.rbc,238,@ellipses,cp1252,\c\h08ó.\c\h08ó.\c\h08ó.,,à_traduire,
b9b7f726d7ed,scripts/celadon city/outside/level script v2.rbc,243,@talk8,cp1252,"Well, what are you waiting for? Go\nbeat the crap out of the little\lgirl, now; you heard the experts.\l...\lWhat? Who? Me?\lNaw, c'mon, man; that's-- I mean,\lthat'd be far too easy. Besides,\lyou're the newbie here, aren't\lyou? Yeah, um... I-I'll be right\lbehind you, buddy.",,à_traduire,
034606847531,scripts/celadon city/outside/level script.rbc,70,@talk1,cp1252,Ronnie: There you are!,,à_traduire,
1d91c3103da0,scripts/celadon city/outside/level script.rbc,81,@talk2,cp1252,"Okay, [player], I'm going to teach\nyou all there is to know about\lstealing people's Pokémon!\p[.]\c\h08ó\nWhat's that?\pHow am I an expert in Pokémon\ncrime all of a sudden?\pOkay, look-- yeah, I know I just\njoined Team Rocket, but I'll have\lyou know I came prepared!\pImmorality is my passion, man!",,à_traduire,
b800dfbd1560,scripts/celadon city/outside/level script.rbc,85,@talk3,cp1252,Come with me!,,à_traduire,
a459dadd71e7,scripts/celadon city/outside/level script.rbc,126,@talk4,cp1252,"Er-hem! ""Pokémon Robbery for\nDummies: Chapter one.\pThe first step to any successful\nPokémon heist is to pick a\lsuitable target.""",,à_traduire,
2d9f2cf31df1,scripts/celadon city/outside/level script.rbc,136,@talk5,cp1252,"Now, seeing as we're only grunts,\nwe can only steal from kids and\lold people for the time being,\lwhich sucks.\pBut hey-- I'm sure we'll be rising\nup the ranks in no time flat, so\ldon't worry about it.\pAnyway, point being: we've gotta\nfind ourselves an old fart or a\llittle brat-- give me a shout if\lyou see any.",,à_traduire,
e76b9ed3c7e9,scripts/celadon city/outside/level script.rbc,238,@talk6,cp1252,"[player], [player]! Innocent-looking\nschoolgirl six o'clock!\pMan, this is our big chance!\nOkay, okay, okay-- focus, now.\pLet me see what the experts have\nto say next[.]",,à_traduire,
6407e47f474d,scripts/celadon city/outside/level script.rbc,242,@talk7,cp1252,"""Step two: Engage your chosen\ntarget in a Pokémon battle, and\lproceed to defeat them.""",,à_traduire,
fda802b147df,scripts/celadon city/outside/level script.rbc,247,@ellipses,cp1252,\c\h08ó.\c\h08ó.\c\h08ó.,,à_traduire,
dd30ec516675,scripts/celadon city/outside/level script.rbc,252,@talk8,cp1252,"Well, what are you waiting for?\pGo beat the crap out of the little\ngirl, now! You heard the experts.\p[.]\pWhat?\c\h08ó Who?\c\h08ó\n[.]Me?\pNaw, c'mon, man; that's-- I mean,\nthat'd be far too easy.\pBesides, you're the newbie here,\naren't you?\pYeah, um[.] I-I'll be right behind\nyou, buddy.",,à_traduire,
9cb19d763693,scripts/celadon city/outside/level script.rbc,304,@ronintro,cp1252,"Ronnie: Ah, [player]!\nGood riddance.",,à_traduire,
4c97eb0cb111,scripts/celadon city/outside/level script.rbc,309,@rontalk1,cp1252,Guess who just got a brand new\nbadass mission from Petrel just\lnow?\pThat's right: we're going steal\nthese crazy rare TMs from this old\lcollector guy up in Cerulean!\pIt's going to be sick!,,à_traduire,
e77925b3ed4a,scripts/celadon city/outside/level script.rbc,319,@rontalk2,cp1252,"Yeah, um[.] sorry I got all worked\nup over the whole fossil thing\learlier[.]\pBut hey, it's all good now!\pWhy should I care about some\nstupid old fossils when I've got a\lreal robbery to take care of now,\lright?\pYeah, my time has come now, I can\nfeel it!\p[.]\p[.]\c\h08ó\nOh, what's that?\pYou've got a mission in Cerulean\ntoo? Damn, right on.\pMaybe you'll even get to see me in\naction as I break into the old\lguy's house, then, eh?",,à_traduire,
8bc9df08d9f2,scripts/celadon city/outside/level script.rbc,332,@rontalk3,cp1252,"Well, I guess we better head on\neast of here through Saffron and\lthen north from there to get to\lCerulean.\pDid you hear, they made a secret\nRocket base in the Day-Care Center\lsouth of the city-- how cool is\lthat?\pHow about I meet you there?",,à_traduire,
bc624c62d8f0,scripts/celadon city/outside/level script.rbc,336,@rontalk4,cp1252,"Man, am I ready to do me some\nburglarizing! Talk to you later!",,à_traduire,
403e9ebde28c,scripts/celadon city/outside/little girl.rbc,81,@talk,cp1252,"Oh, hello.\nDo you want to play with me?\p[.]\c\h08ó\nYay!\pYou know, this is my most favorite\nplace in all of Celadon to play--\p[.]\pWhat?\c\h08ó\nOh, Pokémon battle?\pO-okay, I can do that.\pI only have these Pokémon that my\nmom gave me for my birthday, but\lokay.\pBattling seems like fun.\nI've seen it on TV.",,à_traduire,
2c02f622484d,scripts/celadon city/outside/little girl.rbc,85,@prebattle,cp1252,Let's do it!,,à_traduire,
c68a7d929a1e,scripts/celadon city/outside/little girl.rbc,90,@postbattle,cp1252,"Wow, you beat me!",,à_traduire,
5470340781c7,scripts/celadon city/outside/little girl.rbc,95,@whining,cp1252,"Well, that was fun.\p[.]\pHuh?\pHey, no please-- what are you\ndoing? Let me go!",,à_traduire,
e073a0b21ee2,scripts/celadon city/outside/little girl.rbc,108,@rivaltalk,cp1252,"Ronnie: Oh man, oh man, oh man!\nYou did it, [player]!\pNow, for the final step!\nMan, I'm itching with excitement.",,à_traduire,
28a4ceb18c30,scripts/celadon city/outside/little girl.rbc,112,@rivaltalk2,cp1252,"""Step three: Having successfully\ndefeated your chosen target, you\lmay now force him or her to hand\lover one of their Pokémon, as far\las your rank within your\lorganization of choice allows.",,à_traduire,
511b14b7729e,scripts/celadon city/outside/little girl.rbc,127,@rivaltalk3,cp1252,"God damn it, if being a gangster\nisn't the coolest thing in the\lworld.\pGo ahead, now, [player], I'll hold\nher down!",,à_traduire,
b51845417b89,scripts/celadon city/outside/little girl.rbc,137,@morewhining,cp1252,"No, please don't!\nYou guys are meanies!",,à_traduire,
61f7ee558e38,scripts/celadon city/outside/little girl.rbc,142,@rivaltalk4,cp1252,"Ronnie: Sweet, man.\nI'll take this one, then.",,à_traduire,
1c865f784b49,scripts/celadon city/outside/little girl.rbc,201,@rivaltalk5,cp1252,"See, that was pretty straight-\nforward, wasn't it?\pAin't no thing, man.\pSo anyway, what do you want to do\nnow?\pI guess we better head on over to\nMt. Moon like that guy Petrel\ltalked about.\pThat Pokémon you snagged can learn\nFly, can't it? Go figure.",,à_traduire,
dc40ced3e834,scripts/celadon city/outside/little girl.rbc,212,@rivaltalk6,cp1252,"Anyway, no rush.\pI'm gonna head back and show off\nmy new quarry to those noobs back\lat HQ.\pFeel free to join me.\nOr whatever.\pCatch ya later, man.",,à_traduire,
e2dbbe05958a,scripts/celadon city/outside/little girl.rbc,240,@aftertalk,cp1252,"WHAAH! MOMMY, HELP ME! IT'S THAT\nSCARY GUY WHO TOOK MY POKÉMON!\pPLEASE, NO, DON'T HURT ME!",,à_traduire,
7d6e45915f08,scripts/celadon city/outside/policeman.rbc,368,@1stTalk,cp1252,"Well, well, well!\pIf it isn't one of you Rockets\nI've heard so much about!\pI am a special officer, sent by\nLance to bring you to justice!\p[.]\pWha--\c\h08ó [.]no, I won't be arresting\nyou; those aren't my orders.\pI am here to ""facilitate your\nrehabilitation""!\pI have a shiny new TM19 Giga Drain\nright here, that can be yours if\lyou keep your criminal record\lclean long enough!",,à_traduire,
756f71ae7550,scripts/celadon city/outside/policeman.rbc,373,@1stTalk2,cp1252,"Now, then[.]\nWhat's your name, scoundrel?\p[.]\c\h08ó\n[player]?\pWell, let me check my registry\nhere for a second[.]",,à_traduire,
38607186251e,scripts/celadon city/outside/policeman.rbc,377,@preItemTalk,cp1252,"My, my, what have we here?\nA Rocket bandit in the flesh!\pI'm to give you this TM19 Giga\nDrain if you keep your record\lclean for long enough, so keep it\lcool!\p[player], is it?\c\h08ó\nWell, let me see here[.]",,à_traduire,
0ef103b946bd,scripts/celadon city/outside/policeman.rbc,381,@postItemTalk,cp1252,"My, my, what have we here?\nA Rocket bandit in the flesh!\p[player], is it?\c\h08ó\nWell, let me see here[.]",,à_traduire,
3372847f14c6,scripts/celadon city/outside/policeman.rbc,392,@vBadTalk,cp1252,"My goodness!\c\h08ó Y-you're one of the\nmost infamous criminals in Kanto!\pThe price on your head is a\nwhooping [$][buffer1],000!\pGrr[.] what could you possibly want\nwith me, you filthy outlaw?!\pIt will take a lot more than a\ncouple of Pokémon trades to atone\lfor your sins, I'll tell you!",,à_traduire,
66a525ce09bd,scripts/celadon city/outside/policeman.rbc,396,@vBadText,cp1252,[blue_fr][.]well?,,à_traduire,
ab408bee3568,scripts/celadon city/outside/policeman.rbc,400,@pBadTalk,cp1252,"Oh, my!\nYou're quite the villain!\pThe bounty on your head stands at\n[$][buffer1],000!\pThat's nothing to joke about, son.\pUnless you plan to spend the rest\nof your days in jail, I suggest\lyou change your ways soon, before\lit's all too late!",,à_traduire,
94af67629d42,scripts/celadon city/outside/policeman.rbc,404,@pBadText,cp1252,[blue_fr]How can I help you t[blue_fr]urn things\n[blue_fr]around?,,à_traduire,
e829966c6237,scripts/celadon city/outside/policeman.rbc,408,@mBadTalk,cp1252,"Hm[.] Well, I've seen worse in my\ndays, but you're on a dangerous\lpath, Rocket!\pThe bounty on your head stands at\n[$][buffer1],000.\pCome back into the light while you\nstill can!",,à_traduire,
901618b8e517,scripts/celadon city/outside/policeman.rbc,412,@mBadText,cp1252,[blue_fr]What can I help you [blue_fr]with?,,à_traduire,
afbe9b3e1968,scripts/celadon city/outside/policeman.rbc,415,@nBadTalk,cp1252,"Well, you're not so bad, are you?\pThe bounty on your head is a mere\n[$][buffer1],000.\pOh, a few slip-ups here and there\nhappen to the best of us, right?\pI'm glad you came to me to set\nthings straight again[.]\c\h08ó right?",,à_traduire,
dd155cf18593,scripts/celadon city/outside/policeman.rbc,420,@nBadText,cp1252,"[blue_fr]What can I do for yo[blue_fr]u, son?",,à_traduire,
bae40528a16c,scripts/celadon city/outside/policeman.rbc,424,@iTalk,cp1252,"Oh, wow! What's this? There's no\nbounty on your head at all!\pThat's what I like to see.\pThe moral road is a narrow one,\nbut you walk it all the same!",,à_traduire,
5b552605acfa,scripts/celadon city/outside/policeman.rbc,427,@itemTalk,cp1252,"I like you, son.\pHere is a token of appreciation\nfrom the government for embracing\lyour new life as a law-abiding\lcitizen!",,à_traduire,
915f74246bf0,scripts/celadon city/outside/policeman.rbc,431,@notYetItem,cp1252,"Keep up this behavior, and this TM\nwill be all yours before long.",,à_traduire,
c9599e0d616e,scripts/celadon city/outside/policeman.rbc,436,@noRoomTalk,cp1252,"Why, but you've no space left for\nit, do you? Make some room!",,à_traduire,
f8ae971a405d,scripts/celadon city/outside/policeman.rbc,439,@itemMsg,cp1252,[player] received TM19 from the\npoliceman!,,à_traduire,
384f5ece7c53,scripts/celadon city/outside/policeman.rbc,444,@putAway,cp1252,[player] put TM19 in the TM Case.,,à_traduire,
eb42dd49bb84,scripts/celadon city/outside/policeman.rbc,450,@itemAlreadyGot,cp1252,"Go seek out the officers in the\nother cities, son.\pIf you keep up your good behavior,\nthey'll reward you as I have!",,à_traduire,
fabe52ca8e2a,scripts/celadon city/outside/policeman.rbc,454,@1pokeMsg,cp1252,But[.] surely you can't turn in\nyour only Pokémon?\pThat would cause all sorts of\nweird question marks and humbug.\pI'm not having it!,,à_traduire,
b11c428a2d67,scripts/celadon city/outside/policeman.rbc,458,@handInTalk,cp1252,"Fair enough!\pYou hand in one of your stolen\nPokémon to me, and we agree to\llower the bounty on your head in\lproportion to the Pokémon's level.",,à_traduire,
e7e6a5b1c1c8,scripts/celadon city/outside/policeman.rbc,461,@handInTalk1.5,cp1252,"The bounty on you is [$][buffer1],000.\nWhich Pokémon will you hand in?",,à_traduire,
e52ec1114cb7,scripts/celadon city/outside/policeman.rbc,466,@handInTalk2,cp1252,"Fine. I'll lower your bounty by\n[$][buffer1],000 for this [buffer2].",,à_traduire,
bc7466a2f07a,scripts/celadon city/outside/policeman.rbc,469,@pkmnDeleted,cp1252,[player] turned [buffer2] in to the\npoliceman.,,à_traduire,
b6d4aad1610b,scripts/celadon city/outside/policeman.rbc,473,@postDeletion,cp1252,"You made the right choice, Rocket.\nCongratulations.\pYour bounty has now been lowered\nto [$][buffer1],000.\pKeep it up and you'll be a free\nman in no time at all!",,à_traduire,
d072d96e81cb,scripts/celadon city/outside/policeman.rbc,477,@noMoreBounty,cp1252,"Well, I'll be!\nYou did the right thing, Rocket.\pYour bounty has now been\ncompletely wiped.\pIt touches me to see that I could\nhelp you become a free man again!",,à_traduire,
8d743d24a76f,scripts/celadon city/outside/policeman.rbc,481,@bribeTalk,cp1252,"What's that?\c\h08ó\nMy god! The idea!\pI am unwavering in my adherence to\nmy moral principles, I assure you!\p[.]\c\h08ó\n(Shh[.] not so loud, now.)",,à_traduire,
d29d56d5febf,scripts/celadon city/outside/policeman.rbc,484,@howMuch,cp1252,"(How much are we talking?)\n(The bounty is [blue_fr]at [$][buffer1],000[blue_fr].)",,à_traduire,
f62af1517d4a,scripts/celadon city/outside/policeman.rbc,488,@noMoneyTalk,cp1252,"Gah!\p(Come back when you actually have\nthe money, and we'll talk!)",,à_traduire,
a3f66316b37b,scripts/celadon city/outside/policeman.rbc,492,@postBribeTalk,cp1252,"Mmmm!\pWell, in times like these[.]\nwhat can you do..?\p(Your bounty has been lowered to\n[$][buffer1],000, all right?)\p(But remember, son-- I sure as\nheck didn't do it!)",,à_traduire,
7503985e7381,scripts/celadon city/outside/policeman.rbc,496,@postBribeTalk2,cp1252,"Mmmm!\pWell, in times like these[.]\nwhat can you do..?\p(The bounty on your head has now\nbeen completely wiped.)\p(But I know nothing about it,\nyou hear me?)",,à_traduire,
4207a6101082,scripts/celadon city/outside/policeman.rbc,500,@goodBye,cp1252,"No? Well, have it your way.\nGood day, Rocket.",,à_traduire,
c924604204a6,scripts/celadon city/outside/policeman.rbc,503,@missingnoTalk,cp1252,"What in Arceus's name is that\nPokémon..?!\pI don't know where you got that\nfrom, but I'll want nothing to do\lwith it!\pHand in a normal Pokémon, won't\nyou?!",,à_traduire,
218b84fc7d69,scripts/celadon city/outside/post-giovanni talk level script (with ronnie).rbc,39,@ronintro,utf-8,"Ronnie: Ah, [player]! Good\nriddance.",,à_traduire,
8324f3405cad,scripts/celadon city/outside/post-giovanni talk level script (with ronnie).rbc,42,@rontalk1,utf-8,"Guess who just got a brand new\nbadass mission from Petrel just\lnow? That's right, we're going to\lgo steal this crazy rare TM from\lthis old collector guy up in\lCerulean! It's going to be sick!",,à_traduire,
b904a5b835aa,scripts/celadon city/outside/post-giovanni talk level script (with ronnie).rbc,51,@rontalk2,utf-8,"Yeah, um[.] sorry I got all worked\nup over the whole fossil thing\learlier-- but hey, it's all good\lnow. Why should I care about some\lstupid old fossils when I've got a\lreal robbery to take care of now,\lright? Yeah, my time has come has\lnow, I can feel it.\l",,à_traduire,
34067df6d9ae,scripts/celadon city/outside/post-giovanni talk level script (with ronnie).rbc,63,@rontalk3,utf-8,"Well, I guess we better head on\neast of here through Saffron and\lthen north from there to get to\lCerulean. Did you hear, they made\la secret Rocket base in the\lDay-Care Center south of the\lcity-- how cool is that? How about\lI meet you there?",,à_traduire,
4b134391c79a,scripts/celadon city/outside/post-giovanni talk level script (with ronnie).rbc,66,@rontalk4,utf-8,"God, I'm itching to do me some\nburglarizing! Talk to you later,\lman!",,à_traduire,
d332750f0efe,scripts/celadon city/outside/red encounter.rbc,58,@talk,utf-8,...,,à_traduire,
42e493f112d5,scripts/celadon city/outside/rival.rbc,13,@talk,utf-8,"Go on, what are you waiting for,\nman?",,à_traduire,
a73ef588d34d,scripts/celadon city/outside/scientist.rbc,11,@talk,utf-8,You lowly Rockets[.]\pI knew I should've never trusted\nthat grunt to take care of my\lSilph Scope!\pNow what am I going to do?\nSilph will fire me for sure!\pDamn[.] maybe I should just join\nthe Rockets after all[.],,à_traduire,
d84a8c59b1a3,scripts/celadon city/outside/softboiled tutor.rbc,4,@talk1,cp1252,"Hello, there!\nI've seen you about[.]\pYou're one of those Rockets!\pWell[.] I hate getting my Pokémon\nstolen as much as the next guy[.]\pBut I have to say I respect what\nyou folks stand for!\pSo let me teach you one egg-\ncellent move, if you would.",,à_traduire,
1e17603712bd,scripts/celadon city/outside/softboiled tutor.rbc,7,@talk2,cp1252,"Y-you prefer them boiled hard,\nthen, do you..?",,à_traduire,
23e5a8b84653,scripts/celadon city/outside/softboiled tutor.rbc,10,@talk3,cp1252,So long!\p[.]\pAnd thanks for not stealing my\nPokémon!,,à_traduire,
a55c20ce6cef,scripts/cerulean cave/mewtwo script.rbc,118,@talk,cp1252,Mewtwo: So you've come[.],,à_traduire,
78db9b35dd59,scripts/cerulean cave/mewtwo script.rbc,121,@talk2,cp1252,I was waiting for you[.]\c\h08ó\n[player].,,à_traduire,
d316ece707aa,scripts/cerulean cave/mewtwo script.rbc,124,@talk3,cp1252,The scientists who sent you\nhere[.]\pWho thought my psychic powers\nweakened in the years passed[.],,à_traduire,
fea6bbe3a9c3,scripts/cerulean cave/mewtwo script.rbc,127,@talk4,cp1252,"They are wildly mistaken.\pI'm stronger, sharper, deadlier[.]\c\h08ó\nThan I ever was.",,à_traduire,
ae9c10fd8c86,scripts/cerulean cave/mewtwo script.rbc,131,@talk5,cp1252,You've nothing to threaten me\nwith.\pEven if the Master Ball you wield\ncould work against me[.]\pI could cut off the arm you'd\nthrow it with before the first\lcontraction of your muscles.,,à_traduire,
1467aaae5bfe,scripts/cerulean cave/mewtwo script.rbc,135,@talk6,cp1252,"[.]\pBut that would give me little\npleasure.\pInstead[.]\pGive me an engaging, forceful[.]\c\h08ó\nfair[.]\c\h08ó Pokémon battle.\p[.]\pAnd I will tell you what you came\nhere to find out.",,à_traduire,
21cd18361606,scripts/cerulean cave/mewtwo script.rbc,139,@talk7,cp1252,"Oh, how I long for a challenging\nbattle!\pLike an infant craving its\nmother's milk, [player][.]",,à_traduire,
441a91b49854,scripts/cerulean cave/mewtwo script.rbc,143,@talk8,cp1252,These impulses I was given[.]\pThey make a decade an eternity[.]\pWith no worthy enemies to put my\ndormant powers to bear against.,,à_traduire,
645ab043f28c,scripts/cerulean cave/mewtwo script.rbc,147,@challengeText,cp1252,"On your guard, Trainer!\nGive me your all!",,à_traduire,
2dfb8ed2757c,scripts/cerulean cave/mewtwo script.rbc,151,@runawayText,cp1252,"Mewtwo: No, no, no, [player]!\nThat sort of trickery won't do!\pAgain!\c\h0B[Ke]À",,à_traduire,
58bde53ec065,scripts/cerulean cave/mewtwo script.rbc,154,@talk9,cp1252,"Mewtwo: Hahahahaha[.]\c\h08ó\nHahaha!\pYes[.]\c\h08ó\nYes, that's it.",,à_traduire,
40c23d0fb5f3,scripts/cerulean cave/mewtwo script.rbc,158,@talk10,cp1252,"Ah!\c\h08ó\nVery well, [player].\pYou've humored me better than I\nthought you capable.\pI'll tell you what you want to\nknow.",,à_traduire,
f313e9ec6955,scripts/cerulean cave/mewtwo script.rbc,162,@talk11,cp1252,"The Pokémon my creators seek[.]\pIs the one they call\n""The Catastrophe"".\pAnd Shigeki indeed knows where\nit's hiding.",,à_traduire,
2c6fc832c4cd,scripts/cerulean cave/mewtwo script.rbc,165,@talk12,cp1252,[.]and where is Shigeki hiding?\p[.]\pIn plainer sight than any of his\nformer colleagues would believe.,,à_traduire,
7032355cc7bc,scripts/cerulean cave/mewtwo.rbc,69,@talk,cp1252,"Mewtwo: If you wish to find\n""The Catastrophe"", [player][.]\pGo speak to Shigeki in Viridian\nCity.\pNow leave me to train for my next\nworthy challenger.",,à_traduire,
3af402e8d7d0,scripts/cerulean cave/mewtwo.rbc,73,@talk2,cp1252,"Mewtwo: So you found ""The\nCatastrophe""[.]\pWell done, [player].\nI'm impressed.\pBut I'm not ready to battle you\nagain yet.",,à_traduire,
834611247945,scripts/cerulean cave/mewtwo.rbc,76,@talk3,cp1252,Mewtwo: [.][player].\c\h08ó\nWe meet again.\pYou've come a long way.,,à_traduire,
e329f3c71068,scripts/cerulean cave/mewtwo.rbc,79,@talk4,cp1252,"I thought for sure he would come[.]\c\h08ó\nThat child[.]\pBut now I suppose he never will.\nYou'll do instead, [player].",,à_traduire,
a06c2310ccf6,scripts/cerulean cave/mewtwo.rbc,82,@talk5,cp1252,I've lived a long life inside this\ncave[.]\pPerhaps it's time I finally laid\ndown my guard[.]\pAnd allowed a worthy Trainer to\ntry his hand at catching me.,,à_traduire,
ab72b2c25ee1,scripts/cerulean cave/mewtwo.rbc,85,@talk6,cp1252,"You get one chance, [player].\pBut this time[.]\c\h08ó\nI'm not holding back!\pI'll never accept you as my master\nif you don't put up a fight!",,à_traduire,
dd3e440e32f0,scripts/cerulean cave/mewtwo.rbc,88,@talk7,cp1252,[.]\c\h08ó\nBrace yourself!,,à_traduire,
6f3ce01b1271,scripts/cerulean cave/post-flashback level script.rbc,29,@talk,cp1252,"Yes, he knows where it is[.]\pThat disgusting failed experiment\nof a Pokémon Bill is after.",,à_traduire,
e248e0c42a5b,scripts/cerulean cave/post-flashback level script.rbc,33,@talk2,cp1252,If you truly wish to find it[.]\c\h08ó\nTo capture it at last[.]\pSpeak to Shigeki in Viridian City.\nHe will show you the way.,,à_traduire,
c1067727725e,scripts/cerulean cave/post-flashback level script.rbc,36,@talk3,cp1252,"That's all, [player]!\pLeave me now to train for my next\nworthy challenger.\p[.]\pI will see you again when you've\ngrown much stronger than you are.",,à_traduire,
17be0f91e810,scripts/cerulean city/bike seller.rbc,55,@talk,cp1252,"What in the..?\pDo you think you can just waltz on\nin here and steal yourself one of\lour expertly, painstakingly\lcrafted top-grade Bicycles?",,à_traduire,
278a73d88725,scripts/cerulean city/bike seller.rbc,58,@no1,cp1252,"No? Oh, okay, then.\nCarry on.",,à_traduire,
fc47774230b7,scripts/cerulean city/bike seller.rbc,61,@talk2,cp1252,"Who do you think you are?\p[.]\c\h08ó\nOh, a Rocket, is that it?\pYou think it's cool, do you?\pYou think stealing the fruits of\nother men's labor is cool?\pYou think that gluttonously taking\nwhatever your greedy hands can\lreach, without regard for the\lwell-being or the needs of this\lregion's people, let alone the\lprosperity of its fledgling\leconomy--is COOL?",,à_traduire,
1cf810c26764,scripts/cerulean city/bike seller.rbc,64,@no2,cp1252,"Wha--\c\h08ó no, did you say?\nUm[.] why, that's exactly right.\pNot cool in the slightest.",,à_traduire,
81d58e719a00,scripts/cerulean city/bike seller.rbc,67,@talk3,cp1252,"[.]\c\h08ó\nYou!\pYou are the embodiment of\neverything that is wrong with the\lworld!\pYou, immoral youngsters, walking\naround like you own everything you\lsee, like everything is owed you\lby virtue of your having been\lborn!\pI fought in the war for your sort,\nyou know!\pDoes that give you something\nworthwhile to think about, huh?",,à_traduire,
55c5550f4030,scripts/cerulean city/bike seller.rbc,70,@yes3,cp1252,"Hmm? Yes..? I-it does?\nWahaha! I mean, I bet it does!\pWell, you go on home and you think\nabout that real good, now!",,à_traduire,
67244638ae65,scripts/cerulean city/bike seller.rbc,73,@talk4,cp1252,"Gah!\pImpossible to get to through to\nyou with words, is it?\pWell, f-fine!\nYou asked for it, bandit!\pIf I could defend my region in\nwar, I can defend myself in\lbattle against crooks like you!",,à_traduire,
5c967969396d,scripts/cerulean city/bike seller.rbc,76,@defeat,cp1252,Positively inconceivable!,,à_traduire,
d2e9f2ec2729,scripts/cerulean city/bike seller.rbc,79,@after,cp1252,"[.]\c\h08ó\nWhat has the world come to..?\pDisarmed[.] defeneseless[.]\pAt the hands of some pink-haired,\ncostume-wearing punk[.]\pNo..!\c\h08ó Hey, no! Please don't!\c\h08ó\nI won't allow--\c\h08ó m-my Bicycles..!",,à_traduire,
66a8af704038,scripts/cerulean city/bike seller.rbc,82,@bikeGet,cp1252,[player] stole the Bicycle from the\nBike Shop!,,à_traduire,
311502238ed6,scripts/cerulean city/bike seller.rbc,85,@postStealTalk,cp1252,You[.] fiend..!\nEvil[.] ungrateful[.] vile..!,,à_traduire,
048081ea4c60,scripts/cerulean city/burgled house back door blocker.rbc,23,@talk,utf-8,"Ronnie: [player], what are you\ndoing? You can't go in there now!\pThe other guys are still doing\ntheir thing, and this isn't even\lyour mission!\pSorry about that, man.",,à_traduire,
faee906a8d7a,scripts/cerulean city/burgled house front door blocker.rbc,15,@sign,utf-8,The door is locked[.],,à_traduire,
2ae1aa494fbb,scripts/cerulean city/burgled house level script.rbc,95,@CollectorTalk1,cp1252,"I-I don't even know what happened!\pI was just up on my regular hike\nup on Mt. Moon and I came back\ldown and all my hard-earned TMs\lwere gone!\pAnd here I'd gone and planned all\nyear to teach this here TM Dig to\lsome little Sandshrew or Mankey or\lwhat have you, and now it's all\lgone!",,à_traduire,
b72123fdaece,scripts/cerulean city/burgled house level script.rbc,99,@CollectorTalk2,cp1252,"And then they dug this giant hole\nright through my wall-- I mean,\lthese crooks are Digging their way\linto no good, I say!",,à_traduire,
3e98e39ebc66,scripts/cerulean city/burgled house level script.rbc,102,@fordTalk1,cp1252,Ford: Truly an unnerving tale from\nthis poor homeowner.,,à_traduire,
d7521acf6c2e,scripts/cerulean city/burgled house level script.rbc,105,@fordTalk2,cp1252,"Now, we understand that your\ndaughter here was out playing in\lthe vicinity when this incident\ltook place, and that she in fact\lwas witness to some of the actions\lof the criminals responsible.",,à_traduire,
1dc0ec5155d2,scripts/cerulean city/burgled house level script.rbc,114,@fordTalk3,cp1252,"Now, Miss: Would you mind\nexplaining to us exactly what you\lsaw?",,à_traduire,
fcce026f4f3e,scripts/cerulean city/burgled house level script.rbc,117,@galTalk,cp1252,"Well, you know, I don't know\nexactly if it was the same people,\lbut there was this creepy guy who\ltried to rob me earlier!",,à_traduire,
71187fa79d23,scripts/cerulean city/burgled house level script.rbc,120,@fordTalk4,cp1252,Ford: Truly shocking!,,à_traduire,
7ae33900cc50,scripts/cerulean city/burgled house level script.rbc,123,@galTalk2,cp1252,"Yeah, he was a real funny-looking\nguy-- he had green hair and these\lweird black pajamas.\pHe had me fight him in a Pokémon\nbattle, and after he won he tried\lto steal my Pokémon!\pI wouldn't let him have them,\nthough, so then he just told me\lsomething about me being too old\land then ran off!\pI don't know where he went to\nexactly, but I think I saw him\lwith some other guys wearing the\lsame funky outfit after!\pIt was really weird!",,à_traduire,
90829e8e2c20,scripts/cerulean city/burgled house level script.rbc,126,@fordTalk5,cp1252,"Ford: Now, Mr. Officer, I'm led to\nunderstand that, with the aid of\lthis young lady's description, the\lKanto police department has\lgotten rather a good idea of who\lmight be behind this crime?",,à_traduire,
9f89ab845a39,scripts/cerulean city/burgled house level script.rbc,130,@copTalk1,cp1252,That's correct.\pThe variation in footprints as\nwell as the speed with which the\loperation was carried out make it\lclear that the burglary was\lcarried out by a larger group\lworking together.,,à_traduire,
1ca3acc78681,scripts/cerulean city/burgled house level script.rbc,133,@copTalk2,cp1252,"Furthermore, the uniforms\ndescribed by the witness leave\llittle doubt in our investigators'\lminds--\c\h08ó Team Rocket must be behind\lthis most heinous crime!",,à_traduire,
e3e4d54a57a4,scripts/cerulean city/burgled house level script.rbc,144,@fordTalk6,cp1252,"Ford: You heard it here first,\nviewers!\pThe Kanto police department\nbelieves, in other words, that\lthis burglary was an act of\lorganized crime by the notorious\lanti-government organization\lTeam Rocket!",,à_traduire,
1df658f13c8a,scripts/cerulean city/burgled house level script.rbc,151,@fordTalk7,cp1252,"Positively nerve-wracking!\pTo think that these wretched\ncriminals are currently on the\lloose, roaming the streets!\pViewers are advised to guard their\nhomes and their Pokémon!",,à_traduire,
cacb34962c3d,scripts/cerulean city/cave blocker.rbc,29,@talk,cp1252,"This is Cerulean Cave.\pNobody enters without permission\nfrom the Pokémon Champion!\p[.]\pYeah, what..?\pLook, I don't care what fairy-\ntales you heard about what's\linside of here!\pRules are rules, buddy!",,à_traduire,
f8c1692194f8,scripts/cerulean city/cave blocker.rbc,32,@talk2,cp1252,"H-hey!\nI said keep out, punk!",,à_traduire,
2cba3ccaa964,scripts/cerulean city/cave blocker.rbc,35,@defeat,cp1252,You'll regret this!,,à_traduire,
cdfa2c0c980e,scripts/cerulean city/cave blocker.rbc,39,@talk3,cp1252,"[.]\pThey stationed me here for your\nown safety, you know!\pIf the thing in there chews you up\nand spits you out, that's on you!",,à_traduire,
7f6ed6309b0a,scripts/cerulean city/generic dialogue/badge gentleman.rbc,11,@talk,utf-8,Only Trainers with an official\nlicense can collect Gym Badges.\pBums like you who battle without\none should be thrown in jail!,,à_traduire,
a458be342a8e,scripts/cerulean city/generic dialogue/berry man.rbc,11,@talk,utf-8,I concoct a variety of medicine\nfrom Berry Powder.\pIt's too bad you don't have any\nfriends to crush berries with!,,à_traduire,
dc9148ef0f71,scripts/cerulean city/generic dialogue/bike lady.rbc,11,@talk,utf-8,"Every time I try to ride my bike\nindoors, it's as if there's this\lvoice that goes off in my head,\lcompelling me to stop.\pIt's pretty weird.\nI hope I'm not going crazy.",,à_traduire,
065dc912cb77,scripts/cerulean city/generic dialogue/day-care bald man.rbc,11,@talk,cp1252,"My Pokémon seemed really tired\nafter coming back from the Day-\lCare Center.\pThat ungrateful little thing[.]\nIt cost me a lot of money, too!",,à_traduire,
ec6531445646,scripts/cerulean city/generic dialogue/let foreshadower.rbc,11,@talk,utf-8,I saw this weird sailor guy\nrunning around chopping down trees\learlier.\pIt was a strangely[.] beautiful\nsight[.],,à_traduire,
509dd7c9c3e7,scripts/cerulean city/generic dialogue/no scores.rbc,8,@sign,utf-8,THERE ARE NO HIGH SCORES.,,à_traduire,
ad9ae77e134e,scripts/cerulean city/generic dialogue/oak foreshadower.rbc,11,@talk,utf-8,Have you ever heard of Prof. Oak?\pMy dad told me he was a powerful\nTrainer once[.],,à_traduire,
8a50f147f3aa,scripts/cerulean city/generic dialogue/old lady.rbc,4,@talk,cp1252,"My goodness!\nYou're one of those evil Rockets!\p[.]\pWell, if you've stolen any good\nPokémon, would you mind trading\lthem with my husband here?\pIt's one of the few things he\nstill finds any joy in doing.",,à_traduire,
be3c584cf8ad,scripts/cerulean city/generic dialogue/queen reference.rbc,11,@talk,utf-8,"I want to ride my Bicycle, I want\nto ride my biiiike!\pI want to ride my BICYCLE, I want\nto ride it where I liiiiiike!",,à_traduire,
60f2388af6bf,scripts/cerulean city/generic dialogue/racist..rbc,4,@talk,utf-8,"What's the matter, son?\nYou racist?",,à_traduire,
a1328dc649be,scripts/cerulean city/generic dialogue/ug path foreshadower.rbc,11,@talk,utf-8,My parents keep telling me I'm not\nallowed to go through the\lUnderground Path.\pBut they just won't tell me why[.],,à_traduire,
4697b1482f3f,scripts/cerulean city/grunt 1.rbc,12,@talk,utf-8,"Man, that is one TM collection, I\nhave to say.\pIt sure is a fine day to be a\ncriminal!",,à_traduire,
54ab439fcf8c,scripts/cerulean city/grunt 2.rbc,11,@talk,utf-8,"Everything appears to be going\naccording to plan[.]\pThe owner is still away, and\nnobody has seen us--\pOh, goodness! Who's this little\npink-haired creep?!\p[.]\pOh, you're just another grunt.\nGeez, don't scare me like that.",,à_traduire,
96cba0f65e24,scripts/cerulean city/gym blocker v2 (script tile).rbc,62,@talk,cp1252,"Yo!\nChamp in the making!\pThe Leader, Misty, is a pro who\nuses Water-type Pokémo--",,à_traduire,
b29f31e800e9,scripts/cerulean city/gym blocker v2 (script tile).rbc,73,@talk2,cp1252,"[.]hey!\c\h08ó\nWhat's that you're wearing?\pCould I see your Trainer Card,\nplease?\p[.]",,à_traduire,
a20e6cf8cd15,scripts/cerulean city/gym blocker v2 (script tile).rbc,76,@allowEntryTalk,cp1252,"Oh[.]\c\h08ó\n(Wow, I wasn't expecting that[.])\p(It looks so real[.]\c\h08ó Even has\nthe hologram and everything[.])\p[.]\pEr-hem! Excuse me, Mr. Smith.\nI don't know what came over me.\pCome right in!\pSabrina is eagerly awaiting your\nchallenge.",,à_traduire,
7a9f1430bba9,scripts/cerulean city/gym blocker v2 (script tile).rbc,80,@talk2No,cp1252,"Hmm?\c\h08ó No?\c\h08ó\nThat's just as I thought!\pThe nerve[.]\c\h08ó This Gym is not for\nbums and petty thugs, you hear?\pGet out!\pAnd don't come back unless it's\nwith an official Training license!",,à_traduire,
bee47e22a2b9,scripts/cerulean city/gym blocker v2 (script tile).rbc,83,@talk3,cp1252,"This Gym is not for bums and petty\nthugs, you hear?\pGet out!\pAnd don't come back unless it's\nwith an official Training license!",,à_traduire,
e17034756142,scripts/cerulean city/gym blocker.rbc,52,@talk,cp1252,"Yo!\nChamp in the making!\pThe Leader, Misty, is a pro who\nuses Water-type Pokémo--",,à_traduire,
ce7b700ab06b,scripts/cerulean city/gym blocker.rbc,63,@talk2,cp1252,"[.]hey!\c\h08ó\nWhat's that you're wearing?\pCould I see your Trainer Card,\nplease?\p[.]",,à_traduire,
7ea09c49a679,scripts/cerulean city/gym blocker.rbc,66,@allowEntryTalk,cp1252,"Oh[.]\c\h08ó\n(Wow, I wasn't expecting that[.])\p(It looks so real[.]\c\h08ó Even has\nthe hologram and everything[.])\p[.]\pEr-hem! Excuse me, Mr. Smith.\nI don't know what came over me.\pCome right in!\pMisty is eagerly awaiting your\nchallenge.",,à_traduire,
39d98edbdee8,scripts/cerulean city/gym blocker.rbc,70,@talk2No,cp1252,"Hmm?\c\h08ó No?\c\h08ó\nThat's just as I thought!\pThe nerve[.]\c\h08ó This Gym is not for\nbums and petty thugs, you hear?\pGet out!\pAnd don't come back unless it's\nwith an official Training license!",,à_traduire,
cd790199a4b2,scripts/cerulean city/gym blocker.rbc,73,@talk3,cp1252,"This Gym is not for bums and petty\nthugs, you hear?\pGet out!\pAnd don't come back unless it's\nwith an official Training license!",,à_traduire,
0e146f28ed4c,scripts/cerulean city/gym plaque.rbc,24,@sign1,cp1252,Cerulean Pokémon Gym\nLeader: Misty\pWinning Trainers:\nBlue,,à_traduire,
a47dc21e3688,scripts/cerulean city/gym plaque.rbc,27,@sign2,cp1252,"Cerulean Pokémon Gym\nLeader: Misty\pWinning Trainers:\nBlue, Red",,à_traduire,
bdf163a377ee,scripts/cerulean city/gym plaque.rbc,30,@sign3,cp1252,"Cerulean Pokémon Gym\nLeader: Misty\pWinning Trainers:\nBlue, Red, Mohammed Smith",,à_traduire,
c51b9c5e78b8,scripts/cerulean city/misty edited text.rbc,4,@text,cp1252,"The Cascadebadge gets you one step\ncloser to the Pokémon League!\p[.]And surely that's where you\naspire to go, Trainer?\pYou can also have my favorite TM.",,à_traduire,
a4aba1f2cd1d,scripts/cerulean city/misty.rbc,35,@stolenText,utf-8,"Eeek!\pHow dare you rob me when I'm\ndressed in nothing but a bikini?!\pThis[.] really isn't that kind of\nGym, you know!\p[.]\pThe nerve!\nI'll report you at once!\pJust take this crummy TM.\nSee if I care.",,à_traduire,
4276e096dce6,scripts/cerulean city/police blocker v2.rbc,22,@talk,cp1252,"Ronnie's words echoed:\p""Dude, what the hell are you\nthinking?\pDon't let the cops catch us!\nGet away from there!""",,à_traduire,
01225345bf9a,scripts/cerulean city/police blocker v2.rbc,26,@talk2,cp1252,"Archer's words echoed:\p""You still get to be Pokémon\ngangsters, just don't be stupid\labout it, all right?""",,à_traduire,
feebef9a7639,scripts/cerulean city/police blocker.rbc,13,@talk,utf-8,"Ronnie's words echoed:\pDude, what the hell are you\nthinking?\pDon't let the cops catch us!\nGet away from there!",,à_traduire,
685e42f7d010,scripts/cerulean city/policeman.rbc,368,@1stTalk,cp1252,"Well, well, well!\pIf it isn't one of you Rockets\nI've heard so much about!\pI am a special officer, sent by\nLance to bring you to justice!\p[.]\pWha--\c\h08ó [.]no, I won't be arresting\nyou; those aren't my orders.\pI am here to ""facilitate your\nrehabilitation""!\pI have a shiny new TM36 Sludge\nBomb right here, that can become\lyours so long as you keep your\lcriminal record clean long enough!",,à_traduire,
640aff0ea993,scripts/cerulean city/policeman.rbc,372,@1stTalk2,cp1252,"Now, then[.]\nWhat's your name, scoundrel?\p[.]\c\h08ó\n[player]?\pWell, let me check my registry\nhere for a second[.]",,à_traduire,
1a44625a3f96,scripts/cerulean city/policeman.rbc,376,@preItemTalk,cp1252,"My, my, what have we here?\nA Rocket bandit in the flesh!\pI'm to give you this TM36 Sludge\nBomb if you keep your record clean\lfor long enough, so keep it cool!\p[player], is it?\c\h08ó\nWell, let me see here[.]",,à_traduire,
fced1ed06430,scripts/cerulean city/policeman.rbc,380,@postItemTalk,cp1252,"My, my, what have we here?\nA Rocket bandit in the flesh!\p[player], is it?\c\h08ó\nWell, let me see here[.]",,à_traduire,
21e8720c6281,scripts/cerulean city/policeman.rbc,391,@vBadTalk,cp1252,"My goodness!\c\h08ó Y-you're one of the\nmost infamous criminals in Kanto!\pThe price on your head is a\nwhooping [$][buffer1],000!\pGrr[.] what could you possibly want\nwith me, you filthy outlaw?!\pIt will take a lot more than a\ncouple of Pokémon trades to atone\lfor your sins, I'll tell you!",,à_traduire,
54c7dec7acaf,scripts/cerulean city/policeman.rbc,395,@vBadText,cp1252,[blue_fr][.]well?,,à_traduire,
918642055be9,scripts/cerulean city/policeman.rbc,399,@pBadTalk,cp1252,"Oh, my!\nYou're quite the villain!\pThe bounty on your head stands at\n[$][buffer1],000!\pThat's nothing to joke about, son.\pUnless you plan to spend the rest\nof your days in jail, I suggest\lyou change your ways soon, before\lit's all too late!",,à_traduire,
c00bcfbd1b62,scripts/cerulean city/policeman.rbc,403,@pBadText,cp1252,[blue_fr]How can I help you t[blue_fr]urn things\n[blue_fr]around?,,à_traduire,
216dba04b2be,scripts/cerulean city/policeman.rbc,407,@mBadTalk,cp1252,"Hm[.] Well, I've seen worse in my\ndays, but you're on a dangerous\lpath, Rocket!\pThe bounty on your head stands at\n[$][buffer1],000.\pCome back into the light while you\nstill can!",,à_traduire,
09461baf5ee8,scripts/cerulean city/policeman.rbc,411,@mBadText,cp1252,[blue_fr]What can I help you [blue_fr]with?,,à_traduire,
462332ab773a,scripts/cerulean city/policeman.rbc,414,@nBadTalk,cp1252,"Well, you're not so bad, are you?\pThe bounty on your head is a mere\n[$][buffer1],000.\pOh, a few slip-ups here and there\nhappen to the best of us, right?\pI'm glad you came to me to set\nthings straight again[.]\c\h08ó right?",,à_traduire,
3f5cc9ea2636,scripts/cerulean city/policeman.rbc,419,@nBadText,cp1252,"[blue_fr]What can I do for yo[blue_fr]u, son?",,à_traduire,
073a7834d768,scripts/cerulean city/policeman.rbc,423,@iTalk,cp1252,"Oh, wow! What's this? There's no\nbounty on your head at all!\pThat's what I like to see.\pThe moral road is a narrow one,\nbut you walk it all the same!",,à_traduire,
863931c5e3f8,scripts/cerulean city/policeman.rbc,426,@itemTalk,cp1252,"I like you, son.\pHere is a token of appreciation\nfrom the government for embracing\lyour new life as a law-abiding\lcitizen!",,à_traduire,
e371d5624c12,scripts/cerulean city/policeman.rbc,430,@notYetItem,cp1252,"Keep up this behavior, and this TM\nwill be all yours before long.",,à_traduire,
22c765c2a13f,scripts/cerulean city/policeman.rbc,435,@noRoomTalk,cp1252,"Why, but you've no space left for\nit, do you? Make some room!",,à_traduire,
58433aa12fcf,scripts/cerulean city/policeman.rbc,438,@itemMsg,cp1252,[player] received TM36 from the\npoliceman!,,à_traduire,
e6310e8ce8a8,scripts/cerulean city/policeman.rbc,443,@putAway,cp1252,[player] put TM36 in the TM Case.,,à_traduire,
638eb7af31af,scripts/cerulean city/policeman.rbc,449,@itemAlreadyGot,cp1252,"Go seek out the officers in the\nother cities, son.\pIf you keep up your good behavior,\nthey'll reward you as I have!",,à_traduire,
0fcd738f70d4,scripts/cerulean city/policeman.rbc,453,@1pokeMsg,cp1252,But[.] surely you can't turn in\nyour only Pokémon?\pThat would cause all sorts of\nweird question marks and humbug.\pI'm not having it!,,à_traduire,
0befbb23cbb2,scripts/cerulean city/policeman.rbc,457,@handInTalk,cp1252,"Fair enough!\pYou hand in one of your stolen\nPokémon to me, and we agree to\llower the bounty on your head in\lproportion to the Pokémon's level.",,à_traduire,
2d4d33da7073,scripts/cerulean city/policeman.rbc,460,@handInTalk1.5,cp1252,"The bounty on you is [$][buffer1],000.\nWhich Pokémon will you hand in?",,à_traduire,
9b45ea18758a,scripts/cerulean city/policeman.rbc,465,@handInTalk2,cp1252,"Fine. I'll lower your bounty by\n[$][buffer1],000 for this [buffer2].",,à_traduire,
02cc82509093,scripts/cerulean city/policeman.rbc,468,@pkmnDeleted,cp1252,[player] turned [buffer2] in to the\npoliceman.,,à_traduire,
f87a837753a2,scripts/cerulean city/policeman.rbc,472,@postDeletion,cp1252,"You made the right choice, Rocket.\nCongratulations.\pYour bounty has now been lowered\nto [$][buffer1],000.\pKeep it up and you'll be a free\nman in no time at all!",,à_traduire,
8770ccdf455e,scripts/cerulean city/policeman.rbc,476,@noMoreBounty,cp1252,"Well, I'll be!\nYou did the right thing, Rocket.\pYour bounty has now been\ncompletely wiped.\pIt touches me to see that I could\nhelp you become a free man again!",,à_traduire,
8ce97f80445b,scripts/cerulean city/policeman.rbc,480,@bribeTalk,cp1252,"What's that?\c\h08ó\nMy god! The idea!\pI am unwavering in my adherence to\nmy moral principles, I assure you!\p[.]\c\h08ó\n(Shh[.] not so loud, now.)",,à_traduire,
8ad956aa4b77,scripts/cerulean city/policeman.rbc,483,@howMuch,cp1252,"(How much are we talking?)\n(The bounty is [blue_fr]at [$][buffer1],000[blue_fr].)",,à_traduire,
9ca7c7531304,scripts/cerulean city/policeman.rbc,487,@noMoneyTalk,cp1252,"Gah!\p(Come back when you actually have\nthe money, and we'll talk!)",,à_traduire,
eb59bafe38f1,scripts/cerulean city/policeman.rbc,491,@postBribeTalk,cp1252,"Mmmm!\pWell, in times like these[.]\nwhat can you do..?\p(Your bounty has been lowered to\n[$][buffer1],000, all right?)\p(But remember, son-- I sure as\nheck didn't do it!)",,à_traduire,
d10c6f4670f6,scripts/cerulean city/policeman.rbc,495,@postBribeTalk2,cp1252,"Mmmm!\pWell, in times like these[.]\nwhat can you do..?\p(The bounty on your head has now\nbeen completely wiped.)\p(But I know nothing about it,\nyou hear me?)",,à_traduire,
b55e3e42fca2,scripts/cerulean city/policeman.rbc,499,@goodBye,cp1252,"No? Well, have it your way.\nGood day, Rocket.",,à_traduire,
cff530bfbf1b,scripts/cerulean city/policeman.rbc,502,@missingnoTalk,cp1252,"What in Arceus's name is that\nPokémon..?!\pI don't know where you got that\nfrom, but I'll want nothing to do\lwith it!\pHand in a normal Pokémon, won't\nyou?!",,à_traduire,
fc60aa24288c,scripts/cerulean city/ronnie police scene v2 (left).rbc,79,@ronTalk,cp1252,"Ronnie: Hey, [player], I was just\nlooking for you!\pDude. That was the most badass\nburglary I have EVER seen, no\lquestion.\pWell[.] you know, it was the only\nburglary I've ever seen so far,\lbut you get idea: RAD.\pWe just kind of dug our way in\nthere and SCHWOOP! No more TM\lfor you, old man!\pHaha! [.]Oh lord, you should've\nbeen there, [player].",,à_traduire,
844be931ac61,scripts/cerulean city/ronnie police scene v2 (left).rbc,83,@ronTalk2,cp1252,"So[.] anyway, what have you been\nup to?\p[.]\pHuh, what?\pYou maybe fought the spiky-haired\nkid from Mt. Moon just now?\pDude, what have you been smoking?\p[.]\pHmm[.] no, really?\nWell then, go figure!\pSee, I told you that kid\nwas probably nothing but a wimpy\ltwerp, didn't I?\pWell, good thing we got that\nsettled, eh?\pI only wish I could have been\nthere to whoop his ass too,\lthough, you know?",,à_traduire,
022e467b8dd2,scripts/cerulean city/ronnie police scene v2 (left).rbc,87,@ronTalk3,cp1252,"Anyway, enough chit-chat.\pWe probably want to head back to\nthe hideout now.\pThe others should be back there\nby now-- I just stuck around\lback to see if you'd finished with\lyour other mission yet.\pWell, we've sure done ourselves a\ngood dishonest day's work, haven't\lwe, [player]?\pArcher will have reason to be\nproud! Let's get going!",,à_traduire,
ad5b1319b9f8,scripts/cerulean city/ronnie police scene v2 (left).rbc,122,@ronYell,cp1252,"HOLY MOTHER OF MEW!\pRun, [player]-- run!",,à_traduire,
821f509a59d1,scripts/cerulean city/ronnie police scene v2 (left).rbc,230,@ronTalk4,cp1252,"(Pant),\c\h08ó (Pant)\c\h08ó\nPhew!\pWhat in Giratina's bloody--\n\c\h08óThe cops! How did they find us?!\pGeez, [player], what is going on?\pH-how could this happen? I swear,\nI did everything right!",,à_traduire,
82a2ac9423d9,scripts/cerulean city/ronnie police scene v2 (left).rbc,233,@ronTalk5,cp1252,"Do you think they saw us? Naw, we\ngot away in time, didn't we..?\pOh man[.] We have to get back to\nthe hideout RIGHT NOW, [player]--\lno time for messing about!",,à_traduire,
48b55b1f49bd,scripts/cerulean city/ronnie police scene v3 (right).rbc,79,@ronTalk,cp1252,"Ronnie: Hey, [player], I was just\nlooking for you!\pDude. That was the most badass\nburglary I have EVER seen, no\lquestion.\pWell[.] you know, it was the only\nburglary I've ever seen so far,\lbut you get idea: RAD.\pWe just kind of dug our way in\nthere and SCHWOOP! No more TM\lfor you, old man!\pHaha! [.]Oh lord, you should've\nbeen there, [player].",,à_traduire,
b1d1d1351556,scripts/cerulean city/ronnie police scene v3 (right).rbc,83,@ronTalk2,cp1252,"So[.] anyway, what have you been\nup to?\p[.]\pHuh, what?\pYou maybe fought the spiky-haired\nkid from Mt. Moon just now?\pDude, what have you been smoking?\p[.]\pHmm[.] no, really?\nWell then, go figure!\pSee, I told you that kid\nwas probably nothing but a wimpy\ltwerp, didn't I?\pWell, good thing we got that\nsettled, eh?\pI only wish I could have been\nthere to whoop his ass too,\lthough, you know?",,à_traduire,
284bd8ea105c,scripts/cerulean city/ronnie police scene v3 (right).rbc,87,@ronTalk3,cp1252,"Anyway, enough chit-chat.\pWe probably want to head back to\nthe hideout now.\pThe others should be back there\nby now-- I just stuck around\lback to see if you'd finished with\lyour other mission yet.\pWell, we've sure done ourselves a\ngood dishonest day's work, haven't\lwe, [player]?\pArcher will have reason to be\nproud! Let's get going!",,à_traduire,
8cd1488b8916,scripts/cerulean city/ronnie police scene v3 (right).rbc,122,@ronYell,cp1252,"HOLY MOTHER OF MEW!\pRun, [player]-- run!",,à_traduire,
3ff3dd39a404,scripts/cerulean city/ronnie police scene v3 (right).rbc,230,@ronTalk4,cp1252,"(Pant),\c\h08ó (Pant)\c\h08ó\nPhew!\pWhat in Giratina's bloody--\n\c\h08óThe cops! How did they find us?!\pGeez, [player], what is going on?\pH-how could this happen? I swear,\nI did everything right!",,à_traduire,
cd99b0f1a656,scripts/cerulean city/ronnie police scene v3 (right).rbc,233,@ronTalk5,cp1252,"Do you think they saw us? Naw, we\ngot away in time, didn't we..?\pOh man[.] We have to get back to\nthe hideout RIGHT NOW, [player]--\lno time for messing about!",,à_traduire,
e6f99f673a71,scripts/cerulean city/ronnie police scene.rbc,141,@ronTalk,cp1252,"Ronnie: Hey, [player], I was just\nlooking for you!\pDude. That was the most badass\nburglary I have EVER seen, no\lquestion.\pWell[.] you know, it was the only\nburglary I've ever seen so far,\lbut you get idea: RAD.\pWe just kind of dug our way in\nthere and SCHWOOP! No more TM\lfor you, old man!\pHaha! [.]Oh lord, you should've\nbeen there, [player].",,à_traduire,
6cf9f2ba4d7f,scripts/cerulean city/ronnie police scene.rbc,145,@ronTalk2,cp1252,"So[.] anyway, what have you been\nup to?\p[.]\pHuh, what?\pYou maybe fought the spiky-haired\nkid from Mt. Moon just now?\pDude, what have you been smoking?\p[.]\pHmm[.] no, really?\nWell then, go figure!\pSee, I told you that kid\nwas probably nothing but a wimpy\ltwerp, didn't I?\pWell, good thing we got that\nsettled, eh?\pI only wish I could have been\nthere to whoop his ass too,\lthough, you know?",,à_traduire,
da4019fe683c,scripts/cerulean city/ronnie police scene.rbc,149,@ronTalk3,cp1252,"Anyway, enough chit-chat.\pWe probably want to head back to\nthe hideout now.\pThe others should be back there\nby now-- I just stuck around\lback to see if you'd finished with\lyour other mission yet.\pWell, we've sure done ourselves a\ngood dishonest day's work, haven't\lwe, [player]?\pArcher will have reason to be\nproud! Let's get going!",,à_traduire,
c56b0a5d7635,scripts/cerulean city/ronnie police scene.rbc,182,@ronYell,cp1252,"HOLY MOTHER OF MEW!\pRun, [player]-- run!",,à_traduire,
04890f11dd12,scripts/cerulean city/ronnie police scene.rbc,290,@ronTalk4,cp1252,"(Pant),\c\h08ó (Pant)\c\h08ó\nPhew!\pWhat in Giratina's bloody--\n\c\h08óThe cops! How did they find us?!\pGeez, [player], what is going on?\pH-how could this happen? I swear,\nI did everything right!",,à_traduire,
3c1298f852ab,scripts/cerulean city/ronnie police scene.rbc,293,@ronTalk5,cp1252,"Do you think they saw us? Naw, we\ngot away in time, didn't we..?\pOh man[.] We have to get back to\nthe hideout RIGHT NOW, [player]--\lno time for messing about!",,à_traduire,
b273d2088359,scripts/cerulean city/ronnie police scene.rbc,309,@b4BlueTalk,cp1252,"Ronnie: Oh, [player]!\pYou came to see a master burglar\nin action, did you?\pWell, look no further!\pWe are just about wrapping up, and\nI'm keeping watch to make sure\lwe're not spotted.\pSo if you see any nosy-looking\npeople nosing around, give me a\lshout!\pHaha, [player], this is the life.",,à_traduire,
e68970007055,scripts/cheat.rbc,20,@talk,utf-8,I HAVE GIFT FO U BIG BOI,,à_traduire,
3e422a925830,scripts/cinnabar island/Pager and missingno level script.rbc,256,@msg,cp1252,The Rocket Pager is beeping!\c\h08ó\c\h08ó\nBetter report to HQ in Celadon!\c\h08ó,,à_traduire,
c7b564c6ffbf,scripts/cinnabar island/Pager and missingno level script.rbc,259,@billTalk1,cp1252,"Terrific, terrific, [player]!\c\h08ó\nI knew we could count on you!",,à_traduire,
6f3542d6b215,scripts/cinnabar island/Pager and missingno level script.rbc,262,@billTalk2,cp1252,Bill: Oh ho ho!\c\h08ó\nThat MissingNo.!\pTo think it was actually right\nhere all along[.]\pTruly terrific..!,,à_traduire,
8cd674f39957,scripts/cinnabar island/Pager and missingno level script.rbc,265,@fujiTalk1,cp1252,"Fuji: Now!\c\h08ó Have we played with our\nlives long enough, you juveniles?",,à_traduire,
3519297685df,scripts/cinnabar island/Pager and missingno level script.rbc,268,@fujiTalk2,cp1252,"[.]\c\h08ó\nGod..!\pWhen I saw the island change shape\nearlier, I thought for sure we\lwere all done for[.]",,à_traduire,
c099ec50ba98,scripts/cinnabar island/Pager and missingno level script.rbc,271,@fujiTalk3,cp1252,"Now let's end this madness and\nhave that beast destroyed once and\lfor all, eh?",,à_traduire,
618300220755,scripts/cinnabar island/Pager and missingno level script.rbc,274,@billTalk3,cp1252,"Bill: You're off your rocker, old\nman. What a waste that would be!\pWhy, just imagine the power that\nlies in [player]'s hands right now!",,à_traduire,
b7d87003c9e2,scripts/cinnabar island/Pager and missingno level script.rbc,277,@billTalk4,cp1252,"He could dominate his way to the\ntop of Team Rocket[.]\pHe'd have a chance against the\nElite Four, even!\pWho in the world can stop us now?!\c\h08ó\nHahahaha!",,à_traduire,
c5d2c0861141,scripts/cinnabar island/Pager and missingno level script.rbc,280,@billTalk5,cp1252,It's a shame Blaine had to go to\nhis Gym to face some challenger.\pJust wait till he sees this..!,,à_traduire,
1dcd695cffde,scripts/cinnabar island/Pager and missingno level script.rbc,283,@fujiTalk4,cp1252,"Fuji: That's enough of that!\pIf all of you are going to keep\nthat beast around, I'll stay as\lfar away as I can!\pI'm done with you all, and you\nnever saw me come here!\p[.]\c\h08ó\nGod[.]",,à_traduire,
7d8fab9eb004,scripts/cinnabar island/Pager and missingno level script.rbc,286,@fujiTalk5,cp1252,"You say you have no care for\npolitics, Bill[.]\pBut you're as rotten as the rest\nof them!",,à_traduire,
87e8302e4c38,scripts/cinnabar island/Pager and missingno level script.rbc,289,@billTalk6,cp1252,"Bill: Oh Fuji[.]\nWhen did you grow so naive?\pYou were such a bold, sharp\nscientist once[.]",,à_traduire,
809ed6d6407e,scripts/cinnabar island/Pager and missingno level script.rbc,292,@billTalk7,cp1252,"Team Rocket, the Elite Four[.]\pDon't you realize there are bigger\npowers at play here..?",,à_traduire,
2aa57e6cd6eb,scripts/cinnabar island/Pager and missingno level script.rbc,295,@blueTalk1,cp1252,"Blue: Say, what's all this\ncommotion?",,à_traduire,
b3e14099c34a,scripts/cinnabar island/Pager and missingno level script.rbc,298,@blueTalk2,cp1252,"Hey!\c\h08ó You're that Rocket from the\nPokémon Tower! My, you've changed[.]",,à_traduire,
480480c5d814,scripts/cinnabar island/Pager and missingno level script.rbc,301,@blueTalk3,cp1252,"Blue: I just heard all these\nstrange sounds coming from outside.\pSee, I was busy wiping the floor\nwith the old Gym Leader here.\pI thought for sure it must have\nbeen some legendary Pokémon or\lother, so I rushed to come see[.]",,à_traduire,
7e49d43481cc,scripts/cinnabar island/Pager and missingno level script.rbc,304,@blueTalk4,cp1252,"[.]\c\h08ó\nSay what?\pYou[.]\c\h08ó you captured it, Rocket?\c\h08ó\nThat's too bad for me, then.\p[.]\pCould you[.]\c\h08ó show me what it looks\nlike, at least?",,à_traduire,
282974469e14,scripts/cinnabar island/Pager and missingno level script.rbc,307,@blueTalk5,cp1252,No[.]\c\h08ó\nIt can't be..!\pI've seen that Pokémon before[.]\c\h08ó\nBut that was a long time ago[.],,à_traduire,
f10bf6953553,scripts/cinnabar island/Pager and missingno level script.rbc,310,@blaineTalk1,cp1252,Blaine: You?!\c\h08ó\nYou've seen a MissingNo.?\pThat's impossible..!,,à_traduire,
627ceab7a9ce,scripts/cinnabar island/Pager and missingno level script.rbc,313,@billTalk8,cp1252,"Bill: Where? Where did you see it?\nSpeak up, kid!",,à_traduire,
f34ba19033e5,scripts/cinnabar island/Pager and missingno level script.rbc,316,@blueTalk6,cp1252,"Blue: Oh geez[.]\c\h08ó I don't remember\nit very clearly, I was just a kid.\pI was in the large basement area\nunder grandpa's Lab, where he was\ldoing all these experiments[.]\pOf all the strange Pokémon I saw[.]\c\h08ó\nI remember that one-- freaky[.]",,à_traduire,
009e4287154f,scripts/cinnabar island/Pager and missingno level script.rbc,319,@blaineTalk2,cp1252,"Blaine: What basement area..?!\pIn all my years collaborating with\nProfessor Oak in his research[.]\pI never heard about this section\nof his lab!\pCould it be..?\pThe[.]\c\h08ó the ""secret lab"" he talked\nabout all those years ago..?",,à_traduire,
d45d1339667e,scripts/cinnabar island/Pager and missingno level script.rbc,322,@blueTalk7,cp1252,"Blue: Well, gee, I don't know\nanything about this stuff.\pCome to think of it, I haven't\nbeen down there in many years.",,à_traduire,
390ac147ee91,scripts/cinnabar island/Pager and missingno level script.rbc,325,@blueTalk8,cp1252,Grandpa used to never leave that\nplace when I was a little kid[.]\pI think he used to press a button\non his bookshelf and the way to\lthe basement would open up[.],,à_traduire,
9d83d9cf368e,scripts/cinnabar island/Pager and missingno level script.rbc,328,@blueTalk9,cp1252,"Say, is there something dodgy\ngoing on here I should know about?",,à_traduire,
49408c542f0b,scripts/cinnabar island/Pager and missingno level script.rbc,331,@billTalk9,cp1252,"Bill: That's it, there's no\nquestion.\pOh, why didn't you say all this\nearlier, you stupid kid..!",,à_traduire,
94df5070b8bd,scripts/cinnabar island/Pager and missingno level script.rbc,334,@billTalk10,cp1252,"We need to go to Oak's Lab in\nPallet Town, post-haste.\pThis could be the key to\neverything..!",,à_traduire,
ecf6114b45bb,scripts/cinnabar island/Pager and missingno level script.rbc,337,@billTalk11,cp1252,"[player]!\nYou lead the way!\pUntil we've got something real to\npin on Oak, we'll have to rely on\lsome petty burglary.\pHeal up if you like, but get moving!\nTo Pallet Town!",,à_traduire,
ee88a80e8ff1,scripts/cinnabar island/bill.rbc,34,@talk,utf-8,"Bill: There you are, [player].\pCome on, no time to waste!\nThey're waiting inside!",,à_traduire,
8b9bfe9cc509,scripts/cinnabar island/bill.rbc,37,@talk2,utf-8,"Bill: Come on, [player]!\nGo on to Oak's lab in Pallet Town!\pI don't care if the door is bolted\nshut, we've got to break in!\pThey must have taught you how to\ndeal with something like that in\lTeam Rocket, didn't they?",,à_traduire,
b3e24b3c5aba,scripts/cinnabar island/blaine (outside).rbc,11,@talk,utf-8,"Blaine: My God[.]\nThis hidden lab of Oak's[.]\pCould it have been right under our\nnoses all this time..?\pYou've got to go investigate,\n[player]!",,à_traduire,
23eb07e168c0,scripts/cinnabar island/blue.rbc,11,@talk,utf-8,"Blue: Boy, I sure hope I didn't\nsay anything I wasn't supposed to,\ldid I, Rocket?\pBut it's all true!\pGrandpa used to press a button\nby the bookshelves in his Lab to\lget down to the basement.\pNot sure what you'd find there now.\nIt was kind of a scary place.",,à_traduire,
98f84a37b218,scripts/cinnabar island/glitched up/gym sign.rbc,8,@sign,utf-8,zis iss en gymmmm\ntrainn an be srtong,,à_traduire,
7fc70a52eee1,scripts/cinnabar island/glitched up/island sign.rbc,8,@sign,utf-8,sinabar aylelan\nbootiful place !!!!!!!!!!,,à_traduire,
1dc3ddf5f145,scripts/cinnabar island/glitched up/lab sign.rbc,8,@sign,utf-8,pokeyman laboratoriforium,,à_traduire,
8f8d1dd5693b,scripts/cinnabar island/glitched up/missingno encounter.rbc,94,@colonelsalt,cp1252,"colonelsalt's note: [.]\c\h08ó\nCongratulations, you bastard.\pYou tossed away your only Master\nBall? Fat lot of good that did!\p[.]\nWell[.]\pIf you thought you could stop the\nplot from moving forward with your\labsurd behavior, think again!\pI'm giving you another one right\nnow, but I've got my eye on you.\pBe a good little player now like\neveryone else. Peace out.",,à_traduire,
46e7dd2c771d,scripts/cinnabar island/glitched up/missingno encounter.rbc,97,@colonelsalt2,cp1252,"colonelsalt: [.]\c\h08ó\nYou're really milking this, huh?\pWell, have it your way, chum.\pWhat's a MissingNo. encounter\nwithout an item cloning glitch..?",,à_traduire,
bffbd65b7f97,scripts/cinnabar island/glitched up/missingno encounter.rbc,100,@faintedText,cp1252,"The damaged MissingNo. retreated\nunderwater[.]\c\h08ó\c\h08ó\c\h08ó\p[.]But immediately re-emerged in a\nfury, fully recovered..!",,à_traduire,
c448aa6e1938,scripts/cinnabar island/glitched up/old man.rbc,14,@talk,utf-8,i dont know\nwat heppen here\pwhat isthisssssssssssssssssssssssssssssssssssssssssssss\pH E  LP ! ! ! !!!    !! ! ! ! !! !! ! ! ! ! !!! PP P P  P PP,,à_traduire,
8da59854a0e7,scripts/cinnabar island/glitched up/player admin clone.rbc,19,@stealwhich,cp1252,Steal which Pokémon?,,à_traduire,
9b3a25d47ede,scripts/cinnabar island/glitched up/player admin clone.rbc,22,@talk,cp1252,NO PLS,,à_traduire,
5f52250ff4ec,scripts/cinnabar island/glitched up/player exec clone.rbc,10,@talk,cp1252,"Hello! Sorry to keep you waiting!\nWelcome to the world of Pokémon!\pMy name is [player][player][player][player][player][player][player][player][player][player][player][player][player][player][player][player][player]\pThis world is inhabited by\ncreatures called Pokémon!\pFor some people, Pokémon are pets,\nothers use them for ggggggggggggggggggggggggggggggggggggggggggggggggggggggggggggggggggg",,à_traduire,
b7652d5e1d48,scripts/cinnabar island/glitched up/player grunt clone.rbc,12,@talk,utf-8,"We, Team Rocket are \h55\h56\h54\nGANGSTERS! \h349999999999999990000000000\pGet lost, kid\h2a\h52\nWe will earn huge\hb7\hb7\hb7\hb7\hb7\hb7\hb7\hb7\hb7\hb7\hb7\hb7\hb7\hb7\hb7\hb7\hb7\hb7",,à_traduire,
468fee0585d5,scripts/cinnabar island/glitched up/pokecenter guy npc.rbc,11,@talk,utf-8,The island seemed to suddenly\ntwist and transform[.]\lI can't tell up from down anymore!\pAnd it all seems to be coming from\nthat shadow by the eastern shore[.],,à_traduire,
34e5185e025e,scripts/cinnabar island/glitched up/pokecenter lady npc.rbc,11,@talk,cp1252,"We seem to be safe from this\nmadness inside the Pokémon Center.\pOh, what are we going to do..?",,à_traduire,
89c761e614dc,scripts/cinnabar island/glitched up/pokecenter surf seller.rbc,96,@talk,cp1252,"I don't know what to make of this\nmadness, really.\p[.]but if by any chance you need a\nPokémon with Surf to face that\lshadow by the shore[.]",,à_traduire,
e813a1fbaf8b,scripts/cinnabar island/glitched up/pokecenter surf seller.rbc,99,@yesNo,cp1252,"[.]I'll sell you one that can learn\nit for [$]1,000. Eh?",,à_traduire,
712e96c71bc3,scripts/cinnabar island/glitched up/pokecenter surf seller.rbc,102,@noTalk,cp1252,"Ah[.] worth a shot, though?\pA crisis is the best time to make\nsome profit, hehehe[.]",,à_traduire,
2efc8bcae4b2,scripts/cinnabar island/glitched up/pokecenter surf seller.rbc,105,@notEnoughTalk,cp1252,"Hm[.] you're out of cash?\nGeez! Unprepared, aren't you?\pFine-- I'll take what you have and\nleave it at that.",,à_traduire,
ef9ad97725e7,scripts/cinnabar island/glitched up/pokecenter surf seller.rbc,108,@hasEnoughTalk,cp1252,"Much obliged. You go face that\nthing at your own risk, I say.",,à_traduire,
76c5e5350be1,scripts/cinnabar island/glitched up/pokecenter surf seller.rbc,111,@goldeenGet,cp1252,[player] obtained a Goldeen!,,à_traduire,
a98491efbe0b,scripts/cinnabar island/glitched up/pokecenter surf seller.rbc,114,@nicknameorno,cp1252,Would you like to give a nickname\nto Goldeen?,,à_traduire,
98e3b6a772aa,scripts/cinnabar island/glitched up/pokecenter surf seller.rbc,117,@pcmsg,cp1252,[buffer2] was sent to Box [buffer3]\nin Bill's PC.,,à_traduire,
3f78c8c3db01,scripts/cinnabar island/glitched up/pokecenter surf seller.rbc,120,@postSaleTalk,cp1252,Now you go deal with that creepy\nbeast by the shore!\pThose freaky mirage-people outside\ndon't make for good customers!,,à_traduire,
85e5e96a591e,scripts/cinnabar island/glitched up/youngster.rbc,11,@talk,utf-8,Hi! I like shorts!\nThey're comfy and easy to easy to\l!shorts like I !Hi ysea ot wear!!!!!!!rrrrrrrrrrrr\yfmoc and easy strohs !111111111111111111111111111,,à_traduire,
f28f222b73a7,scripts/cinnabar island/gym/blaine.rbc,70,@preBattleTalk,cp1252,"Blaine: [player]!\c\h08ó\nW-what are you doing here?\pThey'll kick you out any minute,\nI'm sure they will--\p[.]\pHuh?\c\h08ó\nA Gym challenge?\p[.]\pWell, if you really want to fight\nme again, Rocket, I'll oblige.\pI've been training since last\ntime.\pAnd you know how it goes[.]\p[.]\c\h08ó\nYou better have Burn Heal!\c\h0B[Ke]À",,à_traduire,
79ab64eb23b3,scripts/cinnabar island/gym/blaine.rbc,73,@stolenTalk,cp1252,"Bastard!\pAfter all I've done for Team\nRocket[.]\pYou go out and rob my Pokémon?!\c\h08ó\nGah!\p[.]\pI guess I've just got to sit still\nand take it like everything else\lyou guys do, huh?\p[.]\c\h08ó\n(Sigh[.])\pYou'd better take this TM.",,à_traduire,
2408eb45417d,scripts/cinnabar island/gym/blaine.rbc,76,@notStolenTalk,cp1252,"Well, well[.]\c\h08ó\nHappy now, Rocket?\pI've got to say, I'm grateful you\ndidn't steal any of my Pokémon\lwhen you had the chance.\pI won't forget that.\c\h08ó\nHere's your TM.",,à_traduire,
32181fd23834,scripts/cinnabar island/gym/blaine.rbc,79,@postBattleTalk,cp1252,"Scorched[.]\nI'll get you one day, [player].",,à_traduire,
dc64796a1fad,scripts/cinnabar island/gym/clyde (edited text).rbc,4,@text,utf-8,Mohammed!\nYou beat that firebrand!,,à_traduire,
8fcdbf9dc00c,scripts/cinnabar island/gym/clyde.rbc,55,@talk,cp1252,Yo!\nChamp in the making!\pThe hotheaded Blaine is a Fire--,,à_traduire,
8eb555bb15eb,scripts/cinnabar island/gym/clyde.rbc,66,@talk2,cp1252,"[.]hey!\c\h08ó\nWhat's that you're wearing?\pCould I see your Trainer Card,\nplease?\p[.]",,à_traduire,
83f86f07f589,scripts/cinnabar island/gym/clyde.rbc,69,@allowEntryTalk,cp1252,"Oh[.]\c\h08ó\n(Wow, I wasn't expecting that[.])\p(It looks so real[.]\c\h08ó Even has\nthe hologram and everything[.])\p[.]\pEr-hem! Excuse me, Mr. Smith.\nI don't know what came over me.\pCome right in!\pBlaine is eagerly awaiting your\nchallenge.",,à_traduire,
29cd50cdf373,scripts/cinnabar island/gym/clyde.rbc,73,@talk2No,cp1252,"Hmm?\c\h08ó No?\c\h08ó\nThat's just as I thought!\pThe nerve[.]\c\h08ó This Gym is not for\nbums and petty thugs, you hear?\pGet out!\pAnd don't come back unless it's\nwith an official Training license!",,à_traduire,
dc016109ebc4,scripts/cinnabar island/gym/clyde.rbc,76,@talk3,cp1252,"This Gym is not for bums and petty\nthugs, you hear?\pGet out!\pAnd don't come back unless it's\nwith an official Training license!",,à_traduire,
4a6f775153bd,scripts/cinnabar island/gym/gym blocker tile.rbc,61,@talk,cp1252,Yo!\nChamp in the making!\pThe hotheaded Blaine is a Fire--,,à_traduire,
52edc319920a,scripts/cinnabar island/gym/gym blocker tile.rbc,64,@talk2,cp1252,"[.]hey!\c\h08ó\nWhat's that you're wearing?\pCould I see your Trainer Card,\nplease?\p[.]",,à_traduire,
e89d10a6d9e6,scripts/cinnabar island/gym/gym blocker tile.rbc,67,@allowEntryTalk,cp1252,"Oh[.]\c\h08ó\n(Wow, I wasn't expecting that[.])\p(It looks so real[.]\c\h08ó Even has\nthe hologram and everything[.])\p[.]\pEr-hem! Excuse me, Mr. Smith.\nI don't know what came over me.\pCome right in!\pBlaine is eagerly awaiting your\nchallenge.",,à_traduire,
8f4308f689e2,scripts/cinnabar island/gym/gym blocker tile.rbc,70,@talk2No,cp1252,"Hmm?\c\h08ó No?\c\h08ó\nThat's just as I thought!\pThe nerve[.]\c\h08ó This Gym is not for\nbums and petty thugs, you hear?\pGet out!\pAnd don't come back unless it's\nwith an official Training license!",,à_traduire,
059811e6c86a,scripts/cinnabar island/gym/gym blocker tile.rbc,73,@talk3,cp1252,"This Gym is not for bums and petty\nthugs, you hear?\pGet out!\pAnd don't come back unless it's\nwith an official Training license!",,à_traduire,
ef85c9855b82,scripts/cinnabar island/gym/gym plaque.rbc,49,@sign,cp1252,Cinnabar Pokémon Gym\nLeader: Blaine\pWinning Trainers:,,à_traduire,
f695c9c608c2,scripts/cinnabar island/gym/gym plaque.rbc,52,@sign2,cp1252,Cinnabar Pokémon Gym\nLeader: Blaine\pWinning Trainers:\nBlue,,à_traduire,
5170516b56e0,scripts/cinnabar island/gym/gym plaque.rbc,55,@sign3,cp1252,Cinnabar Pokémon Gym\nLeader: Blaine\pWinning Trainers:\nMohammed Smith,,à_traduire,
18c07beb1c70,scripts/cinnabar island/gym/gym plaque.rbc,58,@sign4,cp1252,"Cinnabar Pokémon Gym\nLeader: Blaine\pWinning Trainers:\nBlue, Mohammed Smith",,à_traduire,
5d887476c2fb,scripts/cinnabar island/gym/gym plaque.rbc,61,@sign5,cp1252,"Cinnabar Pokémon Gym\nLeader: Blaine\pWinning Trainers:\nBlue, Red",,à_traduire,
5dc9104a1298,scripts/cinnabar island/gym/gym plaque.rbc,64,@sign6,cp1252,"Cinnabar Pokémon Gym\nLeader: Blaine\pWinning Trainers:\nBlue, Red, Mohammed Smith",,à_traduire,
9904527a6670,scripts/cinnabar island/gym/quiz text.rbc,4,@q1,cp1252,Gastly and its evolutions are the\nonly known Ghost/Poison Pokémon?,,à_traduire,
8418c5829cac,scripts/cinnabar island/gym/quiz text.rbc,7,@q2,cp1252,Jigglypuff was originally planned\nas the official mascot of Pokémon?,,à_traduire,
8aa05ed0b066,scripts/cinnabar island/gym/quiz text.rbc,10,@q3,cp1252,Jynx is the only Pokémon that can\nlearn Lovely Kiss?,,à_traduire,
091dd8392be7,scripts/cinnabar island/gym/quiz text.rbc,13,@q4,cp1252,Saffron is the most populous city\nin Kanto?,,à_traduire,
fbf6844f6863,scripts/cinnabar island/gym/quiz text.rbc,16,@q5,cp1252,Mewtwo is the first Pokémon shown\nin the Pokémon opening theme?,,à_traduire,
42b8e9fd53c1,scripts/cinnabar island/gym/quiz text.rbc,19,@q6,cp1252,Celadon Gym is the only Gym in\nKanto without a Gym guide present?,,à_traduire,
9c3959d8f077,scripts/cinnabar island/gym/trainer 1.rbc,12,@text1,utf-8,"I was a thief, but I went straight\nas a Trainer.\p[.]\pWhat about you?",,à_traduire,
175aed41fd31,scripts/cinnabar island/gym/trainer 2.rbc,11,@postBattle,utf-8,Me neither!\nLook it up online!,,à_traduire,
c8b2da95df99,scripts/cinnabar island/gym/trainer 4.rbc,12,@preBattle,cp1252,Do you like this quiz?\pHee hee[.]\pWe made it extra tough just for\nyou!,,à_traduire,
0c8a0d5e1f11,scripts/cinnabar island/gym/trainer 4.rbc,15,@postBattle,cp1252,"I wish there were a thief Pokémon.\nI'd use that!\p[.]\pSomething tells me you would too,\ntough guy!",,à_traduire,
54b2121f9069,scripts/cinnabar island/gym/trainer 5.rbc,13,@postBattle,cp1252,"All right, weirdo, I'll tell you!\pOur Leader, Blaine, became lost\nin the mountains but good.\pNight fell when a fiery bird\nPokémon appeared.\pIts light allowed Blaine to find\nhis way down safely.",,à_traduire,
2747b726b717,scripts/cinnabar island/gym/trainer 6.rbc,12,@postBattle,cp1252,"Ponyta, Ninetales[.]\c\h08ó\nJynx[.]\pThose are some really hot\nPokémon.",,à_traduire,
04426e1062dc,scripts/cinnabar island/gym/trainer 7.rbc,12,@postBattle,utf-8,"Water beats fire, of course.\pBut fire melts ice, and so[.]\pAgh! You know the drill, man--\nlook it up!",,à_traduire,
bf46bbf7c24b,scripts/cinnabar island/gym door.rbc,14,@lockedText,utf-8,The door is locked.,,à_traduire,
dc9c522fe2d4,scripts/cinnabar island/gym door.rbc,17,@unlockedText,utf-8,The door is open. It shows clear\nmarks of violent treatment[.],,à_traduire,
5e84fc83cd00,scripts/cinnabar island/lady.rbc,27,@talk,cp1252,"Oh, Gym Leader Blaine? They say\nhe's gone missing[.]\pI heard he's often out wandering\nin the Pokémon Mansion, but who\lwants to go searching through that\lcreepy place?",,à_traduire,
783f40877142,scripts/cinnabar island/lady.rbc,30,@talk2,cp1252,"So Blaine showed up, then?\nThank goodness.\pHe shouldn't get asssociated with\nthe types who frequent the Pokémon\lMansion these days[.]",,à_traduire,
8dfb71b877dc,scripts/cinnabar island/lady.rbc,33,@talk3,cp1252,Thank heavens everything's back\ntogether again.\pOnce the world started fracturing\ninto squares[.]\pI thought for sure my hairdo\nwould be the last thing to recover.,,à_traduire,
25a8a9a4ef1c,scripts/cinnabar island/old man.rbc,21,@talk,cp1252,"Eh?\nYou're looking for Blaine?\pI'd look in the Pokémon Mansion.\nSuch a nostalgic fellow, he is!\pHe's probably gone to admire the\ncharred remnants of some past\lexperiment and lost track of time!",,à_traduire,
2c9f7d1ad407,scripts/cinnabar island/old man.rbc,24,@talk2,cp1252,That Pokémon Mansion used to look\nso majestic in my youth.\pNow it's a nest for all sorts of\nvagabonds and panhandlers!,,à_traduire,
efb971f788bb,scripts/cinnabar island/old man.rbc,27,@talk3,cp1252,"Geez[.] I don't know what came over\nme earlier[.]\pIt was like the whole word sort of\ndidn't work right anymore[.]\pI wasn't sure if I'd ever recover!\pWhat a relief we don't live in a\nworld like that, eh?",,à_traduire,
db2ea9398a34,scripts/cinnabar island/pokecenter gentleman.rbc,4,@talk,cp1252,"Do you have lots of friends?\pWell then, quit all this Pokémon\nnonsense and go out and play!",,à_traduire,
cd617d70a382,scripts/cinnabar island/pokecenter girl.rbc,4,@talk,utf-8,"I came here to see the Hot-Headed\nQuiz Master I heard so much about.\p[.]\p""Shiny-Headed"" would be a better\nnickname, don't you think?",,à_traduire,
f16868bb5f13,scripts/cinnabar island/pokemon lab/bill guidepost level script.rbc,26,@talk,utf-8,Over here in the Testing room on\nthe far right. Quickly!\pDon't worry about the snooty\nresearchers. They won't bite.,,à_traduire,
f5794b85e331,scripts/cinnabar island/pokemon lab/bill.rbc,34,@beta3Talk,cp1252,"Welcome back, [player]!\nSo where were we..?\pLet's take it from the start.",,à_traduire,
f5970c8084cb,scripts/cinnabar island/pokemon lab/bill.rbc,43,@talk2,cp1252,Bill: Go pick that Apricorn in\nViridian Forest for us!\pNo time to lose!,,à_traduire,
548d1096c058,scripts/cinnabar island/pokemon lab/bill.rbc,62,@apricornTalk,cp1252,"Bill: Ah, [player].\pDid you get ahold of the materials\nwe need?\p[.]\pExcellent.",,à_traduire,
7c3e17f61362,scripts/cinnabar island/pokemon lab/bill.rbc,65,@giveApricorn,cp1252,[player] handed over the\nPRPL Apricorn.,,à_traduire,
e8d5ccd3db03,scripts/cinnabar island/pokemon lab/bill.rbc,75,@noChipTalk,cp1252,"Bill: Now go find us that Poké\nBall processing chip, [player].\pIt should be in the lab on the top\nfloor of your Rocket headquarters.\pThey'll never deny it to someone\nof your rank. Go for it!",,à_traduire,
bc751c998bea,scripts/cinnabar island/pokemon lab/bill.rbc,90,@gotChipTalk,cp1252,"Bill: You've got the chip,\n[player]?\p[.]\pMarvellous; give it here.",,à_traduire,
39d5d199a8ec,scripts/cinnabar island/pokemon lab/bill.rbc,94,@giveChip,cp1252,[player] handed over the\nPoké Chip.,,à_traduire,
694f99c05472,scripts/cinnabar island/pokemon lab/bill.rbc,108,@giveBoth,cp1252,[player] handed over the\nPRPL Apricorn and the Poké Chip.,,à_traduire,
3d98bef14dce,scripts/cinnabar island/pokemon lab/bill.rbc,117,@postMasterBallTalk,cp1252,"Bill: To Cerulean Cave!\pYou'll find it in the northwest\ncorner of Cerulean City.\pWe're all counting on you,\n[player].",,à_traduire,
fbb62548ea66,scripts/cinnabar island/pokemon lab/bill.rbc,338,@talk3,cp1252,Bill: Hey!\nYou old slackers.\lWe're ready for production.,,à_traduire,
d4989fadc386,scripts/cinnabar island/pokemon lab/bill.rbc,342,@talk4,cp1252,"Bill: Well!\p[.]\c\h08ó\nIt's done.\pBeautiful little thing, don't you\nthink?",,à_traduire,
2ed8c92062e0,scripts/cinnabar island/pokemon lab/bill.rbc,348,@talk5,cp1252,Now!\c\h08ó\nEnough messing about.\pHere's what we're going to do.\nListen carefully.,,à_traduire,
618ee31dedf6,scripts/cinnabar island/pokemon lab/bill.rbc,355,@talk6,cp1252,The Pokémon we're looking for[.]\pThere's only one person in the\nworld who knows where it's\lcurrently hiding.,,à_traduire,
78caca913b41,scripts/cinnabar island/pokemon lab/bill.rbc,359,@talk7,cp1252,And that person's name[.]\c\h08ó\nis Shigeki.,,à_traduire,
cbbf4e693295,scripts/cinnabar island/pokemon lab/bill.rbc,367,@talk8,cp1252,"That's right, [player].\pShigeki was the last of the\nscientists who worked with us on\lthe Mewtwo Project.",,à_traduire,
59d7492db1c4,scripts/cinnabar island/pokemon lab/bill.rbc,370,@talk9,cp1252,"Trouble is, of course[.]\pNobody's seen the guy for about\nten years[.]\pFor all we know he could be dead;\nwe'd be none the wiser.",,à_traduire,
8ac8757e8b39,scripts/cinnabar island/pokemon lab/bill.rbc,378,@talk10,cp1252,So[.]\pHow do we go about finding an old\nmissing genetic scientist without\la clue of his whereabouts?\p[.]\c\h08ó\nAny guesses?,,à_traduire,
a688b89a2e5e,scripts/cinnabar island/pokemon lab/bill.rbc,382,@fujiTalk1,cp1252,Fuji: [.]\c\h08ó\nMewtwo would know where he is.,,à_traduire,
48a024ba96d7,scripts/cinnabar island/pokemon lab/bill.rbc,386,@talk11,cp1252,"Bill: Bingo, old man.\nAnd why is that?",,à_traduire,
de0bdb90e23e,scripts/cinnabar island/pokemon lab/bill.rbc,390,@fujiEllipses,cp1252,Fuji: [.],,à_traduire,
89260a85af0f,scripts/cinnabar island/pokemon lab/bill.rbc,393,@fujiTalk2,cp1252,Fuji: [.]\c\h08ó\nAh!\pWhat's the use in hiding anything\nanymore..?,,à_traduire,
823127b9ddb0,scripts/cinnabar island/pokemon lab/bill.rbc,398,@fujiTalk3,cp1252,"When we merged our DNA together,\nthe five of us, to create Mewtwo[.]\pIt[.]\c\h08ó created some kind of psychic\nbond between us and the clone.",,à_traduire,
0e165b583aa9,scripts/cinnabar island/pokemon lab/bill.rbc,402,@fujiTalk4,cp1252,Who knows how it did it[.]\pBut it became clear pretty quickly\nthat Mewtwo could read our\lthoughts and emotions with\limpeccable accuracy.,,à_traduire,
5f35ad0d8bee,scripts/cinnabar island/pokemon lab/bill.rbc,410,@fujiTalk5,cp1252,Even when we were far away[.]\pThere was a constant mental link\nbetween each of us five scientists\land the newborn Pokémon.,,à_traduire,
d99aad3d7b43,scripts/cinnabar island/pokemon lab/bill.rbc,413,@fujiTalk6,cp1252,We suspect that's how it realized\nso quickly that we had created it\lfor war[.]\pAnd why[.]\c\h08ó\nIt subsequently ran away[.],,à_traduire,
f03b2a7a88db,scripts/cinnabar island/pokemon lab/bill.rbc,417,@fujiTalk7,cp1252,Well!\pWho knows if the bond between us\nhasn't worn off after all these\lyears[.]\pI'm sure it must have.,,à_traduire,
0da5a3e2790b,scripts/cinnabar island/pokemon lab/bill.rbc,421,@fujiTalk8,cp1252,But either way[.]\pMewtwo can point us towards\nShigeki's whereabouts.\pIt must know where he ran off to a\ndecade ago.,,à_traduire,
46966a2664ca,scripts/cinnabar island/pokemon lab/bill.rbc,425,@fujiTalk9,cp1252,But[.]\c\h08ó\nBill.\pThis is Mewtwo we're talking\nabout.\pHow in the world would we..?,,à_traduire,
0b3e4fb12765,scripts/cinnabar island/pokemon lab/bill.rbc,429,@talk12,cp1252,"Bill: Ah!\c\h08ó\nHold it right there, my dear Fuji.",,à_traduire,
12749842db03,scripts/cinnabar island/pokemon lab/bill.rbc,433,@ballGet,cp1252,[player] obtained the\nMaster Ball!,,à_traduire,
abfa76bb347e,scripts/cinnabar island/pokemon lab/bill.rbc,436,@talk13,cp1252,Bill: [player].\pThe Ball I just gave you is\nnothing but a more powerful\lstandard Poké Ball.\pIt cannot capture Mewtwo without\nits consent.\pBut does Mewtwo know that?\c\h08ó\nMaybe[.]\c\h08ó maybe not.,,à_traduire,
399d64bf948a,scripts/cinnabar island/pokemon lab/bill.rbc,440,@talk14,cp1252,"Either way, [player].\pGo to Cerulean Cave and seek out\nMewtwo.\pBattle it, and make it tell you\nwhere Shigeki is hiding.",,à_traduire,
ca9fb7f479f7,scripts/cinnabar island/pokemon lab/bill.rbc,444,@talk15,cp1252,"Threaten to capture it if it\nrefuses to tell.\pIt may hate us humans, but it\nhates being kept in captivity\leven more.",,à_traduire,
d8172af7d7c1,scripts/cinnabar island/pokemon lab/bill.rbc,448,@talk16,cp1252,"Look, you're the strongest Trainer\nhere, [player].\lAnd frankly[.]\pMewtwo would never say a word to\nany of our faces.\pNot to safe its life.",,à_traduire,
75e3ff6a368f,scripts/cinnabar island/pokemon lab/bill.rbc,452,@talk17,cp1252,So keep the Master Ball with you.\pBut don't use it yet[.]\c\h08ó\nSave it for the Pokémon we're\lreally after.,,à_traduire,
a21b264626a9,scripts/cinnabar island/pokemon lab/bill.rbc,455,@talk18,cp1252,"Well, then[.]\c\h08ó\nTo Cerulean Cave!\pYou'll find it in the northwest\ncorner of Cerulean City.\pWe're all counting on you,\n[player].",,à_traduire,
632e1f45d490,scripts/cinnabar island/pokemon lab/blaine.rbc,15,@talk,utf-8,"You know, this kind of work[.]\pIt sure beats my Gym quiz for an\nintellectual exercise.",,à_traduire,
2ac80823e3bb,scripts/cinnabar island/pokemon lab/blaine.rbc,26,@beta3Talk,utf-8,"Well, you've returned.\pI think it's best we start again\nfrom the beginning.",,à_traduire,
f20b7c661a9e,scripts/cinnabar island/pokemon lab/blaine.rbc,36,@talk2,utf-8,"I don't quite know whom to trust\nanymore, Rocket.\pAll we can do is our best, isn't\nthat right..?",,à_traduire,
535cddaa4d64,scripts/cinnabar island/pokemon lab/master ball mission intro (beta 3).rbc,133,@fujiTalk,cp1252,"Mr. Fuji: No!\c\h08ó\nWhat is this criminal doing here?\pBill, you can't be serious..!\pDo you know what this Rocket here\ndid to me, how he[.]\c\h08ó he--",,à_traduire,
6d2a916d55c0,scripts/cinnabar island/pokemon lab/master ball mission intro (beta 3).rbc,137,@billTalk,cp1252,"Bill: Quiet, Fuji.\pIf [player] stole candy from one of\nyour orphans, I'm sure he's sorry.\pThe project we're about to realize\nis way bigger than your personal\lvendettas, don't you understand?",,à_traduire,
91b08a38c3f9,scripts/cinnabar island/pokemon lab/master ball mission intro (beta 3).rbc,141,@billTalk2,cp1252,"Bill: [.]\pNow, then.\c\h08ó\nWe should be all ready.\pTake a seat, [player], and let's\nget down to business.",,à_traduire,
0ac0f762bc7d,scripts/cinnabar island/pokemon lab/master ball mission intro (beta 3).rbc,145,@billTalk3,cp1252,Bill: Listen up.\pIt seems as if the only Master\nBall prototype is about to fall\linto Giovanni's hands.\pIt would have saved me a lot of\ntrouble to get it myself[.]\p(Er-hem!)\c\h08ó\n[.]but so be it.,,à_traduire,
d23063a451ca,scripts/cinnabar island/pokemon lab/master ball mission intro (beta 3).rbc,148,@billTalk4,cp1252,"I had a good look at the finished\nblueprints and committed them to\lmemory.\pIf we can't get ahold of that\nMaster Ball prototype[.]\lWhy, we'll just make our own.",,à_traduire,
b4f901bc94df,scripts/cinnabar island/pokemon lab/master ball mission intro (beta 3).rbc,153,@billTalk5,cp1252,This brief window of time before\nMaster Ball becomes publicly\lavailable[.]\pIt's our unique chance to capture\none of the most powerful Pokémon\lin existence[.]\pI'm not going to let it go to\nwaste.,,à_traduire,
965e741c45b9,scripts/cinnabar island/pokemon lab/master ball mission intro (beta 3).rbc,158,@fujiTalk2,cp1252,"Mr. Fuji: So that's what this is\nabout, is it?\pThat's why you brought us out\nhere?\pAnother blue-eyed expedition to\ncapture Mewtwo?\pThat's ridiculous!\nIt'll never work!",,à_traduire,
d1cb394d67df,scripts/cinnabar island/pokemon lab/master ball mission intro (beta 3).rbc,163,@blaineTalk,cp1252,"Blaine: [.]\c\h08ó\nHe's right, you know.\pRemember Mewtwo's genetic makeup?\pWe engineered it with an immunity\ntowards the standard Poké Ball\lcapture mechanism.\pUnless it actively chooses to let\ndown its guard[.]\pNot even this Master Ball can have\nany chance of catching it[.]",,à_traduire,
09139a507a6e,scripts/cinnabar island/pokemon lab/master ball mission intro (beta 3).rbc,167,@billTalk6,cp1252,"Bill: I know, I know! I was right\nthere with you, wasn't I?\p[.]\c\h08ó\n(Sigh[.])\pNo, you simple-minded old fogeys[.]\c\h08ó\nI'm not talking about Mewtwo.\pLet Lance and Giovanni run circles\naround that beast all they like[.]\lThey seem to enjoy it.",,à_traduire,
64ea5965e88b,scripts/cinnabar island/pokemon lab/master ball mission intro (beta 3).rbc,171,@billTalk7,cp1252,"Bill: Don't you see, people?\pHow this Master Ball is going to\nlet us tie up one of our biggest\lloose ends, once and for all[.]\pOne that's haunted more than the\nthree of us for so many years..!",,à_traduire,
609e47956ee2,scripts/cinnabar island/pokemon lab/master ball mission intro (beta 3).rbc,175,@blaineTalk2,cp1252,Blaine: But[.]\c\h08ó Bill!\c\h08ó\nS-surely you don't mean..!,,à_traduire,
22a7d60378c9,scripts/cinnabar island/pokemon lab/master ball mission intro (beta 3).rbc,179,@billTalk8,cp1252,Bill: I do.\pNow.\c\h08ó\nListen to me.,,à_traduire,
89e155de5195,scripts/cinnabar island/pokemon lab/master ball mission intro (beta 3).rbc,184,@billTalk9,cp1252,"The three of us can manufacture\nour own Master Ball in a\lrelatively short period of time[.]\pThere are a few practical matters,\nhowever[.]\pThat we're going to need some help\nto pull off.",,à_traduire,
921b617b63d4,scripts/cinnabar island/pokemon lab/master ball mission intro (beta 3).rbc,188,@billTalk10,cp1252,"Bill: This is where you come in,\n[player].",,à_traduire,
da0395394dcd,scripts/cinnabar island/pokemon lab/master ball mission intro (beta 3).rbc,193,@billTalk11,cp1252,"Bill: I'm going to need your help.\pI hate asking favors of anyone,\nbut it is what it is.\pIf nothing else, [player][.]\pI promise I'll make it worth your\nwhile.\c\h08ó Many times over.",,à_traduire,
876a66818fe2,scripts/cinnabar island/pokemon lab/master ball mission intro (beta 3).rbc,197,@billTalk12,cp1252,What I need from you is really\nvery simple.,,à_traduire,
2d59342e1402,scripts/cinnabar island/pokemon lab/master ball mission intro (beta 3).rbc,200,@billTalk13,cp1252,"Regrettably, though[.]",,à_traduire,
18a7b650ce24,scripts/cinnabar island/pokemon lab/master ball mission intro (beta 3).rbc,203,@billTalk14,cp1252,"It's going to have to wait until\nthe next beta release!\pHaha[.]\c\h08ó\nI'm sorry, [player].\pCheck out bit.ly/pkmfrrocketed for\nupdates in the meantime!\p[.]\pAnd sincerely, [player][.]\c\h08ó\nThanks for playing!",,à_traduire,
517f040f5a52,scripts/cinnabar island/pokemon lab/master ball mission intro.rbc,151,@fujiTalk,cp1252,"Mr. Fuji: No!\c\h08ó\nWhat is this criminal doing here?\pBill, you can't be serious..!\pDo you know what this Rocket here\ndid to me, how he[.]\c\h08ó he--",,à_traduire,
acebbcda4075,scripts/cinnabar island/pokemon lab/master ball mission intro.rbc,155,@billTalk,cp1252,"Bill: Quiet, Fuji.\pIf [player] stole candy from one of\nyour orphans, I'm sure he's sorry.\pThe project we're about to realize\nis way bigger than your personal\lvendettas, don't you understand?",,à_traduire,
05cc64b4d4e8,scripts/cinnabar island/pokemon lab/master ball mission intro.rbc,159,@billTalk2,cp1252,"Bill: [.]\pNow, then.\c\h08ó\nWe should be all ready.\pTake a seat, [player], and let's\nget down to business.",,à_traduire,
de716527d116,scripts/cinnabar island/pokemon lab/master ball mission intro.rbc,163,@billTalk3,cp1252,Bill: Listen up.\pIt seems as if the only Master\nBall prototype is about to fall\linto Giovanni's hands.\pIt would have saved me a lot of\ntrouble to get it myself[.]\p(Er-hem!)\c\h08ó\n[.]but so be it.,,à_traduire,
8044d9b4c0ee,scripts/cinnabar island/pokemon lab/master ball mission intro.rbc,166,@billTalk4,cp1252,"I had a good look at the finished\nblueprints and committed them to\lmemory.\pIf we can't get ahold of that\nMaster Ball prototype[.]\lWhy, we'll just make our own.",,à_traduire,
2eba89dbf5cc,scripts/cinnabar island/pokemon lab/master ball mission intro.rbc,171,@billTalk5,cp1252,This brief window of time before\nMaster Ball becomes publicly\lavailable[.]\pIt's our unique chance to capture\none of the most powerful Pokémon\lin existence[.]\pI'm not going to let it go to\nwaste.,,à_traduire,
4ace0c84d0d4,scripts/cinnabar island/pokemon lab/master ball mission intro.rbc,176,@fujiTalk2,cp1252,"Mr. Fuji: So that's what this is\nabout, is it?\pThat's why you brought us out\nhere?\pAnother blue-eyed expedition to\ncapture Mewtwo?\pThat's ridiculous!\nIt'll never work!",,à_traduire,
94f6e036ffa5,scripts/cinnabar island/pokemon lab/master ball mission intro.rbc,181,@blaineTalk,cp1252,"Blaine: [.]\c\h08ó\nHe's right, you know.\pRemember Mewtwo's genetic makeup?\pWe engineered it with an immunity\ntowards the standard Poké Ball\lcapture mechanism.\pUnless it actively chooses to let\ndown its guard[.]\pNot even this Master Ball can have\nany chance of catching it[.]",,à_traduire,
ca5d43871d4c,scripts/cinnabar island/pokemon lab/master ball mission intro.rbc,185,@billTalk6,cp1252,"Bill: I know, I know! I was right\nthere with you, wasn't I?\p[.]\c\h08ó\n(Sigh[.])\pNo, you simple-minded old fogeys[.]\c\h08ó\nI'm not talking about Mewtwo.\pLet Lance and Giovanni run circles\naround that beast all they like[.]\lThey seem to enjoy it.",,à_traduire,
d79cf3548694,scripts/cinnabar island/pokemon lab/master ball mission intro.rbc,189,@billTalk7,cp1252,"Bill: Don't you see, people?\pHow this Master Ball is going to\nlet us tie up one of our biggest\lloose ends, once and for all[.]\pOne that's haunted more than the\nthree of us for so many years..!",,à_traduire,
5021a40082e7,scripts/cinnabar island/pokemon lab/master ball mission intro.rbc,193,@blaineTalk2,cp1252,Blaine: But[.]\c\h08ó Bill!\c\h08ó\nS-surely you don't mean..!,,à_traduire,
8b900ee4d06c,scripts/cinnabar island/pokemon lab/master ball mission intro.rbc,197,@billTalk8,cp1252,Bill: I do.\pNow.\c\h08ó\nListen to me.,,à_traduire,
4d6e58869b43,scripts/cinnabar island/pokemon lab/master ball mission intro.rbc,202,@billTalk9,cp1252,"The three of us can manufacture\nour own Master Ball in a\lrelatively short period of time[.]\pThere are a few practical matters,\nhowever[.]\pThat we're going to need some help\nto pull off.",,à_traduire,
b5ea1094ac9f,scripts/cinnabar island/pokemon lab/master ball mission intro.rbc,206,@billTalk10,cp1252,"Bill: This is where you come in,\n[player].",,à_traduire,
cb2764c4b179,scripts/cinnabar island/pokemon lab/master ball mission intro.rbc,211,@billTalk11,cp1252,"Bill: I'm going to need your help.\pI hate asking favors of anyone,\nbut it is what it is.\pIf nothing else, [player][.]\pI promise I'll make it worth your\nwhile.\c\h08ó Many times over.",,à_traduire,
d86ce846b983,scripts/cinnabar island/pokemon lab/master ball mission intro.rbc,215,@billTalk12,cp1252,"What I need from you is really\nvery simple.\pNumber one[.]\pDeep in Viridian Forest, I've\nplanted a particular rare breed of\lJohto Apricorns.\pAt least one of them should have\nsprouted by now; go pluck it and\lbring it here.",,à_traduire,
9c8a01032fb3,scripts/cinnabar island/pokemon lab/master ball mission intro.rbc,219,@billTalk13,cp1252,"Second, and more importantly,\n[player][.]\pI need access to your Rocket\nscientists' pirated Silph\ltecnhology.\pRansack the Rocket Lab on the\nmain floor of your HQ in Celadon.\pI have it on good record that your\npeople have made replicas of\lSilph's latest high-end Poké Ball\lprocessing chip.\pGrab one and bring it to us, as\nsoon as conceivably possible.",,à_traduire,
2f44d1f91403,scripts/cinnabar island/pokemon lab/master ball mission intro.rbc,223,@billTalk14,cp1252,"[player].\pYou have no idea what great\nthings are at stake here[.]\pNor the rewards that are in store\nfor you if you cooperate.\pDo what I ask, and you will not\nregret it.",,à_traduire,
af6b9644542c,scripts/cinnabar island/pokemon lab/master ball mission intro.rbc,227,@billTalk15,cp1252,"Now, gentlemen!\p[.]\pWe have work to do.",,à_traduire,
08d31ddc6003,scripts/cinnabar island/pokemon lab/mr fuji.rbc,15,@talk,utf-8,"Eh?\pYou better not be up to any\nfunny business, Rocket!",,à_traduire,
5128d28bc222,scripts/cinnabar island/pokemon lab/mr fuji.rbc,26,@beta3Talk,utf-8,"Eh?\nYou're back?\pWe need to take this from the\nstart, my memory is a bit foggy.",,à_traduire,
cc278fcf3ae0,scripts/cinnabar island/pokemon lab/mr fuji.rbc,37,@talk2,utf-8,"All right, Rocket[.]\pI'll accept your help, given\nwhat's at stake[.]\pBut once we're done here I want\nnothing more to do with you!",,à_traduire,
e05678bffc14,scripts/courtroom/level script.rbc,278,@talk,cp1252,Red.\pThe results of the genetic tests\npresented to the court[.]\pAnd the counsel of our leading\nmedical professionals[.]\pHave left little doubt in the\nminds of our jurors.,,à_traduire,
d73b7583c12b,scripts/courtroom/level script.rbc,281,@talk2,cp1252,"You've clearly suffered from\nsevere birth defects.\pWhatever you are, you are not a\nhuman being of upstanding physical\lor mental health.",,à_traduire,
c31426e92db4,scripts/courtroom/level script.rbc,284,@talk3,cp1252,"You have no birth certificate, and\nyou are not a legal citizen of\lKanto-Johto.\pIn short, you are not fit to be\nChampion of the Indigo League.",,à_traduire,
b6ecee08836c,scripts/courtroom/level script.rbc,287,@talk4,cp1252,"Consequently, the position falls\nto your predecessor[.]\c\h08ó Blue Oak.",,à_traduire,
148605fa84ec,scripts/courtroom/level script.rbc,290,@blueTalk,cp1252,"Blue: Your honor, I[.]\pI don't think[.]\c\h08ó\c\h08ó\nI want to be Champion anymore.\pLet someone else take it.",,à_traduire,
a8f89ed5fd78,scripts/courtroom/level script.rbc,293,@blueTalk2,cp1252,After what I've learned about\ngranpda[.]\pI don't need his approval anymore.\c\h08ó\nI[.]\c\h08ó have other stuff I need to do.,,à_traduire,
e88f6b7ed873,scripts/courtroom/level script.rbc,296,@talk5,cp1252,Judge: Very well.\pThen the position defaults to\nLance.,,à_traduire,
b0f5f0187563,scripts/courtroom/level script.rbc,299,@lanceTalk,cp1252,"Lance: Oh, your honor!\pI'll gladly accept the burden of\nresuming my position!",,à_traduire,
c4120b999327,scripts/courtroom/level script.rbc,302,@talk6,cp1252,Judge: Then the matter is settled.,,à_traduire,
a6377729fd9c,scripts/courtroom/level script.rbc,305,@talk7,cp1252,Red[.]\c\h08ó\nYour case is unprecedented.\pWe've tried our best to treat you\nwith sympathy.\pBut we must take the safety of the\npublic into account.,,à_traduire,
406ddc321c6f,scripts/courtroom/level script.rbc,308,@talk8,cp1252,Your Pokémon license will be\nrevoked with immediate effect.\pAn unstable person like you cannot\nbe allowed to wield lethally\lpowerful Pokémon in battle.,,à_traduire,
bba850342887,scripts/courtroom/level script.rbc,311,@talk9,cp1252,"Out in the wilderness, perhaps[.]\c\h08ó\nIn the name of self-defense.\pNot in civilized society.",,à_traduire,
f0c6540b1194,scripts/courtroom/level script.rbc,314,@talk10,cp1252,That is all.\c\h08ó\nYou are excused.,,à_traduire,
b026b28a572f,scripts/courtroom/level script.rbc,317,@talk11,cp1252,You've been accused of voluntary\nmanslaughter[.]\pAnd of conspiring to upend the\ngovernment through[.]\p(Ahem!)\c\h08ó\nPlease excuse me[.],,à_traduire,
4e6616b986e9,scripts/courtroom/level script.rbc,320,@talk12,cp1252,"Through engineering a genetically\nmodified clone of a human boy[.]\pGroomed from birth to be blood-\nthristy and obedient to authority[.]\pUniquely suited to take down the\nIndigo League Champion[.]\pCreated all as part of an eleven-\nyear plan to return to power[.]\pIn a secret laboratory, hidden\nfrom public view.",,à_traduire,
ab984df681b7,scripts/courtroom/level script.rbc,323,@talk13,cp1252,[.]\c\h08ó\nBut the lab in question is empty.,,à_traduire,
c1f65b40a645,scripts/courtroom/level script.rbc,326,@talk14,cp1252,For a charge this implausible to\nhold any weight we'd have to be\lpresented with substantial evidence.,,à_traduire,
6c2f8f072d4a,scripts/courtroom/level script.rbc,329,@talk15,cp1252,No such evidence has surfaced.\c\h08ó\nThe charge is dismissed.,,à_traduire,
8f69e22179d8,scripts/courtroom/level script.rbc,332,@talk16,cp1252,Moreover[.]\pNo reliable eyewitness testimonies\ncould be brought forth about your\linvolvement in Agatha's death.\pIn good faith we can only conclude\nthat she died in an unfortunate\laccident of Pokémon battle.,,à_traduire,
53a488081933,scripts/courtroom/level script.rbc,335,@talk17,cp1252,On the other hand[.]\pThe jury unanimously declares you\nguilty of violating your ban on\lPokémon battle.,,à_traduire,
be08bf8d1890,scripts/courtroom/level script.rbc,338,@talk18,cp1252,"In summary, professor[.]",,à_traduire,
1aad63e780ed,scripts/courtroom/level script.rbc,341,@talk19,cp1252,You do not appear to pose a threat\nto the public's well-being[.]\pBut you have shown a terrible\nlack of regard for Kanto's laws.,,à_traduire,
cd052072362e,scripts/courtroom/level script.rbc,344,@talk20,cp1252,"No official anywhere will grant\nyou another Pokémon license.\pYour research will not be funded.\pProfessor Oak, you are hereby\nbanished from the Kanto region.\pSeek your fortunes elsewhere!",,à_traduire,
79061ed0285d,scripts/courtroom/level script.rbc,347,@talk21,cp1252,"As member of crime syndicate\n""Team Rocket""[.]\pWith honorable title[.]\c\h08ó\n""Boss""[.]",,à_traduire,
c7b7d3a67343,scripts/courtroom/level script.rbc,350,@talk22,cp1252,You stand accused of countless\nalleged and confirmed counts of\lPokémon theft[.],,à_traduire,
32c090bfeb67,scripts/courtroom/level script.rbc,353,@innocent22,cp1252,You stand accused of several\nconfirmed counts of Pokémon theft.,,à_traduire,
accc0e77e3df,scripts/courtroom/level script.rbc,356,@talk23,cp1252,Violent coercion and\nintimidation[.]\pComplicity in Pokémon smuggling\nand violence towards women[.],,à_traduire,
1865f1db84eb,scripts/courtroom/level script.rbc,359,@robberyTalk,cp1252,Armed robbery[.],,à_traduire,
b0193a981399,scripts/courtroom/level script.rbc,362,@bicycleTalk,cp1252,Bicycle theft[.],,à_traduire,
97a6a107ea4f,scripts/courtroom/level script.rbc,365,@licenseTalk,cp1252,Possession and use of a forged\nPokémon license[.],,à_traduire,
b5d88ff84deb,scripts/courtroom/level script.rbc,368,@policeTalk,cp1252,Threatening and attacking a police\nofficer[.],,à_traduire,
6cdca9f8f5ff,scripts/courtroom/level script.rbc,371,@pimpTalk,cp1252,And assisting the operations of\na pair of unlicensed procurers\loperating in the Underground Path.,,à_traduire,
b4f905b2ad95,scripts/courtroom/level script.rbc,374,@guiltyTalk,cp1252,"[player], there is a bounty on your\nhead of [$][buffer1],000.",,à_traduire,
97583dcbd957,scripts/courtroom/level script.rbc,377,@guiltyTalk2,cp1252,You will owe the region of Kanto\nthis amount in reparations for\lyour crimes.,,à_traduire,
40a02d3cb78a,scripts/courtroom/level script.rbc,380,@guiltyTalk3,cp1252,"Finally, the jury declares your\nsentence to be[.]",,à_traduire,
ac2a4e286184,scripts/courtroom/level script.rbc,383,@guiltyTalk4,cp1252,[buffer1] years served in regional\npenitentary.,,à_traduire,
43c9db77b51a,scripts/courtroom/level script.rbc,386,@innocentTalk,cp1252,"That being said[.]\pThere is no bounty on your head at\nall, despite your high position.",,à_traduire,
a61ef4e60d5b,scripts/courtroom/level script.rbc,389,@innocentTalk2,cp1252,This seems to me to be a promising\nsign[.]\pThat your conscience is intact.\pThe corruption hasn't seeped in\ntoo deep.,,à_traduire,
89c770617285,scripts/courtroom/level script.rbc,392,@innocentTalk3,cp1252,"Nevertheless, the jury declares\nyour sentence to be[.]",,à_traduire,
c62d870dcba6,scripts/courtroom/level script.rbc,395,@innocentTalk4,cp1252,1 year served in regional\npenitentary.,,à_traduire,
079c5648d883,scripts/courtroom/level script.rbc,398,@talk24,cp1252,"I can only hope you've enjoyed your\ntime in the criminal underworld,\l[player].",,à_traduire,
c8ade110b5f8,scripts/courtroom/level script.rbc,401,@talk25,cp1252,It's plain to see why living beyond\nthe law attracted you.\pIn a gang like Team Rocket it may\nseem as if you can get away with\lany depravity you like.,,à_traduire,
0c2d3bcfb9da,scripts/courtroom/level script.rbc,404,@talk26,cp1252,"But eventually[.]\c\h08ó\nThe chickens come home to roost.\pYou've had your thrills, and now\nI'm afraid it's time we brought\lyou back to the real world.",,à_traduire,
95fae84e8823,scripts/courtroom/level script.rbc,407,@talk27,cp1252,[player][.]\c\h08ó\c\h08ó\nI declare you guilty as charged!,,à_traduire,
34d81418ecb5,scripts/courtroom/transition map.rbc,28,@redTrialTalk,cp1252,Will the defendant please rise.\pWe are prepared to deliver our\nverdict.,,à_traduire,
97b5c9f60040,scripts/courtroom/transition map.rbc,31,@oakTrialTalk,cp1252,Professor Samuel Oak.,,à_traduire,
5e9fad945d8c,scripts/courtroom/transition map.rbc,34,@playerTrialTalk,cp1252,[player].\c\h08ó\nPlease approach the bench.,,à_traduire,
1282e4643136,scripts/crowbar.rbc,106,@successText,cp1252,[player] applied the Crowbar to\npry the door open[.]\p[.]\c\h08ó[.]\c\h08ó[.],,à_traduire,
a344f110a12a,scripts/crowbar.rbc,109,@successText2,cp1252,[.]ah!\c\h08ó It gave!,,à_traduire,
a89356494919,scripts/crowbar.rbc,112,@notNowText,cp1252,"[player] swung the Crowbar through\nthe air[.]\c\h08ó no regrets, Mr. Freeman..!",,à_traduire,
dd15fc3f486a,scripts/crowbar.rbc,115,@alreadyOpenText,cp1252,[player] took out the Crowbar[.]\c\h08ó\n[.]but this door is already open!,,à_traduire,
b677b57df4b6,scripts/end credits/credits sequence.rbc,111,@billTalk,cp1252,"Hello..?\p[.]\c\h08ó\nAh, yes[.]\pIt's the ladder by the bookshelf[.]\c\h08ó\nClimb on down-- I'm already here.",,à_traduire,
2c67505233ae,scripts/end credits/endgame level script.rbc,37,@text,cp1252,"Are you sure?\pIf you choose not to save, the\ngame will reset to your previous\lsave file, before fighting Oak.",,à_traduire,
10d39d3362d5,scripts/end credits/endgame level script.rbc,55,@talk,cp1252,"Oi, you lazy oaf!\c\h08ó\nGet up!\p[.]\c\h08ó\nYou've got a visitor.",,à_traduire,
b413ace472a7,scripts/flashback (faraway island + oak's lab + mansion)/cinnabar island (outside).rbc,79,@bossTalk,utf-8,"At the time, I was the richest man\nin Kanto, and a devout member of\lOak's Elite Four.",,à_traduire,
8fe4119a7ad1,scripts/flashback (faraway island + oak's lab + mansion)/cinnabar island (outside).rbc,82,@bossTalk2,utf-8,I wanted to do everything I could\nfor Kanto[.]\pSo I funded the project.,,à_traduire,
4d9354cbe0ee,scripts/flashback (faraway island + oak's lab + mansion)/cinnabar island (outside).rbc,86,@bossTalk3,utf-8,Nobody knows.,,à_traduire,
5e03872b093b,scripts/flashback (faraway island + oak's lab + mansion)/cinnabar island (outside).rbc,90,@bossTalk4,utf-8,The old guy has been missing ever\nsince the end of the war.,,à_traduire,
047efdb31f6d,scripts/flashback (faraway island + oak's lab + mansion)/cinnabar island (outside).rbc,94,@mewTalk,utf-8,"When that war of yours finally\ncame to an end[.]\pDisgusted, fearful[.]\pFrom the things he had done and\nseen[.]",,à_traduire,
7f8aaa70f536,scripts/flashback (faraway island + oak's lab + mansion)/cinnabar island (outside).rbc,98,@mewTalk2,utf-8,He ran away.,,à_traduire,
9a9570eb6dda,scripts/flashback (faraway island + oak's lab + mansion)/cinnabar island 3 (missingno reveal).rbc,35,@talk,utf-8,Right along the eastern shore\nof Cinnabar Island.\pFrozen beneath the ocean surface[.],,à_traduire,
2e82c3fb44aa,scripts/flashback (faraway island + oak's lab + mansion)/cinnabar island 3 (missingno reveal).rbc,38,@talk2,utf-8,I presumed it would only be a\nmatter of time[.]\pBefore the creature would find a\nway to break free from my remote-\lcontrolled protection systems[.],,à_traduire,
2590556e41e8,scripts/flashback (faraway island + oak's lab + mansion)/faraway island level script.rbc,138,@bossTalk,utf-8,"As far as I know, that's where it\nstill hides to this day.\pNo capture expedition since--\nnot by the government, by us or\lany other party for that matter,\lhas been successful.",,à_traduire,
c45c7a038021,scripts/flashback (faraway island + oak's lab + mansion)/oak's lab.rbc,33,@bossTalk,cp1252,"By far the strongest Pokémon in\nexistence, but contained in the\lbody of the most benevolent and\lsofthearted creature you could\lever see.",,à_traduire,
65c55018e11a,scripts/flashback (faraway island + oak's lab + mansion)/oak's lab.rbc,36,@bossTalk1.5,cp1252,"We couldn't make the thing knock\nout a Magikarp for sport, let\lalone ravage a crowd of enemy\lmonsters in the field.",,à_traduire,
0c08e255eb70,scripts/flashback (faraway island + oak's lab + mansion)/oak's lab.rbc,39,@bossTalk2,cp1252,"So Oak decided on another\nsolution.\pTo harness Mew's power, they would\ncreate from it a genetic clone,\lconditioned from birth to be\ldevoid of empathy, and to possess\lan innate urge for battle.",,à_traduire,
1b2371faaa84,scripts/flashback (faraway island + oak's lab + mansion)/pokemon mansion.rbc,539,@bossTalk,cp1252,"Blaine, Fuji, Bill, and professor\nShigeki, Kanto's authority on\lgenetic engineering.",,à_traduire,
e32d885ccf80,scripts/flashback (faraway island + oak's lab + mansion)/pokemon mansion.rbc,543,@bossTalk2,cp1252,"Each member was a genius in his\nown right, and wasn't afraid to\lwork day and night for months for\la chance to save Kanto.",,à_traduire,
b2b281cc8324,scripts/flashback (faraway island + oak's lab + mansion)/pokemon mansion.rbc,546,@bossTalk3,cp1252,The project proved much more\ndifficult than expected.,,à_traduire,
9f0d391e8054,scripts/flashback (faraway island + oak's lab + mansion)/pokemon mansion.rbc,549,@bossTalk4,cp1252,"Most test cases came out as\nformless, half-dead pieces of\lflesh that did not resemble Mew in\lany way.",,à_traduire,
2662d65dbc07,scripts/flashback (faraway island + oak's lab + mansion)/pokemon mansion.rbc,553,@bossTalk5,cp1252,Though equally as erratic and\ndisgustingly shapeless as the\lothers[.]\pThis newborn monster had inherited\nMew's strength.,,à_traduire,
f1611f763439,scripts/flashback (faraway island + oak's lab + mansion)/pokemon mansion.rbc,557,@bossTalk6,cp1252,"It broke free from its test tube\nand escaped the lab, killing\lseveral of the earlier specimen in\lits wake.",,à_traduire,
df688b589ab9,scripts/flashback (faraway island + oak's lab + mansion)/pokemon mansion.rbc,561,@bossTalk7,cp1252,"This little incident became known\nas ""The Catastrophe"".\pAnd it scarred the scientists as\nwell as it did me.",,à_traduire,
92bf2081f24b,scripts/flashback (faraway island + oak's lab + mansion)/pokemon mansion.rbc,565,@bossTalk8,cp1252,"I began to lose faith in my\ninvestment, and I think Oak was\lstarting to feel the same way.",,à_traduire,
79246cff4eb5,scripts/flashback (faraway island + oak's lab + mansion)/pokemon mansion.rbc,569,@bossTalk10,cp1252,"Fuji suggested a way to contain\nMew's power within a solid,\lsentient body.",,à_traduire,
9130dd80b19c,scripts/flashback (faraway island + oak's lab + mansion)/pokemon mansion.rbc,574,@bossTalk11,cp1252,By creating a clone that would\ncombine Mew's DNA with that of a\lhuman.,,à_traduire,
7c8db91871c6,scripts/flashback (faraway island + oak's lab + mansion)/pokemon mansion.rbc,578,@bossTalk12,cp1252,"Initial tests proved promising,\nand the scientists agreed to each\lcontribute a sample of their own\lDNA to be used for the Mew clone.",,à_traduire,
6fac4eca1137,scripts/flashback (faraway island + oak's lab + mansion)/pokemon mansion.rbc,583,@bossTalk13,cp1252,Oak was the only one who refused\nto provide a DNA sample.\pHis skepticism for the project had\nby now risen to a peak.,,à_traduire,
ad2ab7192f86,scripts/flashback (faraway island + oak's lab + mansion)/pokemon mansion.rbc,586,@bossTalk14,cp1252,"Sooner than anyone could\nanticipate, the team had produced\ltheir definite ""Mewtwo"".",,à_traduire,
3e237088558b,scripts/flashback (faraway island + oak's lab + mansion)/pokemon mansion.rbc,591,@bossTalk15,cp1252,"A human-like, immensely powerful\npsychic Pokémon[.]\pPossessing the requisite cold,\nblood-thirsty mind and sapient\lintelligence.",,à_traduire,
8843049c8c58,scripts/flashback (faraway island + oak's lab + mansion)/pokemon mansion.rbc,595,@bossTalk16,cp1252,"Devoid of empathy, but\ndisturbingly intelligent, the\lnewborn clone could find no reason\lto fight for Kanto's cause.",,à_traduire,
0a86fe6e9ad9,scripts/flashback (faraway island + oak's lab + mansion)/pokemon mansion.rbc,599,@bossTalk17,cp1252,Why the war did not appeal to\nMewtwo we couldn't quite say[.]\pBut it refused to be used as a\nmilitary weapon.,,à_traduire,
934453a57159,scripts/flashback (faraway island + oak's lab + mansion)/pokemon mansion.rbc,603,@bossTalk18,cp1252,And when we insisted[.]\c\h08ó\nIt rebelled.,,à_traduire,
c5f8920ec020,scripts/flashback (faraway island + oak's lab + mansion)/pokemon mansion.rbc,607,@bossTalk19,cp1252,"With psychic powers we had no\nmeans to control, Mewtwo ruined\lthe lab and escaped the scientists\lwho had given it life.",,à_traduire,
e403cf0b3a70,scripts/flashback (faraway island + oak's lab + mansion)/pokemon mansion.rbc,611,@shigekiTalk,cp1252,"""The Catastrophe""[.]\c\h08ó\nIt was an abomination[.]\pPowerful, yes[.]\c\h08ó\nBut erratic and uncontrollable.\pIt was as if[.]\c\h08ó its presence would\ndistort the fabric of reality[.]",,à_traduire,
cf6c4bff01b7,scripts/flashback (faraway island + oak's lab + mansion)/pokemon mansion.rbc,615,@shigekiTalk2,cp1252,Like nothing we had ever seen[.]\c\h08ó\nIt was clearly too much to handle.,,à_traduire,
d263193dce57,scripts/flashback (faraway island + oak's lab + mansion)/pokemon mansion.rbc,619,@shigekiTalk3,cp1252,As you probably know already[.]\pIt made its escape in a violent\nfrenzy.,,à_traduire,
923e472ca016,scripts/flashback (faraway island + oak's lab + mansion)/pokemon mansion.rbc,625,@shigekiTalk4,cp1252,The monster didn't get far before\nI was able to immobilize it and\lput it to sleep.,,à_traduire,
ce355e2905d0,scripts/flashback (faraway island + oak's lab + mansion)/pokemon mansion.rbc,630,@shigekiTalk5,cp1252,I told the others I had everything\nunder control.\pWhen they asked me where the\ncreature lay dormant[.]\pI said I didn't know.,,à_traduire,
fc4ab199a048,scripts/flashback (faraway island + oak's lab + mansion)/pokemon mansion.rbc,634,@shigekiTalk6,cp1252,But the truth was[.]\c\h08ó\nI knew it all too well.,,à_traduire,
22847008e21b,scripts/flashback (faraway island + oak's lab + mansion)/transition map 2.rbc,15,@oakTalk,utf-8,I will return with a vengeance.,,à_traduire,
100e4267aa2f,scripts/flashback (faraway island + oak's lab + mansion)/transition map dialogue.rbc,259,@bossTalk,cp1252,It was eleven years ago[.],,à_traduire,
7ecfc85d283b,scripts/flashback (faraway island + oak's lab + mansion)/transition map dialogue.rbc,262,@bossTalk2,cp1252,But we had something that Lance\nand his boys did not[.]\pSomething we knew was the key to\nvictory[.],,à_traduire,
fa6af1cbf80b,scripts/flashback (faraway island + oak's lab + mansion)/transition map dialogue.rbc,265,@bossTalk3,cp1252,One so rare most laymen thought it\njust a legend[.],,à_traduire,
5f06ab4f4f90,scripts/flashback (faraway island + oak's lab + mansion)/transition map dialogue.rbc,269,@bossTalk4,cp1252,But legends don't win wars.\nOak knew better.,,à_traduire,
4765ed11e559,scripts/flashback (faraway island + oak's lab + mansion)/transition map dialogue.rbc,272,@bossTalk5,cp1252,But Mew could not be brandished\nlike artillery on the battlefield\lthe way Lance did his Johto dogs.\pAnd nor did Oak expect it could.,,à_traduire,
bde19782f74a,scripts/flashback (faraway island + oak's lab + mansion)/transition map dialogue.rbc,275,@bossTalk6,cp1252,"They called it[.]\c\h08ó\n""The Mewtwo Project"".",,à_traduire,
57e740d441cc,scripts/flashback (faraway island + oak's lab + mansion)/transition map dialogue.rbc,278,@bossTalk7,cp1252,An impressive team was assembled.,,à_traduire,
4d4576e65f6e,scripts/flashback (faraway island + oak's lab + mansion)/transition map dialogue.rbc,282,@bossTalk8,cp1252,But[.],,à_traduire,
51d681d35bd2,scripts/flashback (faraway island + oak's lab + mansion)/transition map dialogue.rbc,285,@bossTalk9,cp1252,One of these early failures[.]\c\h08ó\nwas particularly nasty.,,à_traduire,
479f48488d1a,scripts/flashback (faraway island + oak's lab + mansion)/transition map dialogue.rbc,288,@bossTalk10,cp1252,"Luckily, however[.]\pDr. Fuji soon gave new hope to the\nproject.",,à_traduire,
8ef3ac9b2ede,scripts/flashback (faraway island + oak's lab + mansion)/transition map dialogue.rbc,292,@bossTalk11,cp1252,"Ironically, however[.]\c\h08ó\nFuji's theory proved correct.",,à_traduire,
8f832d25dbbf,scripts/flashback (faraway island + oak's lab + mansion)/transition map dialogue.rbc,295,@bossTalk12,cp1252,"Before anyone could prepare it for\nthe field, however[.]\pThe Mewtwo Project[.]\c\h08ó reached its\nnatural conclusion.",,à_traduire,
c37e3cc48713,scripts/flashback (faraway island + oak's lab + mansion)/transition map dialogue.rbc,298,@bossTalk13,cp1252,"Driven, we believe, by a desire to\nfind worthy Pokémon opponents, it\lsought refuge in the depths of a\lnotoriously dangerous cave outside\lCerulean City.",,à_traduire,
fb48553adad4,scripts/flashback (faraway island + oak's lab + mansion)/transition map dialogue.rbc,301,@bossTalk14,cp1252,Soon after Mewtwo's escape[.]\c\h08ó\nIt was all over.,,à_traduire,
1e3f6efaf14e,scripts/flashback (faraway island + oak's lab + mansion)/transition map dialogue.rbc,304,@bossTalk15,cp1252,We had done our best to destroy\nall evidence of the project.\pBut there was no hiding the team's\ninvolvement in some kind of\lmilitary research.,,à_traduire,
1a11c49ae376,scripts/flashback (faraway island + oak's lab + mansion)/transition map dialogue.rbc,308,@bossTalk16,cp1252,Blaine and Bill were more\nreluctant[.],,à_traduire,
d2d9b18ee496,scripts/flashback (faraway island + oak's lab + mansion)/transition map dialogue.rbc,311,@bossTalk17,cp1252,"Now, as to this Shigeki[.]",,à_traduire,
05ca00001d63,scripts/flashback (faraway island + oak's lab + mansion)/transition map dialogue.rbc,314,@bossTalk18,cp1252,And me?,,à_traduire,
29e269e7dc1a,scripts/flashback (faraway island + oak's lab + mansion)/transition map dialogue.rbc,317,@bossTalk19,cp1252,Then I would cripple him from\ninside.\pI never looked back.,,à_traduire,
aab5f603c635,scripts/flashback (faraway island + oak's lab + mansion)/transition map dialogue.rbc,320,@mewTalk,cp1252,"Shigeki, you see[.]\pWas an old man in the days when\nthey gave birth to me.",,à_traduire,
2efe45005441,scripts/flashback (faraway island + oak's lab + mansion)/transition map dialogue.rbc,324,@mewTalk2,cp1252,He abandoned all his ties to his\npast life as a scientist[.]\pFar away from the public eye[.],,à_traduire,
b38b9ec835f6,scripts/flashback (faraway island + oak's lab + mansion)/transition map dialogue.rbc,327,@mewTalk3,cp1252,"Hehehehe[.]\c\h08ó\nYes[.]\pThese days, you see[.]\c\h08ó\nShigeki is[.]",,à_traduire,
370ea87497ba,scripts/flashback (faraway island + oak's lab + mansion)/transition map dialogue.rbc,330,@shigekiTalk1,cp1252,Until the first specimen was ready\nbefore our eyes.,,à_traduire,
9222329c5ca6,scripts/flashback (faraway island + oak's lab + mansion)/transition map dialogue.rbc,333,@shigekiTalk2,cp1252,"Thankfully, I had wireless safety\nmechanisms in place to stop it.",,à_traduire,
42fbec86f9ce,scripts/flashback (faraway island + oak's lab + mansion)/transition map dialogue.rbc,337,@shigekiTalk3,cp1252,"I was just too scared to admit, to\nall these powerful people[.]\pThat ""The Catastrophe"" was hiding\nright under our noses[.]",,à_traduire,
21e8f2f44744,scripts/flashback (faraway island + oak's lab + mansion)/transition map dialogue.rbc,342,@shigekiTalk4,cp1252,But[.]\c\h08ó\nIt still hasn't.,,à_traduire,
4b20284b8517,scripts/flashback (faraway island + oak's lab + mansion)/viridian city (outside).rbc,25,@talk,cp1252,An inconspicuous old citizen of\nViridian City.\p[.]\pNotable to his neighbors only for\nhis frequent drunken bouts[.]\pAnd[.]\c\h08ó his habit of keenly showing\npasserby youngsters how to catch\ltheir first Pokémon.,,à_traduire,
5d75ebfdda86,scripts/flashlight.rbc,41,@flashOn,utf-8,[player] switched on the\nFlashlight.,,à_traduire,
ad4b0d0f7ef3,scripts/flashlight.rbc,45,@lightText,utf-8,It lit up the cave!,,à_traduire,
d23cfe190cac,scripts/flashlight.rbc,48,@noCaveText,utf-8,[player] switched on the\nFlashlight.\p[.]\pBut it was not needed!,,à_traduire,
e4cd400efbba,scripts/flashlight.rbc,51,@onText,utf-8,[.]\nBut the Flashlight is already on!,,à_traduire,
0ba19dec8916,scripts/fuschia city/clyde.rbc,11,@talk,utf-8,"Yo!\nRocket!\pI can see plainly what you are,\nbut I'm not gonna stop you.\pKoga's my boss, and he says he\nneeds a Rocket's help, so fine..!\p[.]\pBy the way, if you're going in to\ntalk business, the other Trainers\lwon't challenge you unprovoked.\pBut if you go up and talk to them,\nthey won't turn down a battle!",,à_traduire,
f44863bd21db,scripts/fuschia city/fishing guru junior.rbc,11,@talk,utf-8,I guess[.] you were a good guy\nafter all..?,,à_traduire,
cce287cd70e6,scripts/fuschia city/fishing guru level script.rbc,105,@guruTalk,cp1252,"You know, junior[.]\pYou've shaped up to be quite the\nable fisherman.\pHow proud I am, seeing you[.] with\nthat Rod clutched expertly in your\lhands[.] austere fish-catching\ldetemination in your eyes[.]\pIt's beyond description.",,à_traduire,
255862d9ab92,scripts/fuschia city/fishing guru level script.rbc,109,@guruTalk2,cp1252,I think it's finally time[.]\c\h08ó I\nlet you in on our family secrets.,,à_traduire,
77d753d8a09f,scripts/fuschia city/fishing guru level script.rbc,113,@sonTalk,cp1252,"Oh, gee, dad!\nWhat kind of secret is that?\pI promise I won't tell anyone!",,à_traduire,
c80346fb13e9,scripts/fuschia city/fishing guru level script.rbc,117,@guruTalk3,cp1252,The secret behind[.]\c\h08ó\nWhat makes our Rod so[.]\c\h08ó GOOD.\pWhy it will forever be the envy of\nmy younger brother.,,à_traduire,
b004e6991014,scripts/fuschia city/fishing guru level script.rbc,122,@guruTalk4,cp1252,"You see, junior[.]\nIt's really quite simple.\pThe handle of a Good Rod[.]\c\h08ó is one we\ncultivate from the finest-grade\lIlex Forest wood[.]\pWe make the line from a special\ntype of extra-durable nylon[.]\pAnd then[.]\c\h08ó right at the point of\nthe hook[.]\pWe put just a little bit of[.]\c\h08ó\npharmaceutical grade cocaine,\lso that the fish.\c\h08ó.\c\h08ó.\c\h08ó",,à_traduire,
642533fb20c6,scripts/fuschia city/fishing guru level script.rbc,126,@guruTalk5,cp1252,"Junior!\c\h08ó It's another one of your\nuncle's spies, trying to eavesdrop\lon our best-kept fishing secrets!\pGet him!",,à_traduire,
446aae86da43,scripts/fuschia city/fishing guru level script.rbc,129,@sonTalk2,cp1252,I know how to deal with bad guys\nlike you!\pI won't let you ruin dad's\nfishing business!,,à_traduire,
e603a1c71492,scripts/fuschia city/fishing guru level script.rbc,132,@defeatText,cp1252,"Ah! I'm sorry I couldn't defend\nyou, pa!",,à_traduire,
33ae20ca362e,scripts/fuschia city/fishing guru level script.rbc,136,@guruTalk6,cp1252,I knew it! That devious brother\nof mine is sending crooks on me to\lsteal my secrets!\pArgh!\nI won't stand for it one minute..!,,à_traduire,
051d277a81f0,scripts/fuschia city/fishing guru level script.rbc,140,@ellipses,cp1252,[.],,à_traduire,
2ad1ea5e1f1c,scripts/fuschia city/fishing guru level script.rbc,144,@guruTalk7,cp1252,"L-look, man, I'm just a[.]\c\h08ó humble\nentrepreneur[.]\c\h08ó trying to provide\lfor my only child.\pMy brother[.]\c\h08ó he lacks the skill\nand imagination to make a decent\lRod himself[.]\pSo he tries to squeeze me out with\nforce instead!",,à_traduire,
c4d6e649b632,scripts/fuschia city/fishing guru level script.rbc,148,@guruTalk8,cp1252,"Th-the secrets you overheard[.]\pIf my brother finds out, he'll\nhave me bankrupt in no time!\pYou have a heart in there some-\nwhere, don't you, bandit?\pCan you promise not to tell my\nbrother about my secrets?",,à_traduire,
0f4c485d791d,scripts/fuschia city/fishing guru level script.rbc,152,@yesTalk,cp1252,"Oh, my!\nThank you, spy!\pI don't have much to offer you in\nreturn for daring to go against my\lbrother like that.\p[.]\pOur dealer gave me some of these,\nbut I can't find any use for them.\pMaybe you will?",,à_traduire,
78de602aa415,scripts/fuschia city/fishing guru level script.rbc,156,@itemMsg,cp1252,[player] received 3 Rare Candies!,,à_traduire,
ba94ddddb964,scripts/fuschia city/fishing guru level script.rbc,159,@putAway,cp1252,[player] put the Rare Candies in the\nItems pocket.,,à_traduire,
e5b56dac38cd,scripts/fuschia city/fishing guru level script.rbc,164,@noTalk,cp1252,"(Sigh[.])\c\h08ó\nI knew it..!\pIt's a dog-eat-dog world out\nthere, isn't it?\pWell, I hope my brother pays you\nwell for spying!\pC'mon, junior!",,à_traduire,
8d276c217221,scripts/fuschia city/fishing guru.rbc,25,@talk,utf-8,"I'm the Fishing Guru's older\nbrother.\pI simply looove fishing!\nI can't bear to go without.\p[.]\pYou know, I usually give away a\npromotional Rod to passers-by[.]\pBut you seem a bit shady; I think\nthat'd be a risky move.\pNothing personal, pal, just\nbusiness!",,à_traduire,
d8175f38d42d,scripts/fuschia city/fishing guru.rbc,28,@talk2,utf-8,"You've done me a great service,\nspy.\pI'll make sure to let my youngest\nbrother know what you did!",,à_traduire,
da3af214d509,scripts/fuschia city/fishing guru.rbc,32,@talk3,utf-8,"I will not have you inside my\nhouse, spy! Leave us!",,à_traduire,
59f32955f975,scripts/fuschia city/generic npc dialogue/fat guy.rbc,4,@talk,utf-8,"Sometimes, when I feel I'm taking\nlife a bit too seriously[.]\pI just stop to admire the dopey\nlook on a Slowpoke's face.\pThen I realize[.]\nIt's aaaall gooood, man.",,à_traduire,
f5227d94a2b8,scripts/fuschia city/generic npc dialogue/janine.rbc,4,@talk,utf-8,"My father is the Gym Leader of\nthis town.\pHe always tells me you Rockets are\nfighting for the good of Kanto.\lI think he's right.\pOh, but[.] I'm not supposed to tell\nanybody about that, of course.",,à_traduire,
745508f4da8e,scripts/fuschia city/generic npc dialogue/little boy.rbc,4,@talk,utf-8,"Hehehehe!\pDid you ever try giving the old\nman Warden a good scare?\pI like to sneak up behind him and\ngo ""boo""! You should see his face!\p[.]\pThen I run on out and hide in the\nbushes. Try it sometime!",,à_traduire,
c719b6cffc8c,scripts/fuschia city/generic npc dialogue/old man.rbc,4,@talk,utf-8,"Our Gym Leader Koga is a respected\nman around here.\pBut rumor has it he's on good\nterms with those Rocket fellows!\pSuch a shame for a man like that,\nisn't it?",,à_traduire,
99e26129ccac,scripts/fuschia city/generic npc dialogue/pokecenter youngster.rbc,4,@talk,utf-8,I heard some funny-sounding gangs\nhave been causing trouble at\lCycling Road lately.,,à_traduire,
bcaee6b12606,scripts/fuschia city/generic npc dialogue/warden worker 1.rbc,4,@talk,utf-8,"Warden Slowpoke takes safety very\nseriously.\pHe lets nobody enter his Safari\nZone without a proper ID.\pSo don't go thinking a thug like\nyou will get to play, Rocket!",,à_traduire,
76b4ecf82ccc,scripts/fuschia city/generic npc dialogue/warden worker 2.rbc,4,@talk,utf-8,"Warden Slowpoke is one shrewd\nbusinessman!\pThe newest Safari Zone promotional\ngame is a real hit with customers.\pI hear Gym Leader Koga is not too\nhappy with it, though[.]",,à_traduire,
eb028fde3a15,scripts/fuschia city/generic npc dialogue/warden worker 3.rbc,4,@talk,utf-8,"Warden Slowpoke has such a shiny,\nsparkly set of teeth, doesn't he?\pBut all it takes is a good shake\nand those dentures pop right out!\lIt's pretty funny, if you ask me.",,à_traduire,
33d7fad64bcc,scripts/fuschia city/generic npc dialogue/youngster.rbc,4,@talk,utf-8,"That item ball in there[.]\nWere you wanting that?\pHaha, stupid! Have you never seen\na Voltorb before?",,à_traduire,
fa12d1919f45,scripts/fuschia city/gym/trainer 1 (from bottom right).rbc,10,@postBattle,utf-8,"So, you mix brawn with brains?\nGood strategy!\pRemarkably intelligent for a\nRocket!",,à_traduire,
23f35061fcd8,scripts/fuschia city/gym plaque.rbc,33,@text1,cp1252,Fuchsia Pokémon Gym\nLeader: Koga\pWinning Trainers:,,à_traduire,
6ef33305b163,scripts/fuschia city/gym plaque.rbc,36,@text2,cp1252,Fuchsia Pokémon Gym\nLeader: Koga\pWinning Trainers:\nMohammed Smith,,à_traduire,
32492b68f746,scripts/fuschia city/gym plaque.rbc,39,@text3,cp1252,"Fuchsia Pokémon Gym\nLeader: Koga\pWinning Trainers:\nBlue, Red",,à_traduire,
5b41ffb85690,scripts/fuschia city/gym plaque.rbc,42,@text4,cp1252,"Fuchsia Pokémon Gym\nLeader: Koga\pWinning Trainers:\nBlue, Red, Mohammed Smith",,à_traduire,
de149f3b07e6,scripts/fuschia city/koga.rbc,161,@talk,cp1252,"Koga: Fwahahaha! Rocket!\nThe very type I need right now!\pI must request your assistance!\nFor ample compensation, of course.\pWarriors of the darkness, such as\nyou and I-- one in ninja robes and\lone in a jumpsuit of spandex!\pLet us unite our powers to a\ncommon cause; what say you?",,à_traduire,
2a9aefe08ce6,scripts/fuschia city/koga.rbc,164,@talk2,cp1252,"Very well!\c\h08ó\nHere is my situation, young one.\pThe Safari Zone Warden runs\na promotion for his Safari Game.\pTrainers come in to play, and if\nthey reach his ""Secret House"",\lthey win an HM Surf[.]\pThe very move my Badge grants\nthem license to use, mind you!\pSee, the trouble is[.]\c\h08ó\nNobody's winning!\pThat old capitalist hid this House\nout in some obscure corner that\lthese sorry Trainers never stand a\lchance of finding before the\lding-dong sound goes!",,à_traduire,
af6ab6c3b5c0,scripts/fuschia city/koga.rbc,167,@talk3,cp1252,"And what is the result, you ask?\p[.]\pThat nobody wants to challenge my\nGym anymore!\pIf they can't get that coveted HM\nto Surf the seas, why, they see no\lreason to try for my Badge!\pPreposterous!\pI can hardly defend a Gym when it\nhas no cause for defending!",,à_traduire,
e2029c12922d,scripts/fuschia city/koga.rbc,170,@talk4,cp1252,"So, Rocket!\c\h08ó\nFind that Secret House!\pSnatch yourself the largest box\nfull of HMs you can hold and\lbring it here!\pWe will set up our own method of\ndistribution.\pI have many ways to repay you for\nyour efforts, worry not.",,à_traduire,
28c05084253b,scripts/fuschia city/koga.rbc,173,@talk5,cp1252,"Now, as master of concealment and\ndisguise, I have tricks up my\lsleeve!\pTake this with you.",,à_traduire,
0be455aa8ee3,scripts/fuschia city/koga.rbc,176,@cardReceive,cp1252,[player] received the\nEmployee Card!,,à_traduire,
e076c9fd2de4,scripts/fuschia city/koga.rbc,180,@talk6,cp1252,Fwahahaha[.]\pUse that to sneak into the Safari\nZone without having to play that\lsilly Ball game.,,à_traduire,
2aaba81ef170,scripts/fuschia city/koga.rbc,185,@noTalk,cp1252,"Hmph!\nWell, suit yourself!\pIt's not as if a master ninja such\nas I has any trouble handling my\lown affairs! Be gone!",,à_traduire,
0548c28554ef,scripts/fuschia city/koga.rbc,189,@midMissionTalk,cp1252,"Koga: How goes it, fellow darkness\nwarrior?\pAre you on your way to getting me\na box of those HMs from the Secret\lHouse in the Safari Zone?\pFwahahaha[.]\nMove with haste, Rocket!",,à_traduire,
a7921d0b754e,scripts/fuschia city/koga.rbc,193,@completeTalk,cp1252,"Koga: Oh my!\nYou brought it for me, Rocket!",,à_traduire,
004112824572,scripts/fuschia city/koga.rbc,197,@giveBox,cp1252,[player] handed over the\nBox of HMs.,,à_traduire,
c3ff5ee5c43a,scripts/fuschia city/koga.rbc,200,@completeTalk2,cp1252,"How can I repay you for such an\nact of service, Rocket?",,à_traduire,
c4e254141029,scripts/fuschia city/koga.rbc,205,@completeTalk3,cp1252,"Fwahahaha!\c\h08ó\nWhy, I know just the thing!\pA tough-knuckled criminal like\nyourself[.]\pI can provide you with[.]\c\h08ó\nYour very own secret identity!\pOne that frees you from the judge-\nment and the hatred of the people!\pOne that[.]\c\h08ó could grant you entry\nto any Gym like mine as any other\lofficial Trainer..!\pHow does such an arrangement\nsound?\l[.]\pFwahahaha!\pThe master of concealment and\ndisguise has you covered, friend!\pTake this with you and use it\nwell.",,à_traduire,
5c9b96dbef16,scripts/fuschia city/koga.rbc,208,@card2Receive,cp1252,[player] received the\nTrainer Card!,,à_traduire,
6e3122b4bc58,scripts/fuschia city/koga.rbc,211,@completeTalk4,cp1252,"Fwahahaha[.]\pWith this masterfully crafted\nTrainer Card of mine, you can\lchallenge any Gym Leader in Kanto!\pWhy[.]\c\h08ó\nEven myself!\pOf course[.]\pPerhaps you should like to wait\nuntil you have the rank and power\lin your underworld to steal a Gym\lLeader's Pokémon?\pFwahahaha[.]\c\h08ó\nThe choice is yours, Rocket!",,à_traduire,
f757cbd285c2,scripts/fuschia city/koga.rbc,214,@completeTalkBoss,cp1252,"Fwahahaha[.]\pWith this masterfully crafted\nTrainer Card of mine, you can\lchallenge any Gym Leader in Kanto!\pWhy[.]\c\h08ó\nEven myself!\pI would think a tough-looking man\nlike you would have no trouble\lstealing a Pokémon or two from\lthem as well, eh?\pFwahahaha[.]",,à_traduire,
0c0701f4f8c6,scripts/fuschia city/koga.rbc,217,@postMissionTalk,cp1252,"Koga: Fwahahaha!\nWelcome back, Rocket!\pDid you come to challenge me to a\nGym battle?",,à_traduire,
63ceeda0ba87,scripts/fuschia city/koga.rbc,221,@postMissionTalk2,cp1252,"Why, indeed!\pYou came simply to stare in awe at\nmy magnificent ninja skills?\pFwahahaha[.]\c\h08ó\nWho could blame you?",,à_traduire,
f31ac4b0b4cc,scripts/fuschia city/koga.rbc,225,@challengeText,cp1252,"Fwahahaha!\pThe very idea makes me shiver\nwith mirth!\pVery well, I shall show you true\nterror as a ninja master.\pPoison brings steady doom.\nSleep renders foes helpless.\pDespair to the creeping horror of\nPoison-type Pokémon!\c\h0B[Ke]À",,à_traduire,
43cea93de865,scripts/fuschia city/koga.rbc,228,@rewardTalk,cp1252,"Now that you have the Soulbadge,\nthe Defense of your Pokémon rises.\pAh!\nTake this, too!",,à_traduire,
81488ebb6912,scripts/fuschia city/koga.rbc,231,@makeSpace,cp1252,"Make space for this, Rocket!",,à_traduire,
d8edb93a21a7,scripts/fuschia city/koga.rbc,234,@postDefeatTalk,cp1252,"Koga: What else is there to say,\nyoung Rocket?\pYou are a shadow warrior truly\nunlike any other!",,à_traduire,
c66de336c190,scripts/fuschia city/koga.rbc,237,@stolenTalk,cp1252,"Wah! A taste of my own medicine!\nYou sneaky thief, you!\p[.]\pWell, I never liked that\n[buffer1] much anyway, to tell\lyou the truth[.]\pAnyway[.]",,à_traduire,
ad805f836867,scripts/fuschia city/leto (2nd interact).rbc,206,@talk,cp1252,"My-my, what's this? Did the good\nTrainer change his mind? Haha!",,à_traduire,
11c50f950279,scripts/fuschia city/leto (2nd interact).rbc,235,@talk2,cp1252,"Behold!\nI have returned!\pLeto, aspiring master Cutter, at\nyour service!\pDo you wish me to Cut down all the\ntrees around Fuchsia?",,à_traduire,
ff6e738e9059,scripts/fuschia city/leto (2nd interact).rbc,239,@yesOrNo,cp1252,"A mere [$]1000, and you will bear\nwitness to my Cutting prowess!",,à_traduire,
4a5cf366147b,scripts/fuschia city/leto (2nd interact).rbc,242,@yesTalk,cp1252,"Ah! Sir, I daresay you made an\nexcellent choice!\pNow, if you'll allow me[.]",,à_traduire,
43a5af599ffd,scripts/fuschia city/leto (2nd interact).rbc,264,@noTalk,cp1252,"No?\c\h08ó\nWhy, f-fine, then.\pI can see that this region is not\nyet cultured enough to appreciate\lthe fine art of a proper Cut!\pWell, should the good sir ever\nchange his mind, I will never be\lfar away from any of this region's\lexquisite trees, rest assured!\pHmph! Good day.",,à_traduire,
90d13e7144e3,scripts/fuschia city/leto (2nd interact).rbc,267,@notEnoughTalk,cp1252,"What?\nInsufficient funds?\pSir, my asking price is akin to\ngiving it away, I assure you!\pBut[.] if the uncultured folk of\nKanto find it too great an expense\lfor witnessing the finest of fine\lart, then what is a man to do?\pWell, should the good sir ever\nearn the necessary means to afford\lmy services, I will never be\lfar away from any of this region's\lexquisite trees, rest assured!\pHmph! Good day.",,à_traduire,
61445e9c177e,scripts/fuschia city/leto (2nd interact).rbc,270,@goodBye,cp1252,"Oh!\nWhat pleasure..!\pA Cut as splendid as this is a\nare sight in times like these,\leven to eyes such as mine!\pWell[.] should you ever be in need\nof my Cutting expertise again,\ldear Trainer, you can be sure to\lfind me by this region's most\lbeautiful trees.\pUntil we meet again!",,à_traduire,
7877dbfe710d,scripts/fuschia city/leto V2 (2nd interact).rbc,216,@talk,cp1252,"My-my, what's this? Did the good\nTrainer change his mind? Haha!",,à_traduire,
d5b9e7f5c07c,scripts/fuschia city/leto V2 (2nd interact).rbc,238,@talk2,cp1252,"Behold!\nI have returned!\pLeto, aspiring master Cutter, at\nyour service!\pDo you wish me to Cut down all the\ntrees around Fuchsia?",,à_traduire,
52ace3eac697,scripts/fuschia city/leto V2 (2nd interact).rbc,242,@yesOrNo,cp1252,"A mere [$]1000, and you will bear\nwitness to my Cutting prowess!",,à_traduire,
8c30b39037e1,scripts/fuschia city/leto V2 (2nd interact).rbc,245,@yesTalk,cp1252,"Ah! Sir, I daresay you made an\nexcellent choice!\pNow, if you'll allow me[.]",,à_traduire,
48510dc5a54e,scripts/fuschia city/leto V2 (2nd interact).rbc,262,@noTalk,cp1252,"No?\c\h08ó\nWhy, f-fine, then.\pI can see that this region is not\nyet cultured enough to appreciate\lthe fine art of a proper Cut!\pWell, should the good sir ever\nchange his mind, I will never be\lfar away from any of this region's\lexquisite trees, rest assured!\pHmph! Good day.",,à_traduire,
671f63d81a52,scripts/fuschia city/leto V2 (2nd interact).rbc,265,@notEnoughTalk,cp1252,"What?\nInsufficient funds?\pSir, my asking price is akin to\ngiving it away, I assure you!\pBut[.] if the uncultured folk of\nKanto find it too great an expense\lfor witnessing the finest of fine\lart, then what is a man to do?\pWell, should the good sir ever\nearn the necessary means to afford\lmy services, I will never be\lfar away from any of this region's\lexquisite trees, rest assured!\pHmph! Good day.",,à_traduire,
89cc19aabe62,scripts/fuschia city/leto V2 (2nd interact).rbc,268,@goodBye,cp1252,"Oh!\nWhat pleasure..!\pA Cut as splendid as this is a\nare sight in times like these,\leven to eyes such as mine!\pWell[.] should you ever be in need\nof my Cutting expertise again,\ldear Trainer, you can be sure to\lfind me by this region's most\lbeautiful trees.\pUntil we meet again!",,à_traduire,
22925414416b,scripts/fuschia city/leto V2.rbc,224,@greetings,cp1252,"Do trees obscure the path to your\ndestiny? Do not fear, Trainer!",,à_traduire,
78fdcc0de2a4,scripts/fuschia city/leto V2.rbc,248,@talk,cp1252,"I am here, sir, and forever at\nyour service!\pThe one and only[.]\nLeto, master Cutter! \c\h08ó([.]almost.)",,à_traduire,
7c2dcd48039e,scripts/fuschia city/leto V2.rbc,254,@talk2,cp1252,"I Cut, dear Trainer, therefore I\nam!\pWhere I see distraught travellers\nundermined by trees in their path,\lmy giving heart fills with desire\lto set things right anew!\pLet me Cut for you the trees\naround Fuchsia and ease the weight\loff your burdened shoulders!",,à_traduire,
ee4775220519,scripts/fuschia city/leto V2.rbc,258,@yesOrNo,cp1252,"[.]\c\h08ófor a modest fee of [$]1000,\nnaturally.",,à_traduire,
9d2a562ca547,scripts/fuschia city/leto V2.rbc,261,@yesTalk,cp1252,"Ah! Sir, I daresay you made an\nexcellent choice!\pNow, if you'll allow me[.]",,à_traduire,
d3e5c9519a4e,scripts/fuschia city/leto V2.rbc,278,@noTalk,cp1252,"No?\c\h08ó\nWhy, f-fine, then.\pI can see that this region is not\nyet cultured enough to appreciate\lthe fine art of a proper Cut!\pWell, should the good sir ever\nchange his mind, I will never be\lfar away from any of this region's\lexquisite trees, rest assured!\pHmph! Good day.",,à_traduire,
a21aa99ab362,scripts/fuschia city/leto V2.rbc,281,@notEnoughTalk,cp1252,"What?\nInsufficient funds?\pSir, my asking price is akin to\ngiving it away, I assure you!\pBut[.] if the uncultured folk of\nKanto find it too great an expense\lfor witnessing the finest of fine\lart, then what is a man to do?\pWell, should the good sir ever\nearn the necessary means to afford\lmy services, I will never be\lfar away from any of this region's\lexquisite trees, rest assured!\pHmph! Good day.",,à_traduire,
66241e9e0954,scripts/fuschia city/leto V2.rbc,284,@goodBye,cp1252,"Oh!\nWhat pleasure..!\pA Cut as splendid as this is a\nare sight in times like these,\leven to eyes such as mine!\pWell[.] should you ever be in need\nof my Cutting expertise again,\ldear Trainer, you can be sure to\lfind me by this region's most\lbeautiful trees.\pUntil we meet again!",,à_traduire,
02cff8556fa6,scripts/fuschia city/leto.rbc,211,@greetings,cp1252,"Do trees obscure the path to your\ndestiny? Do not fear, Trainer!",,à_traduire,
0c19c8ee25e9,scripts/fuschia city/leto.rbc,240,@talk,cp1252,"I am here, sir, and forever at\nyour service!\pThe one and only[.]\nLeto, master Cutter! \c\h08ó([.]almost.)",,à_traduire,
0e46e5761312,scripts/fuschia city/leto.rbc,246,@talk2,cp1252,"I Cut, dear Trainer, therefore I\nam!\pWhere I see distraught travellers\nundermined by trees in their path,\lmy giving heart fills with desire\lto set things right anew!\pLet me Cut for you the trees\naround Fuchsia and ease the weight\loff your burdened shoulders!",,à_traduire,
5c5ca3f75d26,scripts/fuschia city/leto.rbc,250,@yesOrNo,cp1252,"[.]\c\h08ófor a modest fee of [$]1000,\nnaturally.",,à_traduire,
8da9d2263342,scripts/fuschia city/leto.rbc,253,@yesTalk,cp1252,"Ah! Sir, I daresay you made an\nexcellent choice!\pNow, if you'll allow me[.]",,à_traduire,
587c5451d6d7,scripts/fuschia city/leto.rbc,275,@noTalk,cp1252,"No?\c\h08ó\nWhy, f-fine, then.\pI can see that this region is not\nyet cultured enough to appreciate\lthe fine art of a proper Cut!\pWell, should the good sir ever\nchange his mind, I will never be\lfar away from any of this region's\lexquisite trees, rest assured!\pHmph! Good day.",,à_traduire,
cd06586c7627,scripts/fuschia city/leto.rbc,278,@notEnoughTalk,cp1252,"What?\nInsufficient funds?\pSir, my asking price is akin to\ngiving it away, I assure you!\pBut[.] if the uncultured folk of\nKanto find it too great an expense\lfor witnessing the finest of fine\lart, then what is a man to do?\pWell, should the good sir ever\nearn the necessary means to afford\lmy services, I will never be\lfar away from any of this region's\lexquisite trees, rest assured!\pHmph! Good day.",,à_traduire,
8a7e55c15614,scripts/fuschia city/leto.rbc,281,@goodBye,cp1252,"Oh!\nWhat pleasure..!\pA Cut as splendid as this is a\nare sight in times like these,\leven to eyes such as mine!\pWell[.] should you ever be in need\nof my Cutting expertise again,\ldear Trainer, you can be sure to\lfind me by this region's most\lbeautiful trees.\pUntil we meet again!",,à_traduire,
746d798ed2e8,scripts/fuschia city/move deleter.rbc,81,@introTalk,cp1252,"Uh[.]\nOh, yes, I'm the Move Deleter.\pI can make Pokémon forget their\nmoves.\pWould you like me to do that?",,à_traduire,
13962058327a,scripts/fuschia city/move deleter.rbc,84,@whichPokemon,cp1252,Which Pokémon should forget a\nmove?,,à_traduire,
e5df2d239523,scripts/fuschia city/move deleter.rbc,87,@whichMove,cp1252,Which move should be forgotten?,,à_traduire,
49d5a21dd63e,scripts/fuschia city/move deleter.rbc,90,@confirmMove,cp1252,Hm! [buffer1]'s [buffer2]?\nThat move should be forgotten?,,à_traduire,
d3793d3138a6,scripts/fuschia city/move deleter.rbc,93,@endTalk,cp1252,Come again if there are other\nmoves to be forgotten.,,à_traduire,
f4b4ba6dd659,scripts/fuschia city/move deleter.rbc,96,@eggTalk,cp1252,What?\nNo Egg should know any moves.,,à_traduire,
f9bb8b84fd64,scripts/fuschia city/move deleter.rbc,99,@lastMoveTalk,cp1252,[buffer1] seems to know only one\nmove[.],,à_traduire,
70a5ca49c181,scripts/fuschia city/move deleter.rbc,102,@deleteTalk,cp1252,It worked to perfection!\p[buffer1] has forgotten\n[buffer2] completely.,,à_traduire,
90933e0eccdb,scripts/fuschia city/move deleter.rbc,105,@missingnoTalk,cp1252,"W-what is that Pokémon..?!\nPlease don't make me touch it!\p[.]\pP-please bring me a normal Pokémon\ninstead, OK?",,à_traduire,
abdff7c3d8e2,scripts/fuschia city/move reminder.rbc,89,@introTalk,cp1252,"I'm the Pokémon Move Maniac.\pI know every single move that\nPokémon learn growing up.\pI'm also a capital maniac.\pBring me some cold, hard dough and\nI'll teach your Pokémon a move!",,à_traduire,
3899d4030f22,scripts/fuschia city/move reminder.rbc,92,@moneyTalk,cp1252,"It's [$]3,000 a pop.\nHow about it, brother?",,à_traduire,
f71766eff563,scripts/fuschia city/move reminder.rbc,95,@noTalk,cp1252,"Hey, if your Pokémon need to learn\na move, I need compensation.",,à_traduire,
cf3e0590b875,scripts/fuschia city/move reminder.rbc,98,@whichPokemon,cp1252,Which Pokémon needs tutoring?,,à_traduire,
4dd92db086a6,scripts/fuschia city/move reminder.rbc,101,@eggTalk,cp1252,Hunh? There isn't a single move\nthat I can teach an Egg.,,à_traduire,
12e23e2473ed,scripts/fuschia city/move reminder.rbc,104,@noMovesTalk,cp1252,Sorry[.]\pIt doesn't appear as if I have a\nmove I can teach that Pokémon.,,à_traduire,
aaa507498d8f,scripts/fuschia city/move reminder.rbc,107,@whichMove,cp1252,Which move should I teach?,,à_traduire,
72b1ffdcd46c,scripts/fuschia city/move reminder.rbc,110,@notEnoughTalk,cp1252,"Ha, you poor loser!\nYou're not fooling me!\pGo get a job and get me some more\ndough before you see me again.",,à_traduire,
301b36a83065,scripts/fuschia city/policeman.rbc,368,@1stTalk,cp1252,"Well, well, well!\pIf it isn't one of you Rockets\nI've heard so much about!\pI am a special officer, sent by\nLance to bring you to justice!\p[.]\pWha--\c\h08ó [.]no, I won't be arresting\nyou; those aren't my orders.\pI am here to ""facilitate your\nrehabilitation""!\pI have a shiny new TM26 Earthquake\nright here, that can be yours if\lyou keep your criminal record\lclean long enough!",,à_traduire,
c59ce49a8a8f,scripts/fuschia city/policeman.rbc,373,@1stTalk2,cp1252,"Now, then[.]\nWhat's your name, scoundrel?\p[.]\c\h08ó\n[player]?\pWell, let me check my registry\nhere for a second[.]",,à_traduire,
c0e7fd1a783a,scripts/fuschia city/policeman.rbc,377,@preItemTalk,cp1252,"My, my, what have we here?\nA Rocket bandit in the flesh!\pI'm to give you this TM26 Earth-\nquake if you keep your record\lclean long enough, so keep it\lcool!\p[player], is it?\c\h08ó\nWell, let me see here[.]",,à_traduire,
b5bc84b60279,scripts/fuschia city/policeman.rbc,381,@postItemTalk,cp1252,"My, my, what have we here?\nA Rocket bandit in the flesh!\p[player], is it?\c\h08ó\nWell, let me see here[.]",,à_traduire,
bea5517863da,scripts/fuschia city/policeman.rbc,392,@vBadTalk,cp1252,"My goodness!\c\h08ó Y-you're one of the\nmost infamous criminals in Kanto!\pThe price on your head is a\nwhooping [$][buffer1],000!\pGrr[.] what could you possibly want\nwith me, you filthy outlaw?!\pIt will take a lot more than a\ncouple of Pokémon trades to atone\lfor your sins, I'll tell you!",,à_traduire,
2ba44884c301,scripts/fuschia city/policeman.rbc,396,@vBadText,cp1252,[blue_fr][.]well?,,à_traduire,
ea196aefa829,scripts/fuschia city/policeman.rbc,400,@pBadTalk,cp1252,"Oh, my!\nYou're quite the villain!\pThe bounty on your head stands at\n[$][buffer1],000!\pThat's nothing to joke about, son.\pUnless you plan to spend the rest\nof your days in jail, I suggest\lyou change your ways soon, before\lit's all too late!",,à_traduire,
06d0a09027e8,scripts/fuschia city/policeman.rbc,404,@pBadText,cp1252,[blue_fr]How can I help you t[blue_fr]urn things\n[blue_fr]around?,,à_traduire,
4fcbf74c638a,scripts/fuschia city/policeman.rbc,408,@mBadTalk,cp1252,"Hm[.] Well, I've seen worse in my\ndays, but you're on a dangerous\lpath, Rocket!\pThe bounty on your head stands at\n[$][buffer1],000.\pCome back into the light while you\nstill can!",,à_traduire,
a061f0d1f876,scripts/fuschia city/policeman.rbc,412,@mBadText,cp1252,[blue_fr]What can I help you [blue_fr]with?,,à_traduire,
824d0a214753,scripts/fuschia city/policeman.rbc,415,@nBadTalk,cp1252,"Well, you're not so bad, are you?\pThe bounty on your head is a mere\n[$][buffer1],000.\pOh, a few slip-ups here and there\nhappen to the best of us, right?\pI'm glad you came to me to set\nthings straight again[.]\c\h08ó right?",,à_traduire,
e1425b700ecf,scripts/fuschia city/policeman.rbc,420,@nBadText,cp1252,"[blue_fr]What can I do for yo[blue_fr]u, son?",,à_traduire,
672a2d8b76be,scripts/fuschia city/policeman.rbc,424,@iTalk,cp1252,"Oh, wow! What's this? There's no\nbounty on your head at all!\pThat's what I like to see.\pThe moral road is a narrow one,\nbut you walk it all the same!",,à_traduire,
6acc859f3523,scripts/fuschia city/policeman.rbc,427,@itemTalk,cp1252,"I like you, son.\pHere is a token of appreciation\nfrom the government for embracing\lyour new life as a law-abiding\lcitizen!",,à_traduire,
8b9a63b388d5,scripts/fuschia city/policeman.rbc,431,@notYetItem,cp1252,"Keep up this behavior, and this TM\nwill be all yours before long.",,à_traduire,
dba8b1cfc190,scripts/fuschia city/policeman.rbc,436,@noRoomTalk,cp1252,"Why, but you've no space left for\nit, do you? Make some room!",,à_traduire,
38db4bb66e30,scripts/fuschia city/policeman.rbc,439,@itemMsg,cp1252,[player] received TM26 from the\npoliceman!,,à_traduire,
ebfce53a1eab,scripts/fuschia city/policeman.rbc,444,@putAway,cp1252,[player] put TM26 in the TM Case.,,à_traduire,
cb653ca1f263,scripts/fuschia city/policeman.rbc,450,@itemAlreadyGot,cp1252,"Go seek out the officers in the\nother cities, son.\pIf you keep up your good behavior,\nthey'll reward you as I have!",,à_traduire,
6c2b9313c742,scripts/fuschia city/policeman.rbc,454,@1pokeMsg,cp1252,But[.] surely you can't turn in\nyour only Pokémon?\pThat would cause all sorts of\nweird question marks and humbug.\pI'm not having it!,,à_traduire,
0912cf0ce656,scripts/fuschia city/policeman.rbc,458,@handInTalk,cp1252,"Fair enough!\pYou hand in one of your stolen\nPokémon to me, and we agree to\llower the bounty on your head in\lproportion to the Pokémon's level.",,à_traduire,
4d4556942e76,scripts/fuschia city/policeman.rbc,461,@handInTalk1.5,cp1252,"The bounty on you is [$][buffer1],000.\nWhich Pokémon will you hand in?",,à_traduire,
6efeb1df8fe0,scripts/fuschia city/policeman.rbc,466,@handInTalk2,cp1252,"Fine. I'll lower your bounty by\n[$][buffer1],000 for this [buffer2].",,à_traduire,
1f5057bea2b0,scripts/fuschia city/policeman.rbc,469,@pkmnDeleted,cp1252,[player] turned [buffer2] in to the\npoliceman.,,à_traduire,
01bb1fc9ca3c,scripts/fuschia city/policeman.rbc,473,@postDeletion,cp1252,"You made the right choice, Rocket.\nCongratulations.\pYour bounty has now been lowered\nto [$][buffer1],000.\pKeep it up and you'll be a free\nman in no time at all!",,à_traduire,
579a4ab95411,scripts/fuschia city/policeman.rbc,477,@noMoreBounty,cp1252,"Well, I'll be!\nYou did the right thing, Rocket.\pYour bounty has now been\ncompletely wiped.\pIt touches me to see that I could\nhelp you become a free man again!",,à_traduire,
66a453c1f81c,scripts/fuschia city/policeman.rbc,481,@bribeTalk,cp1252,"What's that?\c\h08ó\nMy god! The idea!\pI am unwavering in my adherence to\nmy moral principles, I assure you!\p[.]\c\h08ó\n(Shh[.] not so loud, now.)",,à_traduire,
ec8361d43a0b,scripts/fuschia city/policeman.rbc,484,@howMuch,cp1252,"(How much are we talking?)\n(The bounty is [blue_fr]at [$][buffer1],000[blue_fr].)",,à_traduire,
8927687728c3,scripts/fuschia city/policeman.rbc,488,@noMoneyTalk,cp1252,"Gah!\p(Come back when you actually have\nthe money, and we'll talk!)",,à_traduire,
8d10dcec7b40,scripts/fuschia city/policeman.rbc,492,@postBribeTalk,cp1252,"Mmmm!\pWell, in times like these[.]\nwhat can you do..?\p(Your bounty has been lowered to\n[$][buffer1],000, all right?)\p(But remember, son-- I sure as\nheck didn't do it!)",,à_traduire,
4244f0b9c150,scripts/fuschia city/policeman.rbc,496,@postBribeTalk2,cp1252,"Mmmm!\pWell, in times like these[.]\nwhat can you do..?\p(The bounty on your head has now\nbeen completely wiped.)\p(But I know nothing about it,\nyou hear me?)",,à_traduire,
1c8eed629224,scripts/fuschia city/policeman.rbc,500,@goodBye,cp1252,"No? Well, have it your way.\nGood day, Rocket.",,à_traduire,
a93cc3b1e32e,scripts/fuschia city/policeman.rbc,503,@missingnoTalk,cp1252,"What in Arceus's name is that\nPokémon..?!\pI don't know where you got that\nfrom, but I'll want nothing to do\lwith it!\pHand in a normal Pokémon, won't\nyou?!",,à_traduire,
36c20508bc23,scripts/fuschia city/safari guard 1 (interact).rbc,8,@talk,utf-8,"Looking good today, Mr. Smith!\pRemember, if you see any shady-\nlooking folks walking around\lthese parts, let me know!\pThe old Warden wants none of that,\nyou know! No, sur-rey!",,à_traduire,
6e065d5a80cd,scripts/fuschia city/safari guard 2.rbc,8,@talk,cp1252,"Old Warden Slowpoke is quite a\nstrict boss, gotta say.\pBut[.]\c\h08ó tell you something funny[.]\c\h08ó\nHe's real jumpy-like!\pI bet you could just sneak on up\nbehind the old guy and scare him\lright senseless!\pHa-ha!\c\h08ó Not that I'd ever have the\nguts for a prank like that[.]",,à_traduire,
57392295c8c4,scripts/fuschia city/safari guard.rbc,87,@guardTalk2,cp1252,"For just [$]500, you can play the\nSafari Ga--\c\h08ó\pHey[.]\c\h08ó I'll be darned if I haven't\nseen that uniform before..!",,à_traduire,
c75c6a64ddb3,scripts/fuschia city/safari guard.rbc,90,@guardTalk3,cp1252,"Warden Slowpoke said loud and\nclear-- ""none of those Rocket\lfolks in our Safari Zone""!\pBad for business, you see.\nYou're gonna have to leave, pal.",,à_traduire,
a0a14bc996e3,scripts/fuschia city/safari guard.rbc,94,@guardTalk4,cp1252,"Wait[.]\c\h08ó What's that you got there?\nOh, it's one of our employee IDs!\p[.]\pSo you're just passing through to\nfeed the Pokémon or something, eh?\p[.]\pYou know, I've[.]\c\h08ó never seen your\nface here before, have I?\lAnd that uniform you've got[.]\pSay, let me just call the Warden\nto make sure nothing fishy's going\lon[.]\pDon't mean to be paranoid, it's\njust procedure. Hang on a sec.",,à_traduire,
c06cb014c294,scripts/fuschia city/safari guard.rbc,98,@guardTalk5,cp1252,"Yeah, Warden, is it?\pNothing much to bother you, sir,\nsee[.]\c\h08ó I was just wondering[.]\pDo we have a[.]\c\h08ó er--\c\h08ó a[.]\pPink-haired young dude with a[.]\c\h08ó\npajama-looking outfit[.]\lRed ""R"" across his chest[.]\lName of[.]\l""Mohammed Smith""[.]\l..working here at the Safari Zone?",,à_traduire,
7db76d1508e5,scripts/fuschia city/safari guard.rbc,102,@wardenTalk,cp1252,Warden: Argh!\c\h08ó You useless idiot!\nDon't you see?!\pIt's one of those Rocket goons\ntrying to sneak their way in!\pDo not let that thug into my\nSafari Zone for any reason!,,à_traduire,
97ae6a362f22,scripts/fuschia city/safari guard.rbc,106,@ellipses,cp1252,[.],,à_traduire,
86e27d47190d,scripts/fuschia city/safari guard.rbc,109,@guardTalk6,cp1252,"Thought you could fool me, did\nyou, Rocket?\pHah! I could see you were a\ncriminal from miles away!\pGo bother someone else, why don't\nyou? No place for your sort here!",,à_traduire,
973cd1cd4eba,scripts/fuschia city/safari guard.rbc,114,@guardTalk7,cp1252,"Er[.]\c\h08ó\nLook, Warden, sir, I[.]\lCan't hear a word you're saying[.]\lCould you[.]\c\h08ó speak a bit clearer..?\p[.]\c\h08ó\n..what?\pI can tell you're getting worked\nup, boss, but[.]\c\h08ó I can't[.]\p[.]\p(Sigh[.])\c\h08ó\nThis isn't working[.]",,à_traduire,
1f7d1194bdff,scripts/fuschia city/safari guard.rbc,118,@guardTalk8,cp1252,"Look, I can't understand a word\nthat old senile is saying today[.]\pYou know[.]\pYou seem legit enough to me, pal.\c\h08ó\nCome on through.\pMake sure those Chansey stay extra\nfat, eh?\c\h08ó Ha-ha-ha[.]",,à_traduire,
52335d84185b,scripts/fuschia city/safari zone/rest house 2 scientist.rbc,4,@talk,utf-8,"Hey, aren't you a Roc--\p[.]\pOh, I'm sorry!\nI didn't realize you work here.",,à_traduire,
0156fb2df538,scripts/fuschia city/safari zone/rest house 3 fisherman.rbc,4,@talk,utf-8,"I'm starting to wonder if there\neven is a ""Secret House"".\pI sure can't find it.\nAdvertising fraud, is what it is!",,à_traduire,
d69705730392,scripts/fuschia city/safari zone/rest house 3 gentleman.rbc,4,@talk,utf-8,"I came across a shiny Chansey, but\nit fled.\pDo you think I'm justified in\nkilling myself..?",,à_traduire,
da0f41a82b91,scripts/fuschia city/safari zone/rest house 3 scientist.rbc,4,@talk,cp1252,"I don't know about you, but I\nreally get off on throwing rocks\lin wild Pokémon's faces.\pDon't know what it is[.]",,à_traduire,
b4b2447e45de,scripts/fuschia city/safari zone/rest house girl.rbc,4,@talk,utf-8,"I'm not leaving this place until I\ncatch a Chansey, damn it!",,à_traduire,
64fb686f71f6,scripts/fuschia city/safari zone/secret house guy.rbc,44,@talk,cp1252,"Congratulations!\nYou reached the Secret House!\pIn accordance with our campaign\nrules, you get a fabulous prize!",,à_traduire,
c505e48cebad,scripts/fuschia city/safari zone/secret house guy.rbc,47,@talk2,cp1252,"You know what this wonderful prize\nis, don't you?\pIt's HM03, the hidden machine that\ncan carry you across the seas--\c\h08ó\p[.]\pNo, no..!\c\h08ó\nOnly one HM per contestant.\p[.]\pH-hey..!\c\h08ó I said only one!\lIt's the rules, okay?\p[.]\c\h08ó\nI-I can't[.]\p[.]\pAll right, h-have it your way..!\pThe Warden said not go easy on\ncheaters, so you asked for it!",,à_traduire,
7e6968745830,scripts/fuschia city/safari zone/secret house guy.rbc,51,@defeatText,cp1252,Oh no[.] The Warden will have my\nhead for this[.],,à_traduire,
ff80853c55aa,scripts/fuschia city/safari zone/secret house guy.rbc,55,@talk3,cp1252,"You cheating, disrespecting\nlittle[.]\p[.]\c\h08ó\nOh, darn it all.\pWhy did it have to be me that got\nthe bandit..?",,à_traduire,
fe2e9901def8,scripts/fuschia city/safari zone/secret house guy.rbc,59,@boxGet,cp1252,[player] stole the Box of HMs from\nthe Secret House!,,à_traduire,
c878651d15f9,scripts/fuschia city/safari zone/secret house guy.rbc,63,@talk4,cp1252,"I bet you're real happy now,\naren't you?\pFor Chrissakes[.] what could you\npossibly need the entire box for?\pHMs don't break after one use, you\nknow[.]",,à_traduire,
9de60386b22e,scripts/fuschia city/safari zone/warden teeth buyer.rbc,45,@talk,cp1252,"Heeeeeeey, man[.]\c\h08ó\nDude, I'm looking for some gold.\pGold is so[.]\c\h08ó sparkly, nice[.]\c\h08ó\nJust like your soul, man[.]\pHave you got anything golden?\c\h08ó\nMaaaaaan[.]\c\h08ó I'll suck yo--\p[.]\pI mean, I'll pay anything you\nwant, man!",,à_traduire,
db34725515cb,scripts/fuschia city/safari zone/warden teeth buyer.rbc,48,@talk2,cp1252,"Oh, dude! Those teeth you got\nthere, man!\pSooooo shiny[.]\c\h08ó sparkly[.]\c\h08ó\nSo nice[.]",,à_traduire,
ac6e865d6e3e,scripts/fuschia city/safari zone/warden teeth buyer.rbc,51,@talk3,cp1252,"Sell them to me, man!\n[$]5,000, cold cash, no jokes!",,à_traduire,
8694439d0ff5,scripts/fuschia city/safari zone/warden teeth buyer.rbc,54,@noTalk,cp1252,"But maaaaan[.]\c\h08ó\nI[.] I need that stuff, man!\pYou can't just stand there and\nlook at my gold cravings, man..!",,à_traduire,
957ac9d39b9f,scripts/fuschia city/safari zone/warden teeth buyer.rbc,57,@yesTalk,cp1252,"YES, YES, YES!\c\h08ó\nGold, god damn it!\c\h08ó GOLD!\pAhahahahahahaha!\c\h08ó\nFinally, it's within my grasp[.]",,à_traduire,
d18daf942a4c,scripts/fuschia city/safari zone/warden teeth buyer.rbc,60,@postSaleTalk,cp1252,"Oh, man[.] It's so niiiiiiice[.]\p[.]\pNothing in the world can make me\nlose this gold, you know[.]\pNot even if some scary-looking\nlittle kid Trainer should stop by\land make me run away scared[.]\pNo, never! Me and my precious\nshall never part[.]",,à_traduire,
c1add11339d9,scripts/fuschia city/warden.rbc,71,@pop,utf-8,The Warden's teeth popped out of\nhis mouth!,,à_traduire,
8759bc0ebd2a,scripts/fuschia city/warden.rbc,74,@caughtTalk,utf-8,"Warden: What do you want, kid?\p[.]\pHey, you're one of those Rocket\npunks from the TV!\pScram! I want no association\nbetween you and my Safari game!",,à_traduire,
ee0a6f7b8557,scripts/indigo plateau/NPCs/cooltrainer (left).rbc,11,@talk,utf-8,Damn it! I came all this way to be\na challenger.\pBut how can anyone compete with\nchild prodigies like these?\pThe world just isn't fair[.],,à_traduire,
400d4628b970,scripts/indigo plateau/NPCs/cooltrainer (right).rbc,11,@talk,utf-8,Holy Miltank!\pWhat do they feed their kids down\nthere in Pallet Town?,,à_traduire,
b531e9312b0b,scripts/indigo plateau/NPCs/female cooltrainer.rbc,11,@talk,utf-8,Lance has been my hero since he\nwon the war all that time ago.\pI still don't believe it[.],,à_traduire,
9f0610c1c45d,scripts/indigo plateau/NPCs/green guy by counter.rbc,11,@talk,utf-8,So that's how quickly the region\ncan be taken over by an eleven-\lyear-old.\pI suppose no one anticipated this\nin the constitution?,,à_traduire,
2893952ad36f,scripts/indigo plateau/NPCs/guitar guy.rbc,11,@talk,utf-8,"Damn[.] two all-powerful challengers\nin such short time!\pAnd minors, too!\pMakes me think I should've\naccomplished more in life by now[.]",,à_traduire,
2351a12db7e9,scripts/indigo plateau/NPCs/gym guy.rbc,8,@talk,utf-8,"I[.] um[.]\nHave no strategies to offer!\pIf these two kids can get this\nfar, all my battle theories go out\lthe window!",,à_traduire,
a395f85eefe9,scripts/indigo plateau/NPCs/karate guy (far right).rbc,11,@talk,utf-8,"I was planning to be a challenger,\nbut then I faced that Red kid in\lVictory Road.\pLooks like I've got a few more\ndecades of training to do[.]",,à_traduire,
025c32acb40a,scripts/indigo plateau/NPCs/karate guy (left).rbc,11,@talk,utf-8,Hoo-ah!\pI am now adapting my training\nstyle after Red and Blue!\pI was wrong to study Bruno all\nthese years..!,,à_traduire,
3eb562fb7339,scripts/indigo plateau/NPCs/lady (far left).rbc,11,@talk,cp1252,I've never heard that Red kid say\nanything other than battle\lcommands to his Pokémon.\pHow awkward would it be to have a\nmute Champion? Let's hope not.,,à_traduire,
ce0b785b543c,scripts/indigo plateau/NPCs/nerd guy.rbc,11,@talk,utf-8,"Smell ya later, you stinker!\p[.]\nHaha[.]\pI'm adopting the new Champion's\ncatchphrases.\pHe'll definitely be a hot trend-\nsetter from now on.",,à_traduire,
05cf5d401cdc,scripts/indigo plateau/bill arrival.rbc,70,@billTalk,cp1252,"[player]!\c\h08ó\nOh, thank Arceus[.]",,à_traduire,
d9dad021a6be,scripts/indigo plateau/bill arrival.rbc,73,@billTalk2,cp1252,"Bill: I came as soon as I could[.]\c\h08ó\nDamn it!\pI tried to outrun that geezer Oak,\nbut I'm afraid I might have been\ltoo late[.]\pThe clock is ticking now.\nWe have to stop this quickly!",,à_traduire,
9c1e81aa7e91,scripts/indigo plateau/bill arrival.rbc,76,@billTalk3,cp1252,"Look, [player].\c\h08ó\nI've seen the basement lab[.]\pI know about the kid, I know\neverything.",,à_traduire,
0b7fef3f8821,scripts/indigo plateau/bill arrival.rbc,79,@billTalk4,cp1252,"Now he's got his Badges and he's\nheading off to fight the Elite Four.\pWell, we both know he's going to\nhave no trouble with them.\pThen the moment he's Champion, Oak\nwill swoop in and make sure he has\lcomplete political control[.]",,à_traduire,
a3d84c3c2e1a,scripts/indigo plateau/bill arrival.rbc,82,@billTalk5,cp1252,"Lance was just defeated and the\npublic's in a frenzy[.]\pEverybody's watching[.]\c\h08ó\nAgh!\p[.]\pThe only part of this I can't seem\nto wrap my head around is[.]\pWho the hell is Blue?\c\h08ó\nAnyway, no matter.",,à_traduire,
a8ed1ba19978,scripts/indigo plateau/bill arrival.rbc,85,@billTalk6,cp1252,"Hey, gym guy!\pWhat's the name of the challenger\nwho came in earlier?",,à_traduire,
b3caf9b7f8e0,scripts/indigo plateau/bill arrival.rbc,88,@clydeTalk,cp1252,"Some kid Red from Pallet Town.\nCan't mistake him.\pI heard he might be coming.\nSounds like a beast, man.",,à_traduire,
e84751c1f8a7,scripts/indigo plateau/bill arrival.rbc,91,@billTalk7,cp1252,Bill: ..!,,à_traduire,
c7e327178580,scripts/indigo plateau/bill arrival.rbc,94,@billTalk8,cp1252,"Well, there's nothing left to\nspeculate about, [player].\lIt's going down.\pWe have to get in[.]\c\h08ó\nWe have to move!",,à_traduire,
8b1da8a8f9bf,scripts/indigo plateau/bill.rbc,135,@talk,cp1252,"Bill: What are you talking about,\n""challengers only""?\pYou just let that psychopath of a\nProfessor in, didn't you?!\pThis is important, woman!",,à_traduire,
e4d579b2c5ce,scripts/indigo plateau/bill.rbc,138,@talk2,cp1252,"It's no use, [player]..!\c\h08ó\nWe've got to get in somehow!\pLook, whatever dirty tricks you\nhave up your sleeve, or violent\lbrutes you can call up[.]\pIf there was ever a time we'd need\nthem, it's now!",,à_traduire,
df425f10c649,scripts/indigo plateau/bill.rbc,141,@2talk1,cp1252,"Bill: Well[.]\c\h08ó\nThis is it, [player]!\pI don't know what's going to\nhappen when we go through those\ldoors behind me[.]\pBut I think it's safe to say you\nmight face some of the toughest\lbattles of your life.",,à_traduire,
ae733e7c4c2a,scripts/indigo plateau/bill.rbc,144,@2talk2,cp1252,So[.]\c\h08ó\nMake sure you're ready.\pIf you have preparations to make[.]\c\h08ó\nMake them now!,,à_traduire,
de52411727ac,scripts/indigo plateau/bill.rbc,147,@2talk3,cp1252,I would strongly urge you to bring\nMissingNo. along as well.\pYou're going to need it.,,à_traduire,
bee9600c09d7,scripts/indigo plateau/bill.rbc,150,@2talk4,cp1252,"With that out of the way[.]\c\h08ó\nAre you ready, [player]?",,à_traduire,
d127afa0fbdb,scripts/indigo plateau/bill.rbc,153,@entryTalk,cp1252,"Here we go, then.\c\h08ó\n[.]I've said my prayers already.",,à_traduire,
3e5483116958,scripts/indigo plateau/bill.rbc,156,@noTalk,cp1252,"Then get on with it, quick!\nRed won't wait for us!",,à_traduire,
5df747a1ac6d,scripts/indigo plateau/bill.rbc,159,@questionTalk,cp1252,"Bill: Well!\nAll set, [player]?",,à_traduire,
b18aa8871023,scripts/indigo plateau/bill.rbc,162,@noMissingnoTalk,cp1252,If you have preparations to make[.]\c\h08ó\nMake them now!\pI would strongly urge you to bring\nMissingNo. along as well.\pYou're going to need it.,,à_traduire,
0cb97e934bb0,scripts/indigo plateau/elite four guard.rbc,30,@talk,cp1252,"Sorry, sir!\pThe Elite Four are currently\nengaged with another challenger.\pYou'll have to wait your turn with\neveryone else.",,à_traduire,
dd90e242e694,scripts/indigo plateau/elite four guard.rbc,33,@talk2,cp1252,"Now!\nWe have rules for a reason, sir!\pThe Elite Four shall not be disturbed\nin the middle of a battle!\pThe Professor is perfectly entitled\nto see to his grandson's health,\lthat's another matter.\pJust be patient and you'll hear\nthe outcome with everyone else.",,à_traduire,
57c7a89a5838,scripts/indigo plateau/elite four guard.rbc,36,@talk3,cp1252,"No, no, no!\pWe're not taking any more\nchallengers right now!\pAnd especially not you!\p[.]\pMaybe[.]\c\h08ó sometime[.]\c\h08ó\nSomewhere down the line.\pWho knows..?",,à_traduire,
26713c6c3262,scripts/indigo plateau/guard knockout script.rbc,58,@ronnieTalk1,cp1252,Ronnie: Raticate!\c\h08ó\nGive us a Hyper Fang!,,à_traduire,
7fdd7c34302d,scripts/indigo plateau/guard knockout script.rbc,61,@billTalk1,cp1252,Bill: [.]\c\h08ó\nWell[.] that works.,,à_traduire,
ebeb4fba82ab,scripts/indigo plateau/guard knockout script.rbc,64,@ronnieTalk2,cp1252,"Ronnie: Don't worry, [player]!\pMe and Raticate will stand guard\nhere and keep nosy people out.\pYou go do what you've got to do!",,à_traduire,
1d78437abede,scripts/indigo plateau/missingno blocker.rbc,20,@text,utf-8,"Bill's words echoed[.]\p""I would strongly urge you to\nbring MissingNo. along as well.\pYou're going to need it.""",,à_traduire,
bb183ed5380d,scripts/indigo plateau/oak level script.rbc,89,@tvTalk,cp1252,Announcer: Exciting changes in\nstore for the region!\pChampion Blue's new Elite Four have\nsince made preparations to meet the\lmysterious new Challenger.\pWe'll bring you more news as it\ncomes.,,à_traduire,
b725f38fb077,scripts/indigo plateau/oak level script.rbc,92,@ronnieTalk,cp1252,"Ronnie: Can you believe it,\n[player]?\pThat spiky-haired little twerp!\c\h08ó\nWhat a gas!",,à_traduire,
68ef801ecf69,scripts/indigo plateau/oak level script.rbc,95,@oakTalk,cp1252,Oak: So it's true then.\c\h08ó\nI don't believe it[.],,à_traduire,
269167190f88,scripts/indigo plateau/oak level script.rbc,98,@oakTalk2,cp1252,Blue..?\c\h08ó\nIt's[.]\c\h08ó not possible[.],,à_traduire,
51319b01f66a,scripts/indigo plateau/oak level script.rbc,101,@oakTalk3,cp1252,"[.]\c\h08ó\nHere, guard! Let me through!",,à_traduire,
634f31838cb2,scripts/indigo plateau/oak level script.rbc,104,@oakTalk4,cp1252,"I'm the new Champion's grandfather,\nand I demand to see him!\pThis is an urgent matter!",,à_traduire,
e1a5f49a0980,scripts/indigo plateau/ronnie.rbc,91,@talk,cp1252,"Hello, [player]!\nGood lord, it's been a while[.]\p[.]\c\h08ó\nHey, don't you recognize me?\pStupid old dingbat!\c\h08ó [.]It's me!\c\h08ó\nRonnie!\pMan, I'll tell you!\pIt's been tough since Team Rocket[.]\c\h08ó\nBeing a solo gangster and all.\pI've robbed a couple of Youngsters\nand schoolgirls and things, but\lit's just not the same anymore[.]",,à_traduire,
e6bfd19a4c7f,scripts/indigo plateau/ronnie.rbc,94,@talk2,cp1252,"Well, but look at you, Mr. Posh!\pI suppose the hair gel comes with\nthe promotion, does it?\pI always thought you were a little\ncamp, but this takes the cake!\pHahaha[.]\c\h08ó\nAnyway[.]",,à_traduire,
1a8fc516ce3a,scripts/indigo plateau/ronnie.rbc,97,@talk3,cp1252,"These are mad times, [player]!\c\h08ó\nHave you heard the news?\pLance is done for! Defeated!\c\h08ó\nHahaha[.] and guess what?\pSomeone's just gone in to challenge\nthe new Elite Four already!\pOh, oh!\c\h08ó But here's the best part!\c\h08ó\nGuess who the new Champion is..?\pHere, just wait, it's gonna be on\nTV any second now[.]",,à_traduire,
f1f1d3521b09,scripts/indigo plateau/ronnie.rbc,100,@TVtalk,cp1252,"Announcer: It's a historic day for\nKanto-Johto, ladies and gentlemen!\pChampion Lance has been defeated\nin Pokémon League battle by a\lyoung challenger from Pallet Town!\pWe spoke to the region's remarkable\nnew adolescent Champion shortly\lafter his victory.",,à_traduire,
4bdac5fbcff9,scripts/indigo plateau/ronnie.rbc,150,@postBillTalk,cp1252,"Ronnie: Who was that nerdy guy,\n[player]? Friend of yours?",,à_traduire,
7af118e2316f,scripts/indigo plateau/ronnie.rbc,153,@postOakTalk,cp1252,"Ronnie: Who would've thought that\nback at Mt. Moon, eh?\p[.]\pHmm..?\c\h08ó\nProf. Oak was here just now?\pHey, calm down, [player]!\pWhy should we care about that old\nfart anymore..?",,à_traduire,
0dbf93b55a30,scripts/indigo plateau/ronnie.rbc,156,@postKnockoutTalk,cp1252,"Ronnie: We've come a long way,\nhaven't we, [player]?\pYou go handle what you need to now.\nI've got your back.",,à_traduire,
bc8fca9c88db,scripts/indigo plateau/ronnie.rbc,344,@postBlockTalk,cp1252,"Ronnie: Hey, what's all this\ncommotion, [player]?\pAre you guys trying to break in\nto the Elite Four? That's rad!",,à_traduire,
c8d6be60b576,scripts/indigo plateau/ronnie.rbc,347,@postBlockTalk2,cp1252,"[.]\pWhat's that, you need help?\p[.]\c\h08ó\nWhat?\c\h08ó You mean[.]\c\h08ó my help..?",,à_traduire,
3ed74e8ad24c,scripts/indigo plateau/ronnie.rbc,350,@postBlockTalk3,cp1252,Damn[.]\c\h08ó\n[.]I never thought you'd say that.,,à_traduire,
a91661e381d8,scripts/indigo plateau/ronnie.rbc,353,@postBlockTalk4,cp1252,"You know, [player], I[.]\pI know I haven't been the greatest\nbuddy in the world.\pI keep getting things wrong and\nscrewing stuff up.\pI know I'm not as smart as you\nand all[.]",,à_traduire,
c2c6be21728c,scripts/indigo plateau/ronnie.rbc,356,@postBlockTalk5,cp1252,"I just[.]\c\h08ó wanted to be bad.\pA real badass pimp gangster, right?\c\h08ó\nThe whole nine yards.\p[.]\pI didn't want to wait around.\pDidn't want anyone to think I was\na sissy. I couldn't take it.",,à_traduire,
9def4ea2ed89,scripts/indigo plateau/ronnie.rbc,359,@postBlockTalk6,cp1252,[.]\c\h08ó\nI'm real sorry.\pI'm going to set things straight and\nbe a proper thief like you one day.\pI'll do things by the plan.\c\h08ó\nNo more cutting corners.,,à_traduire,
68af36ee5074,scripts/indigo plateau/ronnie.rbc,362,@postBlockTalk7,cp1252,"So look!\c\h08ó\nJust this once[.]\pLeave it to me, [player]!\nFor old time's sake.",,à_traduire,
a95c778ddef6,scripts/indigo plateau/ronnie.rbc,365,@postBlockTalk8,cp1252,Raticate!,,à_traduire,
d48f1ab7a85b,scripts/indigo plateau/ronnie.rbc,368,@postBlockTalk9,cp1252,"On alert, you lazy rat!\c\h08ó\n[.]we've got work to do.",,à_traduire,
be50ec48b73d,scripts/jail/cooltrainer prisoner.rbc,11,@talk,cp1252,"Hey, if Pokémon Centers are free,\nwhy you gotta pay for Potions?\pThat's what I wanna know!",,à_traduire,
53aefda4dafd,scripts/jail/hiker prisoner.rbc,11,@talk,utf-8,"I mean, he used Double Team,\nThunder Wave and Attract in the\lsame match!\pHow the hell was I supposed to\ncontain myself in that situation?!",,à_traduire,
2bf2217d2f2e,scripts/jail/old prisoner (left).rbc,11,@talk,utf-8,"C'mon, man[.]\nIf you had a Gardevoir like mine[.]\pYou'd have done it too!",,à_traduire,
e949e05a5db2,scripts/jail/police release.rbc,140,@talk,cp1252,"Well, you!\c\h08ó\nToday's your lucky day.\pNever knew you had such rich\nfriends lying around.\pIt ain't right if you ask me!\p[.]\pBut I gotta go by what the law\nsays.\pHere we go[.]",,à_traduire,
4a28b407c3b8,scripts/jail/police release.rbc,143,@shigekiTalk,cp1252,"[player]!\c\h08ó\nI see you're still around.\p[.]\pDon't you recognize me?\c\h08ó\nIt's me, Shigeki!",,à_traduire,
8c99dd1b9735,scripts/jail/police release.rbc,146,@shigekiTalk2,cp1252,"I'm bailing you out, young man.\pAfter what you did for me[.]\c\h08ó\nWith ""The Catastrophe""[.]\pIt's the least I could do.",,à_traduire,
a08cbd8c7ae3,scripts/jail/police release.rbc,149,@bountyTalk,cp1252,"But[.]\pThe bounty that was on your head[.]\c\h08ó\n[$][buffer1],000[.]",,à_traduire,
89467627ca74,scripts/jail/police release.rbc,152,@bountyTalk2,cp1252,"You've got to contribute what you\ncan, or I'll have nothing left to\lfeed myself.",,à_traduire,
ee22cbbaa2fd,scripts/jail/police release.rbc,155,@talk2,cp1252,"All right, you worthless crook!\c\h08ó\n[.]You're free to go.",,à_traduire,
aea7343f4472,scripts/jail/police release.rbc,158,@postReleaseTalk,cp1252,"Gah!\pIf it were up to me, you'd be in\nfor life, Rocket!",,à_traduire,
47a11e6c5b35,scripts/jail/policeman (far left).rbc,11,@talk,utf-8,If you get up to anything funny\nonce you're out[.]\pWe'll send you right back in!\nCount on it!,,à_traduire,
a12f6c062542,scripts/jail/policeman (middle left).rbc,11,@talk,utf-8,"Hmph! You're not rehabilitated in\nmy eyes, Rocket!",,à_traduire,
7621b85d6900,scripts/jail/policeman (right).rbc,11,@talk,utf-8,"Do as you're told, Rocket!\nDon't push your luck!",,à_traduire,
edb4fcadc1b4,scripts/lavender town/blue (middle floor).rbc,19,@talk,utf-8,"Blue: Are you superstitious at\nall, Mr. Rocket?\pSee, grandpa always told me\neverything in the world has a\lrational explanation.\pBut[.] this place[.] I really don't\nknow what to make of it.\pAll these channelers are acting so\nweird, and[.] well, they've got\lthis ""purified protected zone""\lupstairs[.]\pThey tell me it's sealed by white\nmagic, a-and when I stepped on it,\lI could feel my body just[.]\lrelaxing[.] letting go.\pI don't know what to believe\nanymore.\pMaybe the world isn't as clear-cut\nas my grandpa always said[.]",,à_traduire,
943542819689,scripts/lavender town/blue (penultimate floor).rbc,30,@talk,cp1252,"Blue: Well, you ready?\nWe're almost there.",,à_traduire,
5619d7ce24dc,scripts/lavender town/blue (penultimate floor).rbc,33,@talk2,cp1252,"[.]\pI can sense something ominous by\nthat staircase over there.\pI don't know what it is, but[.]\c\h08ó\nI'm not scared!\pI'll face it if you will,\nMr. Rocket.",,à_traduire,
ad6692a43cb0,scripts/lavender town/blue (penultimate floor).rbc,49,@2talk,cp1252,"Come on, Mr. Rocket, let's do it!\nYou're not scared, are you?",,à_traduire,
5974746bacf4,scripts/lavender town/blue (top floor).rbc,11,@talk,cp1252,"Blue: Well, this wasn't very\nexciting.\pThere's just some old guy up here!\nNo rare Pokémon or items!\p[.]\pWhat? Oh, you're here to see the\nold man, are you?",,à_traduire,
afb2c942ecfe,scripts/lavender town/blue ow.rbc,13,@talk,utf-8,"Blue: I hope I'll see you again\nsometime, Mr. Rocket.",,à_traduire,
4f33eb34f2a0,scripts/lavender town/blue v2.rbc,17,@heyYou,utf-8,"Blue: Hey, you!",,à_traduire,
ba8d5cec5a4c,scripts/lavender town/blue.rbc,125,@heyYou,cp1252,"Blue: Hey, you!",,à_traduire,
8584876eedae,scripts/lavender town/blue.rbc,129,@talk,cp1252,"What are you looking at? Go mind\nyour own dead Pokémon, I say!\pOh, you're the Rocket from before,\naren't you?\pWhat?\nWant a piece of me, pal?\pI'll have you know I'm way\nstronger than I was back on Nugget\lBridge, you can bet on it!\pI'll take you on, right here,\nright now! Bring it!",,à_traduire,
ba1c28768f4f,scripts/lavender town/blue.rbc,133,@ellipses,cp1252,[.],,à_traduire,
82329eb9e1f3,scripts/lavender town/blue.rbc,136,@talk2,cp1252,Ah[.]\c\h08ó what's the use?,,à_traduire,
2a2c2a168231,scripts/lavender town/blue.rbc,149,@talk3,cp1252,"I really don't want to battle you\nright now, okay? It's a bad time.",,à_traduire,
d64f355b16d3,scripts/lavender town/blue.rbc,165,@talk4,cp1252,"Do you want to know why I came\nhere, Rocket?\pBecause my Pokémon died.\nThat's why.",,à_traduire,
2fa309cc8592,scripts/lavender town/blue.rbc,168,@talk5,cp1252,"See, there's this guy I know from\nPallet Town, where I grew up.\pHis name's Red.\pA lot of grown-ups think he's\namazing, but he's a bit of a\lloser, really.",,à_traduire,
3c855b7f4b59,scripts/lavender town/blue.rbc,171,@talk5.5,cp1252,"Anyway, we became Pokémon Trainers\nat the same time, you see, and we\lbattle each other now and again.",,à_traduire,
7dce7689ffc9,scripts/lavender town/blue.rbc,174,@talk6,cp1252,"Just a little while ago I fought\nhim aboard the S.S. Anne in\lVermilion.\pHe beat me-- he always does, to\ntell you the truth.\pBut, see, this time was\ndifferent[.]\pRed hurt my Raticate really bad in\nthat battle-- \c\h08óreally bad.",,à_traduire,
c959a4a9282e,scripts/lavender town/blue.rbc,177,@talk7,cp1252,"It was weeping and bleeding all\nover-- I mean, I could barely get\lit into its Poké Ball!\pSo I rushed out to get it to the\nPokémon Center as soon as I\lcould, but there was all this\lcommotion going on aboard the\lship, and I kept losing my way,\land taking all this time, and[.]",,à_traduire,
63cee84d3c70,scripts/lavender town/blue.rbc,215,@talk8,cp1252,"He's a murderer, you know.\c\h08ó\nA stinker, a loser and a murderer.\pI hate Red-- I hate his guts, and\nI always have!",,à_traduire,
3e00c425ffaa,scripts/lavender town/blue.rbc,218,@talk9,cp1252,"Do you know Prof. Oak?\pYeah, he's my grandfather, but you\nsure wouldn't think so!\pHe's the one who licensed me and\nRed to become Pokémon Trainers.\pAnd let me tell you, ever since\nI was little, way before we were\leven Trainers, he always did like\lRed so much better than he ever\ldid me!",,à_traduire,
c2b334f0f789,scripts/lavender town/blue.rbc,229,@talk10,cp1252,"Everything I did, all the things I\naccomplished, and no matter how\lstrong I got[.] grandpa always\lseemed to think Red somehow did it\lbetter.\pLike Red's some special snowflake\nprodigy and I'm just[.] nobody.",,à_traduire,
e973a06c1349,scripts/lavender town/blue.rbc,232,@talk11,cp1252,"[.]\pI called him, you know. Grandpa.\nRight after it happened.\pTold him about how I couldn't save\nRaticate, and how sad I was.\pAnd do you know what he told me?\p""Oh, that's too bad, son.\pHow about you catch a new one, a\nstronger one instead?""",,à_traduire,
13b9497e85de,scripts/lavender town/blue.rbc,246,@talk12,cp1252,"He doesn't care about me one bit!\p[.]\pBut do you want to know another\nthing? I'm over it now.\pI'm done being Red's runner-up.\nIt's over.\pI've decided:\c\h08ó\I'm going to be the\nPokémon Champion!\pI don't care what or how long it's\ngoing to take, because that's what\lI'm going to do!",,à_traduire,
29f199806649,scripts/lavender town/blue.rbc,250,@talk13,cp1252,And when I stand atop the Indigo\nPlateau as the strongest Trainer\lin all of Kanto[.]\pGrandpa will finally see that he\nwas wrong about me all this time.\p[.]And nobody will care about Red\nand his stupid accomplishments\lanymore!,,à_traduire,
d44f283f19b9,scripts/lavender town/blue.rbc,265,@talk14,cp1252,"You know[.] you're alright,\nMr. Rocket man.\pGrandpa always told me to be\ncautious around you people, but I\ldon't think you're all bad.\pYou seem like the good, quiet,\nlistening type at least.\pThanks for hearing me out.",,à_traduire,
d35ae3a9c1a0,scripts/lavender town/blue.rbc,268,@talk15,cp1252,"You going up top?\c\h08ó\nHow about we tag along?\pI was unsure before if I had the\nguts to climb all the way, what\lwith the ghosts up there and all.\pBut now[.]\c\h08ó now there's nothing in\nthe world that can scare me.\pI'll take anything at all!",,à_traduire,
857c33d80e06,scripts/lavender town/blue.rbc,285,@talk16,cp1252,"I'll see you around, Mr. Rocket!",,à_traduire,
38f3229873ed,scripts/lavender town/generic dialogue/1st guy.rbc,18,@talk2,utf-8,That old man[.]\nWas that Samuel Oak?\pWhy did he leave in such a hurry?\nI've always wanted to meet him[.],,à_traduire,
742cf4b7d429,scripts/lavender town/generic dialogue/1st guy.rbc,22,@talk,utf-8,Argh! No!\nHave you returned?\pWe were so happy when we thought\nyou Rockets had finally left our\ltown for good[.],,à_traduire,
1a2a2cb42d99,scripts/lavender town/generic dialogue/2nd guy.rbc,11,@talk,cp1252,"The ghosts that now plague our\nPokémon Tower[.]\pThey're all your fault, aren't\nthey, Rocket?\pJust wait till Mr. Fuji gets his\nhands on you! He'll make you pay!",,à_traduire,
5683da4fea2e,scripts/lavender town/generic dialogue/cooltrainer girl.rbc,11,@talk,utf-8,"Waaaah!\nWhat do you want?\pLeave us alone, Rocket!\pHaven't you wreaked enough havoc\nin this town already?",,à_traduire,
56c0875be33c,scripts/lavender town/generic dialogue/little girl.rbc,11,@talk,cp1252,Nooo! Please don't kill any more\nof our Pokémon!,,à_traduire,
b6cb2a1618e1,scripts/lavender town/generic dialogue/poke center gentleman.rbc,7,@talk,utf-8,"You people will do anything for the\nsake of money, won't you?\pThere is no job too dirty, no deed\ntoo heinous, no crime too wicked!",,à_traduire,
2d414995216a,scripts/lavender town/generic dialogue/poke center girl.rbc,4,@talk,cp1252,You people killed that poor\nCubone's mother!\pIf I had my way[.] you wouldn't get\nto heal your Pokémon here!,,à_traduire,
fd9593ad0a6a,scripts/lavender town/generic dialogue/scared little boy.rbc,11,@talk,utf-8,"Someday, Lance is going to come\nhere and throw you all in jail!\pTh-that's what Mr. Fuji said..!",,à_traduire,
aa6e02777717,scripts/lavender town/generic dialogue/scared little girl.rbc,11,@talk,cp1252,"Mr. Fuji used to be a scientist,\nbut now he looks after abandoned\land orphaned Pokémon.\pHe's a good guy! He'll kick you\nout of here!",,à_traduire,
391ae89f4e9d,scripts/lavender town/generic dialogue/scared youngster.rbc,11,@talk,utf-8,"Oh no!\pIt's one of those bad guys Mr.\nFuji warned us about!\p[.]\pP-please don't kill me, Mr.\nRocket!",,à_traduire,
fc220499e31c,scripts/lavender town/marowak ghost.rbc,48,@notCalmed,cp1252,"The mother's spirit appeared for a\nmoment to have been calmed[.]\p[.]\c\h08ó\nBut then it changed its mind!\p""Thou canst not calm me, for thine\nintentions are not pure!\pThou hast come only to bring more\nharm upon my kind[.]\pTo profit from agony and death[.]\n'tis the most despicable greed[.]\pThou art evil[.]\c\h08ó\n(evil[.]\c\h08ó evil[.]\c\h08ó\c\h08ó EVIL[.][.]!!)""",,à_traduire,
1cec9cb159c4,scripts/lavender town/marowak ghost.rbc,51,@ellipses,cp1252,Blue: [.],,à_traduire,
37a1651f0657,scripts/lavender town/marowak ghost.rbc,55,@talk,cp1252,"What was that about?\nTalk about weird[.]\pDid you have any idea what it was\ntalking about?\p[.]\pYeah, me neither.",,à_traduire,
a213d75598c3,scripts/lavender town/marowak ghost.rbc,58,@talk2,cp1252,"Well, up we go, I guess.",,à_traduire,
890cb6776e89,scripts/lavender town/mr fuji v2 (right).rbc,43,@eh,cp1252,Mr. Fuji: Eh?\c\h08ó\nWho are you? Why have you come?,,à_traduire,
7a10bf353185,scripts/lavender town/mr fuji v2 (right).rbc,51,@fuTalk,cp1252,"[.]\c\h08ó\nNo! That uniform..!\pGah!\nYou filthy Rockets!\pWhy can't you leave me and my poor\nlittle town alone?!\pI refuse to leave this tower, and\nyou can't make me, scoundrel!",,à_traduire,
a128414dce35,scripts/lavender town/mr fuji v2 (right).rbc,54,@defeat,cp1252,Argh!\nI will not stand for this!,,à_traduire,
5c51fdc26c79,scripts/lavender town/mr fuji v2 (right).rbc,57,@stealTalk,cp1252,"Mr. Fuji: You disgusting hooligan!\nHave you no shame?\pNot only do you have the nerve--\nthe audacity, to come in here and\lstop me on my noble mission to\lcalm the spirit of a murdered\lPokémon[.]\pBut your incessant greed even\nprompts you to snatch my innocent\lPokémon from right under my nose!",,à_traduire,
7065cbc04825,scripts/lavender town/mr fuji v2 (right).rbc,60,@innocentTalk,cp1252,Mr. Fuji: [.]\pDefeated at the hands of a bandit\nwhose Pokémon were stolen from the\lhands of innocent young Trainers[.]\pSo this is what it's come to[.],,à_traduire,
9b60385d648f,scripts/lavender town/mr fuji v3 (left).rbc,43,@eh,cp1252,Mr. Fuji: Eh?\c\h08ó\nWho are you? Why have you come?,,à_traduire,
dc3090839859,scripts/lavender town/mr fuji v3 (left).rbc,51,@fuTalk,cp1252,"[.]\c\h08ó\nNo! That uniform..!\pGah!\nYou filthy Rockets!\pWhy can't you leave me and my poor\nlittle town alone?!\pI refuse to leave this tower, and\nyou can't make me, scoundrel!",,à_traduire,
c7e1c41321a6,scripts/lavender town/mr fuji v3 (left).rbc,54,@defeat,cp1252,Argh!\nI will not stand for this!,,à_traduire,
b268fa2cd8c2,scripts/lavender town/mr fuji v3 (left).rbc,57,@stealTalk,cp1252,"Mr. Fuji: You disgusting hooligan!\nHave you no shame?\pNot only do you have the nerve--\nthe audacity, to come in here and\lstop me on my noble mission to\lcalm the spirit of a murdered\lPokémon[.]\pBut your incessant greed even\nprompts you to snatch my innocent\lPokémon from right under my nose!",,à_traduire,
9e015744e293,scripts/lavender town/mr fuji v3 (left).rbc,60,@innocentTalk,cp1252,Mr. Fuji: [.]\pDefeated at the hands of a bandit\nwhose Pokémon were stolen from the\lhands of innocent young Trainers[.]\pSo this is what it's come to[.],,à_traduire,
ebac9d3b1cc7,scripts/lavender town/mr fuji.rbc,202,@fuTalk,cp1252,"Mr. Fuji: Eh?\c\h08ó\nWho are you? Why have you come?\p[.]\c\h08ó\nNo! That uniform..!\pGah!\nYou filthy Rockets!\pWhy can't you leave me and my poor\nlittle town alone?!\pI refuse to leave this tower, and\nyou can't make me, scoundrel!",,à_traduire,
41c2ed5410a5,scripts/lavender town/mr fuji.rbc,205,@defeat,cp1252,Argh!\nI will not stand for this!,,à_traduire,
64204841134d,scripts/lavender town/mr fuji.rbc,208,@stealTalk,cp1252,"Mr. Fuji: You disgusting hooligan!\nHave you no shame?\pNot only do you have the nerve--\nthe audacity, to come in here and\lstop me on my noble mission to\lcalm the spirit of a murdered\lPokémon[.]\pBut your incessant greed even\nprompts you to snatch my innocent\lPokémon from right under my nose!",,à_traduire,
50458e663a9e,scripts/lavender town/mr fuji.rbc,211,@innocentTalk,cp1252,Mr. Fuji: [.]\pDefeated at the hands of a bandit\nwhose Pokémon were stolen from the\lhands of innocent young Trainers[.]\pSo this is what it's come to[.],,à_traduire,
325e3a56a03b,scripts/lavender town/mr fuji.rbc,225,@fuTalk2,cp1252,"Why are you here?\nTo detain me? To kick me out?\pMaybe to have me suffer the same\nfate as these Cubone, is that it?\pMy own skull, hanging in\nGiovanni's office as some trophy?\pWouldn't surprise me!\nThat greedy, immoral crook!",,à_traduire,
da8be20e1192,scripts/lavender town/mr fuji.rbc,239,@fuTalk3,cp1252,"[.]\pHe's living in the past, you know.\nYour boss. He's bound to fail!\pHe couldn't bring down Lance back\nwhen he had the entire Kanto army\lon his side, and now he thinks\lhe's going to do it through some\lunderground pseudo-mafia?\pHe's mad! Loony!",,à_traduire,
aae5f12f418d,scripts/lavender town/mr fuji.rbc,256,@fuTalk4,cp1252,But you know[.] I'd let Giovanni\nrun his delusional crime-ring in\lcircles ten times over if he'd\ljust stop meddling with me and the\linnocent affairs of this town!\pKeep me out-- I want nothing to do\nwith you!,,à_traduire,
d131af364374,scripts/lavender town/mr fuji.rbc,261,@fuTalk5,cp1252,"[.]\pI left my work on the Mewtwo\nProject behind me eleven years\lago, do you hear me?\pI'm a different man now, and those\nwere different times[.]",,à_traduire,
4f3be3e919c6,scripts/lavender town/mr fuji.rbc,275,@fuTalk6,cp1252,"Oh, if you'd only seen the things\nI've seen, young man[.] you'd turn\land leave your Boss's service\lwithout a second thought!",,à_traduire,
dd709cf42b5c,scripts/lavender town/mr fuji.rbc,279,@ellipses,cp1252,Mr Fuji: [.],,à_traduire,
3b105243876b,scripts/lavender town/mr fuji.rbc,283,@fuTalk7,cp1252,"I swear[.]\c\h08ó\when I stood before it\nthat evening in the Lab[.]\pThat thing[.]\c\h08ó\\n""The Catastrophe""[.]\pWhen I saw the abomination that\nwe had created with our own bare\lhands[.]\pI thought I'd seen the root of all\nevil itself[.]\pI'm telling you!\c\h08ó\\nIt looked like[.]\c\h08ó\c\h08ó like--",,à_traduire,
f255e6cd115e,scripts/lavender town/mr fuji.rbc,287,@adminTalk,cp1252,"Like something not very nice?\nYeah, we get the picture, old man.",,à_traduire,
c44bc41955b9,scripts/lavender town/mr fuji.rbc,315,@youTalk,cp1252,Mr. Fuji: You!,,à_traduire,
3053ff353b9e,scripts/lavender town/mr fuji.rbc,318,@adminTalk2,cp1252,"Archer: Nice to finally see you\nagain, Fuji. How have you been?",,à_traduire,
7e26ecb4dca6,scripts/lavender town/mr fuji.rbc,321,@adminTalk3,cp1252,"Archer: Good job incapacitating\nthe guy, [player]-- I was afraid\lI'd have to do it myself.\pI'll take it from here, if you\ndon't mind.",,à_traduire,
97f88e803327,scripts/lavender town/mr fuji.rbc,325,@adminTalk4,cp1252,"Archer: That's a nice little rant\nyou made there, Fuji but we've\lheard it before, haven't we?",,à_traduire,
5a9e598a069a,scripts/lavender town/mr fuji.rbc,337,@adminTalk5,cp1252,I suppose you've also told\n[player] here of how you rushed to\lpledge your allegience to Lance to\lsave your own skin the moment Oak\lcalled for surrender?,,à_traduire,
d4ef9a0db359,scripts/lavender town/mr fuji.rbc,340,@adminTalk6,cp1252,How you willingly gave away\nconfidential scientific\linformation in return for a state-\lsponsored retirment fund and a\lsafe little small-town home for\lyourself?,,à_traduire,
e03b4c802c06,scripts/lavender town/mr fuji.rbc,343,@adminTalk7,cp1252,"Your little do-good, innocent\nold-man act that you've put on in\lthis town is fooling no one, Fuji:\pBesides Oak, you're the biggest\ncoward traitor this region has\lever seen!",,à_traduire,
279789e4d5f0,scripts/lavender town/mr fuji.rbc,346,@fuTalk8,cp1252,"Mr. Fuji: B-but[.] you're insane,\nRocket!\pShould I have kept fighting?\nWhat for?\pLance.\c\h08ó\nKanto-Johto.\pI saw that it was inevitable-- I\nwas merely being realistic!",,à_traduire,
3876099ef039,scripts/lavender town/mr fuji.rbc,349,@fuTalk9,cp1252,And look at you Rockets!\pStealing innocent Trainers'\nPokémon!\pSlaughtering Cubone and flipping\ntheir skulls for profit!\pHow in the world can you pretend\nto be morally superior?,,à_traduire,
4cfe36b3130d,scripts/lavender town/mr fuji.rbc,361,@adminTalk8,cp1252,"Archer: Hehehe[.]\pTeam Rocket pretends to be nothing\nthat it's not, Fuji.",,à_traduire,
e7a89f128d7a,scripts/lavender town/mr fuji.rbc,374,@adminTalk9,cp1252,"But consider this:\pHeard of Lance's grand new ""anti-\ncrime program""?\pHis promises to bring us to\njustice?",,à_traduire,
9edccc989faa,scripts/lavender town/mr fuji.rbc,377,@adminTalk10,cp1252,"Well[.]\pHow many resources has he\ndedicated to stop us killing\lCubone here, huh?\pWhere is he now to save your ass\nfrom us evil bandits?\pAnd do you know that he intends\nto wreck this precious Tower of\lyours apart and let a private\lentertainment enterprise set up\lshop here in its place?",,à_traduire,
a65423ec663c,scripts/lavender town/mr fuji.rbc,395,@adminTalk11,cp1252,"Defending old Kanto's honor may\nbe no walk in the park, but you're\lsure as hell not getting any more\lsecurity by sucking up to Lance if\lthat's what you think.",,à_traduire,
b1bf15e0b158,scripts/lavender town/mr fuji.rbc,398,@fuTalk10,cp1252,Mr. Fuji: Lies! All lies!,,à_traduire,
a7ca09427a06,scripts/lavender town/mr fuji.rbc,401,@adminTalk12,cp1252,Archer: [.]\nI've had enough of this.,,à_traduire,
0b0a5c461256,scripts/lavender town/mr fuji.rbc,404,@adminTalk13,cp1252,"Special orders from Boss,\n[player]-- I'm to take over\ldetaining Fuji here for the time\lbeing.\pI've got plenty of reinforcement\ngrunts heading in in just a\lmoment, so I'll be A-OK for now.",,à_traduire,
75f827e853a7,scripts/lavender town/mr fuji.rbc,407,@adminTalk14,cp1252,"You're free to head back to HQ, in\nother words.\pNice work here, kid.",,à_traduire,
34e164f0acaa,scripts/lavender town/oak encounter level script.rbc,80,@talk,cp1252,"Prof. Oak: Excuse me, young man,\nbut were you just leaving the\lPokémon Tower?\pIf you don't mind my asking, did\nyou happen to come across one Mr.\lFuji in there?\pAn elderly gentleman-- short,\nquiet, kind-looking.\pHe's an old friend of mine, you\nsee, and I should really like to--",,à_traduire,
bbfc13da1522,scripts/lavender town/oak encounter level script.rbc,92,@talk2,cp1252,[.]\c\h08ó\nOh[.]\c\h08ó that uniform of yours[.],,à_traduire,
8039293296de,scripts/lavender town/oak encounter level script.rbc,102,@talk3,cp1252,"[.]\c\h08ó\nI see how it is[.]\pWell, I suppose I shouldn't be\nsurprised[.]",,à_traduire,
8982c67d7b92,scripts/lavender town/oak encounter level script.rbc,105,@talk4,cp1252,Never mind my inquiry.\nGood day.,,à_traduire,
8deed25fdde8,scripts/lavender town/pokémon tower/gambler.rbc,10,@challenge,cp1252,My dear Bellsprout[.]\pHe took a gamble at life by going\nhead on against a Charizard.,,à_traduire,
eb9254c60a0b,scripts/lavender town/pokémon tower/gambler.rbc,13,@defeat,cp1252,(Snivel[.])\pHe was his master's Pokémon till\nthe bitter end!,,à_traduire,
c33e8c317e28,scripts/lavender town/pokémon tower/gambler.rbc,16,@after,cp1252,You Rockets aren't so popular\naround these parts.\pPokécide is a crime not easily\nforgiven!,,à_traduire,
ea365545c217,scripts/lavender town/pokémon tower/generic dialogue/archer.rbc,12,@talk,utf-8,"Archer: What's that, [player]?\pI've got this old man, now; don't\nworry about it.",,à_traduire,
207fe8577dd8,scripts/lavender town/pokémon tower/generic dialogue/bald man.rbc,4,@talk,utf-8,"You! You are the reason for all of\nthe misery in this town!\pEverything for the sake of profit,\nisn't it? You should be ashamed!",,à_traduire,
78980715608f,scripts/lavender town/pokémon tower/generic dialogue/fuji.rbc,11,@talk,utf-8,"Mr. Fuji: It's a fool's errand\nyou're running, Rocket!\pLeave Giovanni now while you still\nhave the chance!",,à_traduire,
8630b3878961,scripts/lavender town/pokémon tower/generic dialogue/lady.rbc,4,@talk,utf-8,"My Growlithe[.]\nIt's dead because of you[.]\p[.]\pMr. Fuji will have the lot of you\nthrown in jail, I know it!",,à_traduire,
72f1e0be5727,scripts/lavender town/pokémon tower/generic dialogue/middle aged lady.rbc,11,@talk,cp1252,"Are you happy now, Rocket?\pWill the money from your Cubone\nskulls buy you forgiveness from\lall the Pokémon you murdered?",,à_traduire,
35da8699934e,scripts/lavender town/pokémon tower/generic dialogue/tower entrance lady.rbc,4,@talk,cp1252,W-well[.]\pThis is a public monument in\nmemory of departed Pokémon[.]\pOur policy is to let anyone who\nwants enter to pay their respects.\pB-but I'll have you know[.]\nI don't approve of you one bit!,,à_traduire,
d952a185a81c,scripts/lavender town/pokémon tower/gentleman.rbc,10,@challenge,cp1252,(Snivel)\n(Sob)\pWhat have I left to do with my\nlife now that my dearest Pokémon\lfriends have passed away?,,à_traduire,
2b01a41afa26,scripts/lavender town/pokémon tower/gentleman.rbc,13,@defeat,cp1252,My life is truly futile!,,à_traduire,
8f3b8f6165a1,scripts/lavender town/pokémon tower/gentleman.rbc,16,@after,cp1252,"You! This is all your handiwork,\nisn't it, Rocket?\pWell, are you satisfied with\nyourself? (Sob[.])",,à_traduire,
5c69eed22c6e,scripts/lavender town/pokémon tower/little boy.rbc,11,@challenge,cp1252,These Channelers are so weird!\pThey're way creepier than any of\nthe ghosts. I even caught a few!,,à_traduire,
f0a4f2fad2cd,scripts/lavender town/pokémon tower/little boy.rbc,15,@defeat,cp1252,At least my Pokémon didn't die!,,à_traduire,
63d7d393614b,scripts/lavender town/pokémon tower/little boy.rbc,19,@after,cp1252,Did you bad guys send my Nidoran\nto heaven?\pThat's what mommy told me.,,à_traduire,
52f8c009b07d,scripts/lavender town/post-fuji level script (1st floor).rbc,48,@talk,cp1252,"Blue: [.]\c\h08ó\nWow, Mr. Rocket[.]\pI never knew I'd get to see\nsomething like that[.]",,à_traduire,
fd6df71a54b7,scripts/lavender town/post-fuji level script (1st floor).rbc,51,@talk2,cp1252,"You Rockets[.]\c\h08ó you're bad, but[.]\pYou're fighting for something\ntoo, aren't you?\pYou're not just all evil.",,à_traduire,
97ceddef1baa,scripts/lavender town/post-fuji level script (1st floor).rbc,65,@talk3,cp1252,"I know why the other guy called\ngrandpa a traitor, you know.\pI don't know what I should think\nabout anything anymore[.]",,à_traduire,
3e63e5f1e6d9,scripts/lavender town/post-fuji level script (1st floor).rbc,79,@talk4,cp1252,"But[.]\pWhen I become Champion, I will be\na fair and honorable one!\pYou can count on it!",,à_traduire,
7e8a319387f8,scripts/lavender town/post-fuji level script (1st floor).rbc,82,@talk5,cp1252,"[.]\pI'm gonna stay behind here with\nRaticate for a little while\llonger.\pThanks for tagging along with me,\nMr. Rocket.\pI hope I'll see you again\nsometime.",,à_traduire,
b5c3b062cdef,scripts/lavender town/tombstone.rbc,8,@sign,utf-8,"Here lies Raticate.\pTrusted friend, teammate and\ncompanion of Blue Oak.\pRest in peace.",,à_traduire,
dcdccb36bd59,scripts/lavender town/white magic channeler.rbc,8,@talk,utf-8,"Come, child! I sealed this space\nwith white magic!\pYou can rest here!",,à_traduire,
c346b97dee45,scripts/mt moon/floor 1/Hiker.rbc,10,@before,utf-8,"WHOA!\nYou shocked me!\l[.]Oh, you're one of them Rockets!",,à_traduire,
54eb8b125e1b,scripts/mt moon/floor 1/Hiker.rbc,13,@beaten,utf-8,Wow!\nShocked again!,,à_traduire,
f309706acd7d,scripts/mt moon/floor 1/Hiker.rbc,16,@afterwards,utf-8,Criminals like you shouldn't be\nwandering around here in the dark.,,à_traduire,
fddad12b4e57,scripts/mt moon/floor 1/Youngster 1.rbc,9,@challenge,utf-8,Suspicious men are in the cave.\nWhat about you?,,à_traduire,
fcee82fdd85d,scripts/mt moon/floor 1/Youngster 1.rbc,12,@defeat,utf-8,"Hey, wait[.] are you one of them?",,à_traduire,
2847766d40cf,scripts/mt moon/floor 1/Youngster 1.rbc,15,@after,utf-8,"Darn it, I never should have come\nhere.",,à_traduire,
836be13f6815,scripts/mt moon/floor 1/Youngster 2.rbc,9,@challenge,utf-8,I came all the way down here to\nshow off to girls.,,à_traduire,
275c8b7ae55a,scripts/mt moon/floor 1/Youngster 2.rbc,12,@defeat,utf-8,Losing stinks!\nIt's so uncool.,,à_traduire,
6c2c760fc467,scripts/mt moon/floor 1/Youngster 2.rbc,15,@after,utf-8,All I wanted was for girls to like\nme[.],,à_traduire,
3843d9ca2979,scripts/mt moon/floor 1/blue aftermath.rbc,129,@ronnietalk,cp1252,"Ronnie: There you are, [player]!\nDude, you better get over here!\pEverybody's all in a frenzy about\nsome strong-ass Trainer that came\lin here just now.\pI just got here, so I haven't got\na clue what happened, but it\lsounds pretty darn exciting.\pCome on!",,à_traduire,
01dc7850d56b,scripts/mt moon/floor 1/blue aftermath.rbc,133,@grunt1talk,cp1252,"I'm telling you, he beat me\nstraight out without even breaking\la sweat!\pIt's like I barely got the chance\nto even make a move before he was\lall up in my face demanding I give\lhim prize money!",,à_traduire,
648609d92db5,scripts/mt moon/floor 1/blue aftermath.rbc,137,@grunt2talk,cp1252,"Tell me about it. That spiky-\nhaired kid was ruthless, man.\pWhere do you think he came from?\pMust have been some rich little\nchild prodigy who ran away from\lPokémon school or something.\lDisgusting.",,à_traduire,
b50a4e380524,scripts/mt moon/floor 1/blue aftermath.rbc,142,@grunt2talkextra,cp1252,And where the hell did he get all\nthose uber-powerful Pokémon?\pThat's some irresponsible\nparenting right there if you ask\lme.,,à_traduire,
ab6975743fd8,scripts/mt moon/floor 1/blue aftermath.rbc,146,@ronnietalk2,cp1252,Ronnie: What?,,à_traduire,
e866908e41ac,scripts/mt moon/floor 1/blue aftermath.rbc,151,@ronnietalk3,cp1252,"You guys are telling me you got\nyour asses handed to you by some\lkid?\pWho taught you guys how to battle,\nhuh? Your moms?",,à_traduire,
d9e00c833017,scripts/mt moon/floor 1/blue aftermath.rbc,169,@ronnietalk4,cp1252,"I'm not buying this, [player].",,à_traduire,
9f9d6b8e10ed,scripts/mt moon/floor 1/blue aftermath.rbc,173,@ronnietalk5,cp1252,I'll go hunt down this twerp and\nwe'll see who's the real prodigy\laround here. Geez.,,à_traduire,
6843bc6fa93b,scripts/mt moon/floor 1/blue aftermath.rbc,177,@grunt1talk2,cp1252,"Suit yourself, pal.\pI'm gonna go hit the Pokémon\nCenter for a while.\pCan't find any damn fossils\naround here anyway.",,à_traduire,
aee166bb0b95,scripts/mt moon/floor 1/blue aftermath.rbc,181,@grunt2talk2,cp1252,Roger that.,,à_traduire,
5d122a80371c,scripts/mt moon/floor 1/blue aftermath.rbc,221,@grunt3talk,cp1252,I-I think the Pokémon Center\nsounds pretty nice right about\lnow.,,à_traduire,
810e2eb4636f,scripts/mt moon/floor 1/blue aftermath.rbc,245,@ronnietalk6,cp1252,"Talk about a bunch of wussies.\pYou're not scared of some little\nkid Trainer, are you, [player]?",,à_traduire,
3f0e88f76613,scripts/mt moon/floor 1/blue aftermath.rbc,249,@ronnietalkyes,cp1252,"[.]\pDude, stop contradicting me; this\nis not very productive!\pAnyway, you better harden up,\nthen!\pSee, [player], a true gangster is\nicy and fearless like a renegade!\pYou could learn a thing or two\nfrom me, I'm telling you.",,à_traduire,
6af9effd63e7,scripts/mt moon/floor 1/blue aftermath.rbc,253,@ronnietalkno,cp1252,"See, that's what I'm talking\nabout, man!\pI knew you were a cool dude like\nthat.",,à_traduire,
0c77e6cbd843,scripts/mt moon/floor 1/blue aftermath.rbc,257,@ronnietalk7,cp1252,"Come on!\pSpiky-haired little twerpy kids or\nancient old Pokémon bones-- I'm\lnot leaving this damn cave till I\lfind something that'll make Petrel\lsee me for the dedicated master\lcriminal that I am!\pLet's go, damn it!",,à_traduire,
15ee1bcaf499,scripts/mt moon/floor 1/continuity upholder DOWN.rbc,26,@talk,utf-8,"Ey there, bruh!\nThis here's my ladder.\pI found it first, ya hear me?\pShoo!\nGo find your own.",,à_traduire,
a8f44a9ceb7f,scripts/mt moon/floor 1/continuity upholder LEFT.rbc,26,@talk,utf-8,"Ey there, bruh!\nThis here's my ladder.\pI found it first, ya hear me?\pShoo!\nGo find your own.",,à_traduire,
878977c429cb,scripts/mt moon/floor 1/continuity upholder UP.rbc,26,@talk,utf-8,"Ey there, bruh!\nThis here's my ladder.\pI found it first, ya hear me?\pShoo!\nGo find your own.",,à_traduire,
23d24c47b758,scripts/mt moon/floor 1/continuity upholder.rbc,12,@talk,utf-8,"Ey there, bruh!\nThis here's my ladder.\pI found it first, ya hear me?\pShoo!\nGo find your own.",,à_traduire,
3ad8ba3d129c,scripts/mt moon/floor 1/fossil excavation guy.rbc,11,@talk,utf-8,"Waaah!\nDon't hurt me, Rocket!\pI swear, I wasn't excavating\nfossils or anything!",,à_traduire,
ce63937407e3,scripts/mt moon/floor 1/grunt1.rbc,11,@talk,utf-8,"Nope, no fossils here. All I see\nare rocks and Zubat, dammit[.]",,à_traduire,
ee5c6650b7b4,scripts/mt moon/floor 1/grunt2.rbc,11,@talk,utf-8,If only I could afford some\nRepels[.],,à_traduire,
fee0d8c1e749,scripts/mt moon/floor 1/grunt3.rbc,11,@talk,utf-8,"Looking for fossils, all day long,\nlooking for fossils while I sing\lthis song, whee-hey!",,à_traduire,
41856087988a,scripts/mt moon/floor 1/grunt4.rbc,11,@talk,cp1252,"Damn it, I ran into a Clefairy,\nbut it got away.\pIf only I had money to buy me some\nPoké Balls[.]",,à_traduire,
1566db1d9f45,scripts/mt moon/floor 1/grunt5.rbc,11,@talk,utf-8,I think the other Trainers here\nare scared of me 'cause I'm\lwearing this suit.\pHeh. If only they knew what a\nwhimp I really am on the inside[.],,à_traduire,
a2f5e216bac1,scripts/mt moon/floor 1/grunt6.rbc,18,@talk,utf-8,"I don't really know what to make\nof all this.\pThat kid was pretty badass,\nthough.",,à_traduire,
40af5fbe6f81,scripts/mt moon/floor 1/grunt6.rbc,22,@talk2,utf-8,"Geez with the yelling, people.\nThey're just fossils, is all.",,à_traduire,
a45c4919569f,scripts/mt moon/floor 1/lass 1 (dialogue edits).rbc,5,@text,utf-8,Hiya! Did you guys come to look\nfor fossils too?,,à_traduire,
4086d1cd5843,scripts/mt moon/floor 1/lass 1 (dialogue edits).rbc,8,@after,utf-8,Hey!\nWhat are you trying at?\pI'm no kid-- I'll be fourteen next\nweek!,,à_traduire,
8a2bbfdbe847,scripts/mt moon/floor 1/lass 2 (dialogue edits).rbc,4,@text,utf-8,Erm[.] I don't think I want to ask\nfor directions from a guy like you.,,à_traduire,
a29bc479c8e4,scripts/mt moon/floor 1/script 1.rbc,30,@yell,utf-8,"GUYS, OVER HERE, I THINK I FOUND\nSOMETHING!",,à_traduire,
5a8cc90506bb,scripts/mt moon/floor 1/script 1.rbc,59,@talk,utf-8,I think it came from down here!\nBetter check it out!,,à_traduire,
22a18d856110,scripts/mt moon/floor 2/beta 1 continuity upholder v2.rbc,16,@talk,utf-8,"Huh-ho! You thought you could just\nskip on through here on to\lCerulean, didn't you? No-can-do,\lbuddy, sorry: You'll have to wait\lfor the next beta release for\lthat! Ho ho ho ho[.]",,à_traduire,
ef5119bbcef4,scripts/mt moon/floor 2/beta 1 continuity upholder.rbc,12,@talk,utf-8,"Huh-ho! You thought you could just\nskip on through here on to\lCerulean, didn't you? No-can-do,\lbuddy, sorry: You'll have to wait\lfor the next beta release for\lthat! Ho ho ho ho[.]",,à_traduire,
919bdb73ffdd,scripts/mt moon/floor 3/continuity upholder.rbc,14,@talk,utf-8,"Hey, you! Weren't you supposed to\nbe my guard?\pI could use some help up here!",,à_traduire,
e2114c1db977,scripts/mt moon/floor 3/fossil.rbc,10,@text,cp1252,It's a Pokémon fossil.,,à_traduire,
62e4b485f4c0,scripts/mt moon/floor 3/fossils found v2.rbc,105,@rontalk,cp1252,"Ronnie: [player], [player]!\nI found the Super Nerd guy!\pAnd guess what?\pHe says he's found some mother-\nflippin' Pokémon fossils!\pHow cool is this?",,à_traduire,
cb77c3a9a967,scripts/mt moon/floor 3/fossils found v2.rbc,115,@nerdtalk1,cp1252,"Easy, now.\pI've only been able to find these\ntwo fossils here, and they're\lhardly anything to brag about.\pFrankly, this whole fossil frenzy\nhas been quite blown out of\lproportion, if you ask me.",,à_traduire,
4907db196abd,scripts/mt moon/floor 3/fossils found v2.rbc,118,@rontalk2,cp1252,"Yeah, yeah; whatever you say.",,à_traduire,
abae20dc2017,scripts/mt moon/floor 3/fossils found v2.rbc,127,@rontalk3,cp1252,"Dude! [player]!\nThis is awesome!\pI told you we were gonna find\nsomething, didn't I?",,à_traduire,
61aedf82b10a,scripts/mt moon/floor 3/fossils found v2.rbc,130,@nerdtalk3,cp1252,Er-hem! Let's not go forgetting\nwho did most of the finding here[.],,à_traduire,
806e889aaf77,scripts/mt moon/floor 3/fossils found v2.rbc,133,@rontalk4,cp1252,"Oh man, oh man, oh man!\pGuess who's going to be the first\nto report this spectacular finding\lto Petrel, eh?\pMan, I can't wait to see the faces\non those whimpy-ass grunts out by\lthe Pokémon Center when they see\lhow I salvaged the mission for all\lof us!",,à_traduire,
09bbb0946ecd,scripts/mt moon/floor 3/fossils found v2.rbc,151,@rontalk5,cp1252,"Hang on, that reminds me[.]",,à_traduire,
463347899069,scripts/mt moon/floor 3/fossils found v2.rbc,163,@rontalk6,cp1252,"Ronnie: Mr. Nerd guy, did you\nhappen to see some little kid\lTrainer come through here?\pSomeone with spiky hair and a\ncocky attitude, maybe?",,à_traduire,
6d5458714b11,scripts/mt moon/floor 3/fossils found v2.rbc,166,@nerdtalk4,cp1252,"Yes, I did. Funny you'd ask.",,à_traduire,
d03f94544259,scripts/mt moon/floor 3/fossils found v2.rbc,174,@nerdtalk5,cp1252,"In fact, he came right through\nhere not too long ago, walking\laround with his Wartortle outside\lits Poké Ball like some big show-\loff.\pI think he's all gone now, though.",,à_traduire,
d80d6a02083c,scripts/mt moon/floor 3/fossils found v2.rbc,178,@nerdtalk6,cp1252,Anyway. At least he didn't seem to\ncare about the fossils.\pI just told him I wasn't a Trainer\nand he just walked on past.,,à_traduire,
fef9014a27f6,scripts/mt moon/floor 3/fossils found v2.rbc,182,@nerdtalk7,cp1252,"The kid had a Wartortle, for\ncrying out loud!",,à_traduire,
a83c36fdf1d9,scripts/mt moon/floor 3/fossils found v2.rbc,186,@rontalk7,cp1252,"Ronnie: Huh.\pWell, I guess we won't have to\nworry about him anymore.",,à_traduire,
64514d42c9d0,scripts/mt moon/floor 3/fossils found v2.rbc,189,@rontalk8,cp1252,(Still[.] you never know if some\nopportunistic little prick could\lswoop in and ruin my chance for\lglory while I'm gone[.]),,à_traduire,
5d5aa5a3b950,scripts/mt moon/floor 3/fossils found v2.rbc,197,@rontalk9,cp1252,"Say, [player], how about you stand\nguard here for a little bit while\lI go get Petrel?\pI doubt there'll be any trouble,\nbut just in case any Trainers\lstroll past here-- that includes\lany of those wussies from\lupstairs, you beat the crap out of\lthem and make sure they don't get\lany of the credit for finding the\lfossils, okay?",,à_traduire,
8063874499ba,scripts/mt moon/floor 3/fossils found v2.rbc,201,@rontalk10,cp1252,That's the spirit. Be right back.,,à_traduire,
8a73aad3b1f6,scripts/mt moon/floor 3/fossils found.rbc,105,@rontalk,cp1252,"Ronnie: [player], [player]!\nI found the Super Nerd guy!\pAnd guess what?\pHe says he's found some mother-\nflippin' Pokémon fossils!\pHow cool is this?",,à_traduire,
89d7c53998c3,scripts/mt moon/floor 3/fossils found.rbc,115,@nerdtalk1,cp1252,"Easy, now.\pI've only been able to find these\ntwo fossils here, and they're\lhardly anything to brag about.\pFrankly, this whole fossil frenzy\nhas been quite blown out of\lproportion, if you ask me.",,à_traduire,
437a43c914ad,scripts/mt moon/floor 3/fossils found.rbc,119,@rontalk2,cp1252,"Yeah, yeah; whatever you say.",,à_traduire,
07291bbec8ca,scripts/mt moon/floor 3/fossils found.rbc,128,@rontalk3,cp1252,"Dude! [player]!\nThis is awesome!\pI told you we were gonna find\nsomething, didn't I?",,à_traduire,
c2384a883ac7,scripts/mt moon/floor 3/fossils found.rbc,132,@nerdtalk3,cp1252,Er-hem! Let's not go forgetting\nwho did most of the finding here[.],,à_traduire,
33fc60993aa2,scripts/mt moon/floor 3/fossils found.rbc,136,@rontalk4,cp1252,"Oh man, oh man, oh man!\pGuess who's going to be the first\nto report this spectacular finding\lto Petrel, eh?\pMan, I can't wait to see the faces\non those whimpy-ass grunts out by\lthe Pokémon Center when they see\lhow I salvaged the mission for all\lof us!",,à_traduire,
c5e64084579c,scripts/mt moon/floor 3/fossils found.rbc,154,@rontalk5,cp1252,"Hang on, that reminds me[.]",,à_traduire,
3ceee4030155,scripts/mt moon/floor 3/fossils found.rbc,166,@rontalk6,cp1252,"Ronnie: Mr. Nerd guy, did you\nhappen to see some little kid\lTrainer come through here?\pSomeone with spiky hair and a\ncocky attitude, maybe?",,à_traduire,
162e315f00f9,scripts/mt moon/floor 3/fossils found.rbc,170,@nerdtalk4,cp1252,"Yes, I did. Funny you'd ask.",,à_traduire,
024605ee3e12,scripts/mt moon/floor 3/fossils found.rbc,179,@nerdtalk5,cp1252,"In fact, he came right through\nhere not too long ago, walking\laround with his Wartortle outside\lits Poké Ball like some big show-\loff.\pI think he's all gone now, though.",,à_traduire,
344ceee84e52,scripts/mt moon/floor 3/fossils found.rbc,184,@nerdtalk6,cp1252,Anyway. At least he didn't seem to\ncare about the fossils.\pI just told him I wasn't a Trainer\nand he just walked on past.,,à_traduire,
3d1075e6a659,scripts/mt moon/floor 3/fossils found.rbc,188,@nerdtalk7,cp1252,"The kid had a Wartortle, for\ncrying out loud!",,à_traduire,
f1fe6fe73894,scripts/mt moon/floor 3/fossils found.rbc,192,@rontalk7,cp1252,"Ronnie: Huh.\pWell, I guess we won't have to\nworry about him anymore.",,à_traduire,
3820d29fd6fd,scripts/mt moon/floor 3/fossils found.rbc,196,@rontalk8,cp1252,(Still[.] you never know if some\nopportunistic little prick could\lswoop in and ruin my chance for\lglory while I'm gone[.]),,à_traduire,
ba719dfe2d32,scripts/mt moon/floor 3/fossils found.rbc,205,@rontalk9,cp1252,"Say, [player], how about you stand\nguard here for a little bit while\lI go get Petrel?\pI doubt there'll be any trouble,\nbut just in case any Trainers\lstroll past here-- that includes\lany of those wussies from\lupstairs, you beat the crap out of\lthem and make sure they don't get\lany of the credit for finding the\lfossils, okay?",,à_traduire,
6544cdb8715b,scripts/mt moon/floor 3/fossils found.rbc,209,@rontalk10,cp1252,That's the spirit. Be right back.,,à_traduire,
3a6308fad992,scripts/mt moon/floor 3/grunt 1.rbc,13,@talk,utf-8,"Come on, it totally looks like a\nfossil, don't you think..?",,à_traduire,
ffa6c2c7d271,scripts/mt moon/floor 3/grunt 1.rbc,21,@fine,utf-8,Fine. Just take it; see if I care.,,à_traduire,
d1c891e63ece,scripts/mt moon/floor 3/grunt 2.rbc,11,@talk,utf-8,I came all the way down here only\nto get whooped by some little kid\lTrainer.\pNow I'm too scared to move in case\nsome Zubat swoops in and attacks\lme.\pI hate my job[.],,à_traduire,
09bf9a315e8b,scripts/mt moon/floor 3/level script.rbc,20,@grunt1talk,utf-8,"Have a look at this, guys! Am I\ngonna get promoted now or what?",,à_traduire,
8d016131b464,scripts/mt moon/floor 3/little girl.rbc,9,@challenge,utf-8,"I'm lost, mister. Do you think you\ncould help me get out?",,à_traduire,
9963493f20af,scripts/mt moon/floor 3/little girl.rbc,12,@defeat,utf-8,That's not what I wanted!,,à_traduire,
324eaa61baa2,scripts/mt moon/floor 3/little girl.rbc,15,@after,utf-8,I don't want to talk to you.\nYou're scary.,,à_traduire,
665a0a7f1801,scripts/mt moon/floor 3/red aftermath v2.rbc,245,@nerdtalk,cp1252,Did you see that kid?\nThat was insane!,,à_traduire,
7f3b8a125384,scripts/mt moon/floor 3/red aftermath v2.rbc,256,@nerdtalk2,cp1252,He beat me in half a heartbeat!\pHe didn't even say a word; just\nknocked me straight out!\pWhat the heck is going on here?!\pHas there been a sudden influx of\nsuper strong little kid Trainers\lall of a sudden? Did I miss this?,,à_traduire,
adb3f89421ad,scripts/mt moon/floor 3/red aftermath v2.rbc,259,@nerdtalk3,cp1252,"And the fossils, too.\nOh, goodness[.]",,à_traduire,
7970ceced613,scripts/mt moon/floor 3/red aftermath v2.rbc,262,@nerdtalk4,cp1252,"[.]\p([.]damn it, why did I even agree\nto keep doing these stupid odd\ljobs for Team Rocket?)\p(I knew I should have stayed at\nthe Pewter Museum.)\p(At least they gave me a steady\npaycheck to rely on, for\lChrissakes[.])",,à_traduire,
88cafbac8519,scripts/mt moon/floor 3/red aftermath v2.rbc,293,@rontalk,cp1252,"Ronnie: Guys, guys! You're never\ngoing to believe this!\pThere's another crazy strong\nlittle kid Trainer walking around\lsomewhere in the cave!\pThey say this one's got a\nCharmeleon, and that he's a lot\lstronger, even, than the spiky-\lhaired twer--",,à_traduire,
af8bfe2e0842,scripts/mt moon/floor 3/red aftermath v2.rbc,296,@rontalk2,cp1252,"Hang on[.]\n\c\h08ó.\c\h08ó.\c\h08ó.\c\h08ó\pNaw, don't tell me[.]\nNo, it can't be..!",,à_traduire,
a9af78cf9477,scripts/mt moon/floor 3/red aftermath v2.rbc,318,@rontalk3,cp1252,[.]\c\h08ó\c\h08ó\pWhat[.]\c\h08ó\\c\h08ó\ndid you guys[.]\c\h08ó\c\h08ó,,à_traduire,
734bf744f003,scripts/mt moon/floor 3/red aftermath v2.rbc,323,@rontalk4,cp1252,DO?!,,à_traduire,
3c59634194e7,scripts/mt moon/floor 3/red aftermath v2.rbc,345,@rontalk5,cp1252,"Where are my goddamn fossils,\nhuh?! I swear to God[.]\pI leave you two alone for two\nseconds and you go and mess this\lwhole thing up for me, don't you!",,à_traduire,
ccff069b0e4f,scripts/mt moon/floor 3/red aftermath v2.rbc,349,@nerdtalk5,cp1252,"W-well, listen!\pWe both tried to fend him off, but\nhe was just way too strong[.]\pHe just kind of shrugged us off\nand ran away with both fossils!\pThere was nothing we could do, I\nswear!",,à_traduire,
8fdc30ac2280,scripts/mt moon/floor 3/red aftermath v2.rbc,352,@pettalk,cp1252,"Petrel: Both fossils, did you say?",,à_traduire,
8bcf18c9cc4c,scripts/mt moon/floor 3/red aftermath v2.rbc,364,@nerdtalk6,cp1252,"Er[.] y-yes, sir, that's correct.",,à_traduire,
affd6b28a9d0,scripts/mt moon/floor 3/red aftermath v2.rbc,367,@pettalk2,cp1252,"Well, then.",,à_traduire,
7cd84ec1ff8f,scripts/mt moon/floor 3/red aftermath v2.rbc,375,@pettalk3,cp1252,(Jesus Arceus Christ. This is\ngonna go over well with Boss[.]),,à_traduire,
685effd7fe27,scripts/mt moon/floor 3/red aftermath v2.rbc,378,@pettalk4,cp1252,"The kid. I suppose you got a good\nlook at him.\pDid you see what kind of Pokémon\nhe used, what kind of clothes he\lwas wearing-- noticed any\ldistinguishing characteristics?",,à_traduire,
bb2f1e013e70,scripts/mt moon/floor 3/red aftermath v2.rbc,382,@nerdtalk7,cp1252,"Y-yes, sir.\nOr, that is, only just barely.\pHe had me on the ground in no time\nat all, and then he just ran off!",,à_traduire,
2c9fc0cfadba,scripts/mt moon/floor 3/red aftermath v2.rbc,391,@nerdtalk8,cp1252,"Th-this pink-haired grunt here\nfought him too, though[.]\pI don't know if maybe he fared any\nbetter[.]",,à_traduire,
12c6e22c579a,scripts/mt moon/floor 3/red aftermath v2.rbc,394,@pettalk5,cp1252,"Petrel: You.\nWhat's your name, grunt?\p[.]\p[player]?\c\h08ó\nThat's right, I remember now.\pYou fought this kid Trainer just\nnow, did you?\pAnd you remember what he looked\nlike; what Pokémon he used?",,à_traduire,
9a1dcb7d99d9,scripts/mt moon/floor 3/red aftermath v2.rbc,404,@ellipses,cp1252,Petrel: [.],,à_traduire,
f8a97ceb4bfd,scripts/mt moon/floor 3/red aftermath v2.rbc,407,@angrypet1,cp1252,"God, if there's anything I hate\nmore than a puny grunt, it's a\llying grunt.\pLet me ask you again, buddy, and\nthis time I suggest you think your\lanswer just a little more through\lbefore you give it:\pDo you remember what the kid\nTrainer looked like?!",,à_traduire,
e21b173d19bc,scripts/mt moon/floor 3/red aftermath v2.rbc,410,@angrypet2,cp1252,"I've got all day, pal.\pAnytime you feel like cooperating,\njust give me a shout.\p[.]\pNow tell me: Do you remember what\nthe kid Trainer you just fought\llooks like?!",,à_traduire,
a97ef8a27469,scripts/mt moon/floor 3/red aftermath v2.rbc,413,@pettalk6,cp1252,Good.\pAt least one of you darn grunts\nproved to be of some use today.,,à_traduire,
a57627c0f1b3,scripts/mt moon/floor 3/red aftermath v2.rbc,416,@pettalk7,cp1252,We'll have to investigate this\nmatter further.\pWe can't have little kids running\naround beating the crap out of an\lentire squad of us and running\laway!\pThat'll spell the doom for Team\nRocket's image.,,à_traduire,
8af8a8728faf,scripts/mt moon/floor 3/red aftermath v2.rbc,420,@pettalk7extra,cp1252,I imagine Boss will want a word\nwith you back at HQ.,,à_traduire,
aebe8b7682d5,scripts/mt moon/floor 3/red aftermath v2.rbc,428,@pettalk8,cp1252,"Now, as regards your mission[.]",,à_traduire,
74475d10876f,scripts/mt moon/floor 3/red aftermath v2.rbc,431,@pettalk9,cp1252,Nothing more to be done here.\nYou're all dismissed.\pReport back to HQ as soon as\npossible.,,à_traduire,
8dec5b7a0ef1,scripts/mt moon/floor 3/red aftermath v2.rbc,434,@desperateron,cp1252,"Ronnie: B-but what about me,\nPetrel?\pI found the fossils for you,\ndidn't I?",,à_traduire,
ab039ecc289d,scripts/mt moon/floor 3/red aftermath v2.rbc,439,@pettalk10,cp1252,"Petrel: Yes, and a fat lot of good\nit did us too, eh?\pI'll hear no more of it, grunt.\nDo as you're told, now.",,à_traduire,
2f644395d969,scripts/mt moon/floor 3/red aftermath v2.rbc,457,@ronfinaltalk,cp1252,Ronnie: Stupid little purple-\nbearded jerk[.]\pI'll show him some day[.],,à_traduire,
122b9839e00f,scripts/mt moon/floor 3/red aftermath v2.rbc,466,@nerdfinaltalk,cp1252,Why do I even bother..?,,à_traduire,
4edba61b68cc,scripts/mt moon/floor 3/red aftermath.rbc,258,@nerdtalk,cp1252,Did you see that kid?\nThat was insane!,,à_traduire,
9d7c5bb39cfe,scripts/mt moon/floor 3/red aftermath.rbc,279,@nerdtalk2,cp1252,He beat me in half a heartbeat!\pHe didn't even say a word; just\nknocked me straight out!\pWhat the heck is going on here?!\pHas there been a sudden influx of\nsuper strong little kid Trainers\lall of a sudden? Did I miss this?,,à_traduire,
5740ab7ad021,scripts/mt moon/floor 3/red aftermath.rbc,283,@nerdtalk3,cp1252,"And the fossils, too.\nOh, goodness[.]",,à_traduire,
e1adde39f38a,scripts/mt moon/floor 3/red aftermath.rbc,288,@nerdtalk4,cp1252,"[.]\p([.]damn it, why did I even agree\nto keep doing these stupid odd\ljobs for Team Rocket?)\p(I knew I should have stayed at\nthe Pewter Museum.)\p(At least they gave me a steady\npaycheck to rely on, for\lChrissakes[.])",,à_traduire,
6096a8e108f6,scripts/mt moon/floor 3/red aftermath.rbc,319,@rontalk,cp1252,"Ronnie: Guys, guys! You're never\ngoing to believe this!\pThere's another crazy strong\nlittle kid Trainer walking around\lsomewhere in the cave!\pThey say this one's got a\nCharmeleon, and that he's a lot\lstronger, even, than the spiky-\lhaired twer--",,à_traduire,
330032066c70,scripts/mt moon/floor 3/red aftermath.rbc,323,@rontalk2,cp1252,"Hang on[.]\n\c\h08ó.\c\h08ó.\c\h08ó.\c\h08ó\pNaw, don't tell me[.]\nNo, it can't be..!",,à_traduire,
e5a0a5bc02c0,scripts/mt moon/floor 3/red aftermath.rbc,344,@rontalk3,cp1252,[.]\c\h08ó\c\h08ó\pWhat[.]\c\h08ó\\c\h08ó\ndid you guys[.]\c\h08ó\c\h08ó,,à_traduire,
8b06769c721c,scripts/mt moon/floor 3/red aftermath.rbc,349,@rontalk4,cp1252,DO?!,,à_traduire,
fbb5a1a84e66,scripts/mt moon/floor 3/red aftermath.rbc,372,@rontalk5,cp1252,"Where are my goddamn fossils,\nhuh?! I swear to God[.]\pI leave you two alone for two\nseconds and you go and mess this\lwhole thing up for me, don't you!",,à_traduire,
04c0802d429c,scripts/mt moon/floor 3/red aftermath.rbc,376,@nerdtalk5,cp1252,"W-well, listen!\pWe both tried to fend him off, but\nhe was just way too strong[.]\pHe just kind of shrugged us off\nand ran away with both fossils!\pThere was nothing we could do, I\nswear!",,à_traduire,
3ee4a3d5c48b,scripts/mt moon/floor 3/red aftermath.rbc,380,@pettalk,cp1252,"Petrel: Both fossils, did you say?",,à_traduire,
8e0bed198bcf,scripts/mt moon/floor 3/red aftermath.rbc,392,@nerdtalk6,cp1252,"Er[.] y-yes, sir, that's correct.",,à_traduire,
5a8449d47440,scripts/mt moon/floor 3/red aftermath.rbc,395,@pettalk2,cp1252,"Well, then.",,à_traduire,
a45deb99550c,scripts/mt moon/floor 3/red aftermath.rbc,403,@pettalk3,cp1252,(Jesus Arceus Christ. This is\ngonna go over well with Boss[.]),,à_traduire,
99b71d166af7,scripts/mt moon/floor 3/red aftermath.rbc,407,@pettalk4,cp1252,"The kid. I suppose you got a good\nlook at him.\pDid you see what kind of Pokémon\nhe used, what kind of clothes he\lwas wearing-- noticed any\ldistinguishing characteristics?",,à_traduire,
1cca829cbe5c,scripts/mt moon/floor 3/red aftermath.rbc,412,@nerdtalk7,cp1252,"Y-yes, sir.\nOr, that is, only just barely.\pHe had me on the ground in no time\nat all, and then he just ran off!",,à_traduire,
3d6614e07f0d,scripts/mt moon/floor 3/red aftermath.rbc,421,@nerdtalk8,cp1252,"Th-this pink-haired grunt here\nfought him too, though[.]\pI don't know if maybe he fared any\nbetter[.]",,à_traduire,
6696ac15a0ef,scripts/mt moon/floor 3/red aftermath.rbc,425,@pettalk5,cp1252,"Petrel: You.\nWhat's your name, grunt?\p[.]\p[player]?\c\h08ó\nThat's right, I remember now.\pYou fought this kid Trainer just\nnow, did you?\pAnd you remember what he looked\nlike; what Pokémon he used?",,à_traduire,
a739d5f7fafd,scripts/mt moon/floor 3/red aftermath.rbc,436,@ellipses,cp1252,Petrel: [.],,à_traduire,
7c6465c5f9ed,scripts/mt moon/floor 3/red aftermath.rbc,439,@angrypet1,cp1252,"God, if there's anything I hate\nmore than a puny grunt, it's a\llying grunt.\pLet me ask you again, buddy, and\nthis time I suggest you think your\lanswer just a little more through\lbefore you give it:\pDo you remember what the kid\nTrainer looked like?!",,à_traduire,
af0b2ee0d2c8,scripts/mt moon/floor 3/red aftermath.rbc,443,@angrypet2,cp1252,"I've got all day, pal.\pAnytime you feel like cooperating,\njust give me a shout.\p[.]\pNow tell me: Do you remember what\nthe kid Trainer you just fought\llooks like?!",,à_traduire,
911753c65379,scripts/mt moon/floor 3/red aftermath.rbc,447,@pettalk6,cp1252,Good.\pAt least one of you darn grunts\nproved to be of some use today.,,à_traduire,
a4a50fb33397,scripts/mt moon/floor 3/red aftermath.rbc,452,@pettalk7,cp1252,We'll have to investigate this\nmatter further.\pWe can't have little kids running\naround beating the crap out of an\lentire squad of us and running\laway!\pThat'll spell the doom for Team\nRocket's image.,,à_traduire,
a0612eb046ee,scripts/mt moon/floor 3/red aftermath.rbc,456,@pettalk7extra,cp1252,I imagine Boss will want a word\nwith you back at HQ.,,à_traduire,
d71eea5c9ddb,scripts/mt moon/floor 3/red aftermath.rbc,464,@pettalk8,cp1252,"Now, as regards your mission[.]",,à_traduire,
270b645de39f,scripts/mt moon/floor 3/red aftermath.rbc,467,@pettalk9,cp1252,Nothing more to be done here.\nYou're all dismissed.\pReport back to HQ as soon as\npossible.,,à_traduire,
b667bfb7fc3c,scripts/mt moon/floor 3/red aftermath.rbc,472,@desperateron,cp1252,"Ronnie: B-but what about me,\nPetrel?\pI found the fossils for you,\ndidn't I?",,à_traduire,
4b6261fefcd4,scripts/mt moon/floor 3/red aftermath.rbc,477,@pettalk10,cp1252,"Petrel: Yes, and a fat lot of good\nit did us too, eh?\pI'll hear no more of it, grunt.\nDo as you're told, now.",,à_traduire,
e254155f4df0,scripts/mt moon/floor 3/red aftermath.rbc,496,@ronfinaltalk,cp1252,Ronnie: Stupid little purple-\nbearded jerk[.]\pI'll show him some day[.],,à_traduire,
e283702fd384,scripts/mt moon/floor 3/red aftermath.rbc,506,@nerdfinaltalk,cp1252,Why do I even bother..?,,à_traduire,
14adfdb9641b,scripts/mt moon/floor 3/red battle v2.rbc,83,@talk,cp1252,...,,à_traduire,
67e7eefee7c0,scripts/mt moon/floor 3/red battle v2.rbc,86,@playerwin,cp1252,"WTF??\nDid you use cheat codes??\pBro, you weren't supposed to beat\nme just now!\p[.]\pGod, how's a man supposed to keep\na plot going if you go about\lmessing it up?!\pOkay, listen: just go along with\nwhat happens next and pretend like\lI just beat you straight out,\lokay?\pJesus.",,à_traduire,
7cc16f803710,scripts/mt moon/floor 3/red battle v2.rbc,107,@nerdtalk,cp1252,"Hey, stop!\pI found these fossils!\nThey're both mine!",,à_traduire,
a2bd99459d11,scripts/mt moon/floor 3/red battle v2.rbc,110,@nerdtalk2,cp1252,Okay!\nI'll share!,,à_traduire,
ef0ce372e856,scripts/mt moon/floor 3/red battle v2.rbc,113,@nerdtalk3,cp1252,We'll each take a fossil!\nNo being greedy!,,à_traduire,
8a2b9e378a0f,scripts/mt moon/floor 3/red battle v3.rbc,85,@talk,cp1252,...,,à_traduire,
2dca7baed2fc,scripts/mt moon/floor 3/red battle v3.rbc,88,@playerwin,cp1252,"WTF??\nDid you use cheat codes??\pBro, you weren't supposed to beat\nme just now!\p[.]\pGod, how's a man supposed to keep\na plot going if you go about\lmessing it up?!\pOkay, listen: just go along with\nwhat happens next and pretend like\lI just beat you straight out,\lokay?\pJesus.",,à_traduire,
2603894e1e9e,scripts/mt moon/floor 3/red battle v3.rbc,109,@nerdtalk,cp1252,"Hey, stop!\pI found these fossils!\nThey're both mine!",,à_traduire,
d4dac0483c7b,scripts/mt moon/floor 3/red battle v3.rbc,112,@nerdtalk2,cp1252,Okay!\nI'll share!,,à_traduire,
5519d4787787,scripts/mt moon/floor 3/red battle v3.rbc,115,@nerdtalk3,cp1252,We'll each take a fossil!\nNo being greedy!,,à_traduire,
17120ce8a13b,scripts/mt moon/floor 3/red battle.rbc,84,@talk,cp1252,...,,à_traduire,
d1cddf00249b,scripts/mt moon/floor 3/red battle.rbc,87,@playerwin,cp1252,"WTF??\nDid you use cheat codes??\pBro, you weren't supposed to beat\nme just now!\p[.]\pGod, how's a man supposed to keep\na plot going if you go about\lmessing it up?!\pOkay, listen: just go along with\nwhat happens next and pretend like\lI just beat you straight out,\lokay?\pJesus.",,à_traduire,
33504646dbae,scripts/mt moon/floor 3/red battle.rbc,108,@nerdtalk,cp1252,"Hey, stop!\pI found these fossils!\nThey're both mine!",,à_traduire,
6ce051d44e13,scripts/mt moon/floor 3/red battle.rbc,111,@nerdtalk2,cp1252,Okay!\nI'll share!,,à_traduire,
395265588348,scripts/mt moon/floor 3/red battle.rbc,114,@nerdtalk3,cp1252,We'll each take a fossil!\nNo being greedy!,,à_traduire,
9006d111ba5a,scripts/mt moon/floor 3/script 1 v2.rbc,45,@eagergrunt,cp1252,So what do you think?\pLook at me and tell me this isn't\nthe rarest-looking fossil you've\lever seen!\pI can't wait to see the look on\nPetrel's face when he sees--,,à_traduire,
b61ceb34cad5,scripts/mt moon/floor 3/script 1 v2.rbc,54,@dude,cp1252,"Dude, this is what you got us all\nworked up about?\pIt's a freaking Moon Stone, for\ncrying out loud.\pYeah, one of those things you use\nto evolve gay little Pokémon like\lJigglypuff.\pThe thing's not even rare, man.",,à_traduire,
6c178c86eecb,scripts/mt moon/floor 3/script 1 v2.rbc,58,@talkie,cp1252,"Oh, well; so much for leaving\nearly, I guess.",,à_traduire,
9385bba4d0cd,scripts/mt moon/floor 3/script 1.rbc,49,@eagergrunt,cp1252,So what do you think?\pLook at me and tell me this isn't\nthe rarest-looking fossil you've\lever seen!\pI can't wait to see the look on\nPetrel's face when he sees--,,à_traduire,
7e50f0590913,scripts/mt moon/floor 3/script 1.rbc,60,@dude,cp1252,"Dude, this is what you got us all\nworked up about?\pIt's a freaking Moon Stone, for\ncrying out loud.\pYeah, one of those things you use\nto evolve gay little Pokémon like\lJigglypuff.\pThe thing's not even rare, man.",,à_traduire,
f3364c866449,scripts/mt moon/floor 3/script 1.rbc,64,@talkie,cp1252,"Oh, well; so much for leaving\nearly, I guess.",,à_traduire,
3b26fbfaf334,scripts/mt moon/floor 3/super nerd.rbc,11,@talk,utf-8,"Don't look at me, I didn't sign up\nfor any battling.",,à_traduire,
5c978cf458c7,scripts/oaks secret lab/gender-specific statue.rbc,9,@sign,utf-8,The statue glares at you with an\neerily lifelike gaze[.],,à_traduire,
0d2cdfcf6ece,scripts/oaks secret lab/room 1/pc 1 sign.rbc,8,@sign,utf-8,Oak stands muttering to himself\nabout scientific theories[.],,à_traduire,
ef64e68cd894,scripts/oaks secret lab/room 1/room 1 level script (video).rbc,31,@talk,cp1252,"The Mewtwo Project is bound to\nfail, but my colleagues refuse to\lsee it.\pMissingNo. was just the canary in\nthe coal mine[.]",,à_traduire,
17d638751260,scripts/oaks secret lab/room 1/room 1 level script (video).rbc,34,@talk2,cp1252,"A Pokémon clone of Mew, however\nsophisticated, can never be\lcontrolled.",,à_traduire,
cc73769aa89e,scripts/oaks secret lab/room 1/room 1 level script (video).rbc,37,@talk3,cp1252,"The others have all refused to\nback down[.]\pSo I henceforth start a scientific\nproject of my own.\pIf it can't save Kanto, nothing\ncan.",,à_traduire,
1d8f215f0f26,scripts/oaks secret lab/room 1/video diary 1 activation.rbc,38,@text,cp1252,"Diary: Jan. 16, 1985\c\h08ó\n2:35am",,à_traduire,
77a25b6b262f,scripts/oaks secret lab/room 2/ditto diary entry.rbc,12,@text,cp1252,"Ditto\nTransform Pokémon.\pThe simplest Mew clone\nsuccessfully synthesized.\pCapable of Transforming, but shows\nnone of Mew's other abilities.\pObedient, but docile and weak.\pPotential use for accelerated\nPokémon breeding, but unsuitable\lfor warfare.",,à_traduire,
b3856f8f8dda,scripts/oaks secret lab/room 2/ditto poke ball.rbc,34,@item,cp1252,[player] found one\c\h08ó.\c\h08ó.\c\h08ó?!,,à_traduire,
58c39af1068f,scripts/oaks secret lab/room 2/pc sign 2.rbc,8,@sign,utf-8,Oak stands listing off variables\nin a complicated formula[.],,à_traduire,
2c4241f03d89,scripts/oaks secret lab/room 2/pc sign 3.rbc,8,@sign,cp1252,Oak stands rambling about his\ntheories on Pokémon and society.,,à_traduire,
88a9de633e3d,scripts/oaks secret lab/room 2/video diaries 2-3 level script.rbc,60,@talk,cp1252,"There's a fatal flaw in the logic\nunderlying the Mewtwo Project.\pYes[.]\c\h08ó there is immense potential\nin genetic engineering, no doubt.\pAnd we've correctly isolated the\ngenes responsible for aggression\land sociopathy.",,à_traduire,
54047b329fa9,scripts/oaks secret lab/room 2/video diaries 2-3 level script.rbc,63,@talk2,cp1252,But what good are they[.]\pIn the body of a Pokémon that\ncannot be reasoned with?,,à_traduire,
bcfb5046bc0c,scripts/oaks secret lab/room 2/video diaries 2-3 level script.rbc,66,@talk3,cp1252,The wartime chaos makes people\nfocus on raw muscle power to the\lexclusion of everything else.\pThey forget that we are not\nsavages.,,à_traduire,
2a7abb334a55,scripts/oaks secret lab/room 2/video diaries 2-3 level script.rbc,69,@2talk,cp1252,Why have Pokémon grown to be such\na dominating force in society?,,à_traduire,
784f7dc943b3,scripts/oaks secret lab/room 2/video diaries 2-3 level script.rbc,72,@2talk2,cp1252,"Not by their individual power\nalone.\pLeft to their own devices, Pokémon\nare passive, simple-minded\lcreatures.\pAbove all, the thing that\ndetermines the strength of a\lpack of Pokémon[.]",,à_traduire,
e71183bd4ba9,scripts/oaks secret lab/room 2/video diaries 2-3 level script.rbc,76,@2talk3,cp1252,"Is the intelligence, the\ndiscipline and the leadership[.]\pOf the humans that control them.\pA Pokémon is only as strong as its\nmaster.",,à_traduire,
5fc4541ee8fe,scripts/oaks secret lab/room 2/video diary 2 activation.rbc,38,@text,cp1252,"Diary: Feb. 14, 1985\c\h08ó\n11:15pm",,à_traduire,
eaf820c00c0e,scripts/oaks secret lab/room 2/video diary 3 activation.rbc,39,@text,cp1252,"Diary: Feb. 29, 1985\c\h08ó\n9:42pm",,à_traduire,
0110d60dc70f,scripts/oaks secret lab/room 3/gargoyle battle 1.rbc,55,@talk,cp1252,INTRUDER ALERT!\c\h08ó\c\h08ó\nINTRUDER ALERT!,,à_traduire,
aed2c85d6f53,scripts/oaks secret lab/room 3/gargoyle battle 1.rbc,58,@defeat,cp1252,UNHANDLED EXCEPTION!\nTrainer battle exited abnormally.,,à_traduire,
e886f0ee1e71,scripts/oaks secret lab/room 3/gargoyle trainer npc.rbc,11,@talk,cp1252,Rebooting[.] 1 2 3 4\c\h08ó\nSegmentation fault (core dumped),,à_traduire,
2dc360adc2a5,scripts/oaks secret lab/room 3/missingno diary entry.rbc,12,@text,cp1252,MissingNo.\nComputer glitch Pokémon.\pA powerful but incomplete digital\nreplica of Mew's DNA.\pErratic and impossible to control.\pKnown to interfere with computer\nsystems and duplicate items.\pThe full extent of its ability to\nmanipulate its surroundings is not\lknown.,,à_traduire,
dae68087a35c,scripts/oaks secret lab/room 3/pc sign 4.rbc,8,@sign,utf-8,"Oak stares intently into space,\nlost in thought[.]",,à_traduire,
5a4abb6960d8,scripts/oaks secret lab/room 3/pc sign 5.rbc,8,@sign,utf-8,Oak is seen questioning the woman\nabout her skills as a housewife[.],,à_traduire,
d49c7f5fcebc,scripts/oaks secret lab/room 3/video diaries 4-5 level script.rbc,107,@talk,cp1252,Let's do away with all prior\nassumptions.\pWhat if those genes we synthesized\nwere instead manifest[.],,à_traduire,
ab37435ee524,scripts/oaks secret lab/room 3/video diaries 4-5 level script.rbc,110,@talk2,cp1252,In a genetic clone[.]\c\h08ó\nOf a human boy?,,à_traduire,
99ee65b5109c,scripts/oaks secret lab/room 3/video diaries 4-5 level script.rbc,113,@talk3,cp1252,"Yes[.]\pA boy with those unique and\nunwavering qualities, raised for\lPokémon battle[.]\pHe would not be subject to the\nsame limitations as a normal human\lTrainer.",,à_traduire,
b1154197fb0e,scripts/oaks secret lab/room 3/video diaries 4-5 level script.rbc,116,@talk4,cp1252,"Coldly and objectively he could\ndevise his battle strategies, push\lhis Pokémon to their limits[.]\pLike a dispassionate puppet master,\ndirectly controlling the actions\lof his Pokémon from afar[.]\pAs if by the click of a button[.]",,à_traduire,
f5c9c3bd1482,scripts/oaks secret lab/room 3/video diaries 4-5 level script.rbc,119,@talk5,cp1252,Fuji and Shigeki have taught me\nall I need.\pI will create this superhuman\nTrainer on my own.\pAnd nobody is to know.,,à_traduire,
e6a8f78dae4c,scripts/oaks secret lab/room 3/video diaries 4-5 level script.rbc,122,@2talk,cp1252,"Initial tests appear promising[.]\pBut I cannot recreate the body of\na full-grown, living boy of\lbattling age.",,à_traduire,
a468bddccc0a,scripts/oaks secret lab/room 3/video diaries 4-5 level script.rbc,125,@2talk2,cp1252,For the clone to resemble a human\nwell enough to fool the world[.]\pI will create my master Trainer as\nan embryo and let nature take its\lcourse.,,à_traduire,
ecadaee6016a,scripts/oaks secret lab/room 3/video diaries 4-5 level script.rbc,128,@2talk3,cp1252,"A sterile local widow, blindly\ndevoted to me since our youth,\lwill happily agree to adopt him as\lhis mother.",,à_traduire,
066c476ea39b,scripts/oaks secret lab/room 3/video diaries 4-5 level script.rbc,131,@2talk4,cp1252,Of course[.]\pHe will need little nurturing for\nhis genetic code to bloom as\lintended.\pThe purpose of his childhood will\nbe to imprint only a single lesson[.],,à_traduire,
2ba6a37243d0,scripts/oaks secret lab/room 3/video diaries 4-5 level script.rbc,134,@2talk5,cp1252,"That I am a father figure he can\ntrust[.]\pAnd that my word, for his own\ngood, is law.",,à_traduire,
927fc27f148f,scripts/oaks secret lab/room 3/video diary 4 activation.rbc,39,@text,cp1252,"Diary: Mar. 11, 1985\c\h08ó\n1:16am",,à_traduire,
e18295c35a4d,scripts/oaks secret lab/room 3/video diary 5 activation.rbc,42,@text,cp1252,"Diary: Jun. 3, 1985\c\h08ó\n9:45pm",,à_traduire,
f26ff6db25c9,scripts/oaks secret lab/room 4/gargoyle battle 2.rbc,119,@talk,cp1252,STATUS 466: UNAUTHORIZED ENTRY!\c\h08ó\c\h08ó\nDISPOSAL IMMINENT!,,à_traduire,
1adc394b1a0f,scripts/oaks secret lab/room 4/gargoyle battle 2.rbc,122,@defeat,cp1252,"Loading defeat message[.]\c\h08ó\n""YOU ARE BIG LOSER!""",,à_traduire,
5d8c093e047e,scripts/oaks secret lab/room 4/mewtwo diary entry.rbc,12,@text,cp1252,"Mewtwo\nGenetic Pokémon.\pA blend of Mew and human DNA.\pMew's equal in power and\nintelligence.\pBloodthirsty, ruthless.\nRemarkable cognitive abilities.\pBut too independent.\nWill not follow orders.\lLike a selfish human.",,à_traduire,
9cca4bb96bb1,scripts/oaks secret lab/room 4/pc sign 6.rbc,8,@sign,utf-8,"Oak grins, detailing plans for his\nnewborn's future accomplishments[.]",,à_traduire,
992a77012c90,scripts/oaks secret lab/room 4/pc sign 7.rbc,8,@sign,utf-8,The tape finished.,,à_traduire,
d7baa62c8fda,scripts/oaks secret lab/room 4/robot 2 npc.rbc,19,@sign,utf-8,The statue glares at you with an\neerily lifelike gaze[.],,à_traduire,
c364b943b173,scripts/oaks secret lab/room 4/robot 2 npc.rbc,22,@talk,utf-8,[player] is not in the sudoers file.\nThis incident will be reported.,,à_traduire,
4f9dcb76d1f8,scripts/oaks secret lab/room 4/video diaries 6-7 level script.rbc,141,@talk,cp1252,The Pokémon League challenge is a\nray of hope for many naive young\lTrainers.\pEven if only one in a million ever\nstand a chance at being Champion.,,à_traduire,
0330819a03f9,scripts/oaks secret lab/room 4/video diaries 6-7 level script.rbc,144,@talk2,cp1252,Fortunately[.]\c\h08ó\nIt can readily be exploited.,,à_traduire,
9e0a66f9361f,scripts/oaks secret lab/room 4/video diaries 6-7 level script.rbc,147,@talk3,cp1252,"As soon as he's given his Pokémon\nLicense, my clone will rise up the\lranks at unprecedented speed[.]\pGym Leaders, criminal organizations,\nLegendary Pokémon[.]\pThey'll be no match for him.",,à_traduire,
878507cd7552,scripts/oaks secret lab/room 4/video diaries 6-7 level script.rbc,150,@talk4,cp1252,They'll never see a child like\nthis coming.\pThey won't believe their eyes.,,à_traduire,
917aa8b2a43d,scripts/oaks secret lab/room 4/video diaries 6-7 level script.rbc,153,@2talk,cp1252,Mewtwo escaped the Pokémon Mansion\nand put an end to that farcical\lproject.\pKanto's military resources are\nrunning out[.]\pWe can't afford this war any\nlonger.,,à_traduire,
dd77adcfad46,scripts/oaks secret lab/room 4/video diaries 6-7 level script.rbc,156,@2talk2,cp1252,Lance will not give in until he\nhas my head on a pike and all of\lKanto kneeling before him[.],,à_traduire,
154d663fd6d8,scripts/oaks secret lab/room 4/video diaries 6-7 level script.rbc,159,@2talk3,cp1252,[.]\c\h08ó\nIt won't do.\pI will surrender my position as\nChampion.,,à_traduire,
841455597b69,scripts/oaks secret lab/room 4/video diaries 6-7 level script.rbc,162,@2talk4,cp1252,"Lance will gleefully take my place,\nand the public will shame me as a\lcoward and a traitor[.]\pBut they will let me live.",,à_traduire,
afd1a29ec546,scripts/oaks secret lab/room 4/video diaries 6-7 level script.rbc,165,@2talk5,cp1252,And in ten years' time[.],,à_traduire,
b5f06e06b41b,scripts/oaks secret lab/room 4/video diaries 6-7 level script.rbc,168,@2talk6,cp1252,"I will wipe that grin off your\nconceited face, Lance.",,à_traduire,
f3b9c6235af9,scripts/oaks secret lab/room 4/video diaries 6-7 level script.rbc,171,@2talk7,cp1252,"When my boy has crushed you in\nfair, official Pokémon battle[.]\pYou will find his policies as\nChampion less than friendly\ltowards the likes of you.",,à_traduire,
fd6eb57f73b2,scripts/oaks secret lab/room 4/video diaries 6-7 level script.rbc,174,@2talk8,cp1252,"As a minor, the boy will gladly\nconcede his political decisions to\lme.\pAnd[.]\c\h08ó being his only male guardian,\nthe people will have no choice but\lto comply.",,à_traduire,
83e3405709c9,scripts/oaks secret lab/room 4/video diaries 6-7 level script.rbc,177,@2talk9,cp1252,"Kanto, Johto[.]\c\h08ó\nThe ends of the world!\lWe will yield unprecedented power.\pWhat human Trainer could possibly\nstand in our way?",,à_traduire,
f06b943014c6,scripts/oaks secret lab/room 4/video diaries 6-7 level script.rbc,180,@2talk10,cp1252,"Oh, a decade of public humiliation\nis a small price to pay[.]\pBecause when the time is right[.]",,à_traduire,
824165f6f1fc,scripts/oaks secret lab/room 4/video diaries 6-7 level script.rbc,183,@pager,cp1252,The Rocket Pager is beeping!\c\h08ó\c\h08ó\nBetter report to Viridian Gym!\c\h08ó,,à_traduire,
95307dca51e2,scripts/oaks secret lab/room 4/video diaries 6-7 level script.rbc,342,@billTalk,cp1252,"Hmm?\c\h08ó Yes, Oak had it all cleared\nout after we broke in.\pI had to make sure none of the\nothers ratted him out in court,\ljust in case.",,à_traduire,
444431dfa8b7,scripts/oaks secret lab/room 4/video diaries 6-7 level script.rbc,345,@billTalk2,cp1252,"Oh, not to worry[.]\pI made copies of all his blueprints\nand research notes, naturally.\pI'll show you in person.",,à_traduire,
333cc5c1cc09,scripts/oaks secret lab/room 4/video diaries 6-7 level script.rbc,348,@billTalk3,cp1252,"[.]\pYes, very sophisticated[.]\c\h08ó\nBut nothing we couldn't reproduce.",,à_traduire,
835d97ec77d6,scripts/oaks secret lab/room 4/video diaries 6-7 level script.rbc,351,@billTalk4,cp1252,[.]\c\h08ó\nIndeed!\pWith the technological advancements\nin the intervening decade[.]\pI think we could build a full-grown\nbattle-ready prototype in just[.]\pThree years' time.,,à_traduire,
f4be7fbdc487,scripts/oaks secret lab/room 4/video diaries 6-7 level script.rbc,354,@billTalk5,cp1252,"Ah, there you are!\c\h08ó\nWell, come and see for yourself.",,à_traduire,
f7f4eb56d11e,scripts/oaks secret lab/room 4/video diaries 6-7 level script.rbc,357,@elmTalk,cp1252,"Elm: [.]\c\h08ó\nI've seen enough, Bill.\pCount me in.",,à_traduire,
93dd1a45bc41,scripts/oaks secret lab/room 4/video diaries 6-7 level script.rbc,360,@billTalk6,cp1252,"Bill: [.]\pPleasure doing business with\nyou, Professor.",,à_traduire,
7c3acbc2ab76,scripts/oaks secret lab/room 4/video diary 6 activation.rbc,39,@text,cp1252,"Diary: Aug. 15, 1985\c\h08ó\n7:21pm",,à_traduire,
be0c778ebb18,scripts/oaks secret lab/room 4/video diary 7 activation.rbc,40,@text,cp1252,"Diary: Sep. 2, 1985\c\h08ó\n2:41am",,à_traduire,
168078b455bb,scripts/oaks secret lab/statues.rbc,8,@sign,utf-8,The statue glares at you with an\neerily lifelike gaze[.],,à_traduire,
b1243397a2dd,scripts/oaks secret lab/vials.rbc,8,@sign,utf-8,It smells vaguely acidic[.]\nBetter not touch it!,,à_traduire,
bcb4ecbdf73b,scripts/pallet town/agatha arrival (from right).rbc,61,@talk,cp1252,"Agatha: Oh, my[.]\c\h08ó\nNow isn't this a surprise[.]\pIn all my visits to Pallet over\nthe years, I never thought I'd\lsee a fellow like yourself in\la peaceful place like this.",,à_traduire,
fc7d75608720,scripts/pallet town/agatha arrival (from right).rbc,64,@talk2,cp1252,"You're here for Oak, aren't you?\p[.]\pHm? Oh, no. I have no intention\nof stopping you.\pWe have[.]\c\h08ó much more in common\nthan you probably think, Rocket.",,à_traduire,
9682bf6520d5,scripts/pallet town/agatha arrival (from right).rbc,70,@talk3,cp1252,Say[.] it's not often we see a\nnew face around these parts.\pCome in for a cup of tea if\nyou're not too busy.\pPallet is such a wasteland for\ninteresting tea conversation.,,à_traduire,
be69e04ba9cc,scripts/pallet town/agatha arrival.rbc,61,@talk,cp1252,"Agatha: Oh, my[.]\c\h08ó\nNow isn't this a surprise[.]\pIn all my visits to Pallet over\nthe years, I never thought I'd\lsee a fellow like yourself in\la peaceful place like this.",,à_traduire,
914aa454caf9,scripts/pallet town/agatha arrival.rbc,64,@talk2,cp1252,"You're here for Oak, aren't you?\p[.]\pHm? Oh, no. I have no intention\nof stopping you.\pWe have[.]\c\h08ó much more in common\nthan you probably think, Rocket.",,à_traduire,
266cbcac2bdd,scripts/pallet town/agatha arrival.rbc,70,@talk3,cp1252,Say[.] it's not often we see a\nnew face around these parts.\pCome in for a cup of tea if\nyou're not too busy.\pPallet is such a wasteland for\ninteresting tea conversation.,,à_traduire,
12c5643f3df5,scripts/pallet town/blue's house/KOd daisy.rbc,11,@talk,cp1252,Daisy: [.]\c\h08ó\nYou'll[.]\c\h08ó pay[.]\c\h08ó for[.]\c\h08ó this[.]\c\h08ó ugh[.]!,,à_traduire,
d34af9289487,scripts/pallet town/blue's house/agatha & daisy tea scene.rbc,221,@agathaTalk1,cp1252,"Agatha: Well, well[.]\c\h08ó Your tea is\nexcellent as always, Daisy.\pAnd the weather is so lovely.\c\h08ó\nOh, I do miss Pallet sometimes[.]",,à_traduire,
d23000683d4b,scripts/pallet town/blue's house/agatha & daisy tea scene.rbc,225,@agathaTalk2,cp1252,"[.]\pDaisy here is my granddaughter,\n[player].\pIn fact, with her brother\naway on some Pokémon quest[.]\pI'm part of the only semblance of\nfamily she has left.\pWell, me and[.]\c\h08ó ""Professor"" Oak,\nwhen he bothers to show his face.",,à_traduire,
cd33dcd2282b,scripts/pallet town/blue's house/agatha & daisy tea scene.rbc,228,@agathaTalk3,cp1252,"A long time ago, we were a tight-\nknit couple, Oak and I.\pSamuel was a man of honor[.]\nback in those days.\pHe valued strength, vigilance and\npurpose, and he embodied it.",,à_traduire,
4dbee83195f2,scripts/pallet town/blue's house/agatha & daisy tea scene.rbc,231,@agathaTalk4,cp1252,"We raised a son together, in the\nimage of those principles.\pHe turned out a great man, and\nblessed us with two grandchildren\lto carry our values forward.",,à_traduire,
f8021b978d86,scripts/pallet town/blue's house/agatha & daisy tea scene.rbc,234,@agathaTalk5,cp1252,"But no sooner than Blue, their\nyoungest, had been born[.]\pThe war struck our family.\pDaisy and Blue both survived\nunscathed, but[.]\pOur son and his wife both perished\nin the madness.",,à_traduire,
033303359066,scripts/pallet town/blue's house/agatha & daisy tea scene.rbc,238,@agathaTalk6,cp1252,"[.]\pAnd Samuel and I, we swore[.]\c\h08ó\nThat we would avenge them.\pWe would bring down Lance and\nmake him pay for taking away our\linnocent children.",,à_traduire,
4f295cac1a95,scripts/pallet town/blue's house/agatha & daisy tea scene.rbc,242,@agathaTalk7,cp1252,"Hahahaha!\c\h08ó\nWould you believe it?\pHe swore it to me!\nHe gave his word, [player].\p[.]\pAnd then[.] Why, just a little\nwhile later[.]\pHe committed the most heinous,\ncowardly, shameful act I ever saw.",,à_traduire,
12ad94fbdc6a,scripts/pallet town/blue's house/agatha & daisy tea scene.rbc,246,@agathaTalk8,cp1252,He was Champion.\nGeneral of the army.\pThe most powerful man in Kanto.\c\h08ó\nAnd he gave it up.\pAll just to save his worthless\nskin!,,à_traduire,
c13fb6a9cdf9,scripts/pallet town/blue's house/agatha & daisy tea scene.rbc,250,@agathaTalk9,cp1252,"The soft, spineless fool that\nsurrendered to Lance is not the\lman I loved.\pEven if he didn't stand a chance[.]\pEven if sticking it out, fighting\nfor something he believed in,\lwould have ultimately meant his\ldeath[.]",,à_traduire,
d032531fb5ff,scripts/pallet town/blue's house/agatha & daisy tea scene.rbc,254,@agathaTalk10,cp1252,At least it would have been an\nhonorable one!,,à_traduire,
ecdbc57f8aa4,scripts/pallet town/blue's house/agatha & daisy tea scene.rbc,258,@daisyTalk,cp1252,"Daisy: Grandma, please..!",,à_traduire,
e581c3dfc42d,scripts/pallet town/blue's house/agatha & daisy tea scene.rbc,262,@ellipses,cp1252,Agatha: [.],,à_traduire,
f1116348f380,scripts/pallet town/blue's house/agatha & daisy tea scene.rbc,265,@agathaTalk11,cp1252,"I'm sorry, Daisy.\c\h08ó\nFor going there again.\pYou know how I can I get\nsometimes.",,à_traduire,
a5e4e651aa30,scripts/pallet town/blue's house/agatha & daisy tea scene.rbc,270,@agathaTalk12,cp1252,"I had better get going, darling.\nAlways work to be done.\pDo take care of yourself and send\nregards to your brother.\pYou're such lovely kids.",,à_traduire,
06bea28c8080,scripts/pallet town/blue's house/agatha & daisy tea scene.rbc,274,@agathaTalk13,cp1252,"I can't say I approve of what you\nand your boss are doing around\lKanto, [player].\pBut I can't say I[.]\c\h08ó don't\nsympathize with your frustration.\pNot quite respect, but[.]\c\h08ó\nunderstanding.\pUntil we meet again.",,à_traduire,
8b60e2a5eebc,scripts/pallet town/blue's house/agatha & daisy tea scene.rbc,278,@daisyTalk2,cp1252,"Daisy: [.]\c\h08ó\nYou know, I[.]\pDon't think grandpa is really a\nbad person.\pHe's really very cheerful and\nfriendly-- the way they show him\lin the papers.\pHe gave me and Blue a happy\nchildhood, and I'm grateful.",,à_traduire,
be78b37c6d47,scripts/pallet town/blue's house/agatha & daisy tea scene.rbc,282,@daisyTalk3,cp1252,But[.]\c\h08ó\nYou know[.]\pThere's just this one thing that\nalways bothered me[.],,à_traduire,
70d12ecffedf,scripts/pallet town/blue's house/agatha & daisy tea scene.rbc,286,@ronnieTalk1,cp1252,"Geez!\c\h08ó There you are, [player]!\nWhat's the holdup, dude?",,à_traduire,
ab627fc44fdb,scripts/pallet town/blue's house/agatha & daisy tea scene.rbc,290,@ronnieTalk2,cp1252,"Ronnie: Why, I've been looking all\nover for you!\pSorry to interrupt the friendly\ntea party and all, but yo!\pWe got a Pokémon Professor to\ninterrogate!\pLet's go hand it to that old man\nOak-- you got me tired waiting!",,à_traduire,
93604d078122,scripts/pallet town/blue's house/agatha & daisy tea scene.rbc,294,@daisyTalk4,cp1252,"Daisy: Oh, no!\c\h08ó Is it true?\nYou disgusting thug!\pGrandma was wrong to trust a\nRocket for company-- I knew I\lshould never have allowed it!",,à_traduire,
2f34dabf2736,scripts/pallet town/blue's house/agatha & daisy tea scene.rbc,298,@ronnieTalk3,cp1252,"Ronnie: Gee, [player], you sure\nfixed yourself a feisty date, huh?\pWell, no time for that now! We\ngotta hit up this lab, pronto!",,à_traduire,
931994369209,scripts/pallet town/blue's house/agatha & daisy tea scene.rbc,302,@daisyTalk5,cp1252,Daisy: In all my days..!\c\h08ó\nYou're not going anywhere!\pI won't let any low-life thugs\ntrespass on our home and family!,,à_traduire,
e27b6db36399,scripts/pallet town/blue's house/agatha & daisy tea scene.rbc,306,@defeatText,cp1252,I[.] I won't accept it!\nGet out of our house!,,à_traduire,
a6978949ba47,scripts/pallet town/blue's house/agatha & daisy tea scene.rbc,309,@ronnieTalk6,cp1252,"Ronnie: Phew! Well done, [player].\nQuite the energy in this one, eh?\pLeave it to me now-- stand back.",,à_traduire,
a19e1f930ae1,scripts/pallet town/blue's house/agatha & daisy tea scene.rbc,314,@ronnieTalk7,cp1252,"Ronnie: Raticate!\c\h08ó\nHyper Fang, go!",,à_traduire,
d581890a5cfa,scripts/pallet town/blue's house/agatha & daisy tea scene.rbc,319,@ronnieTalk8,cp1252,"Well, good riddance!\pPokémon that strong on an\nunassuming girl like that[.]\pShe's got some rich family or\nother, I'll bet my kidney!\pRaticate, see if you can't find\nany valuables around here to loot!",,à_traduire,
7416c84e55cc,scripts/pallet town/blue's house/agatha & daisy tea scene.rbc,323,@ronnieTalk8.5,cp1252,"[.]\p[.]huh?\c\h08ó\nWhat's the matter, [player]?\pWhy, you look like you ain't\never seen a Rocket in action!\pHaha!\c\h08ó\nYou little sissy, you!\pI bet a good interrogation should\nwake you right up again, eh?",,à_traduire,
63e2a8593057,scripts/pallet town/blue's house/agatha & daisy tea scene.rbc,327,@ronnieTalk9,cp1252,"[.]\c\h08ó\nHuh, what, now?\pYou checked the lab, and[.]\c\h08ó\nThe old guy's not even here?\pWell, gee, talk about a big fat\nwaste if I ever saw one!",,à_traduire,
7b864810c111,scripts/pallet town/blue's house/agatha & daisy tea scene.rbc,330,@ronnieTalk10,cp1252,"Well, it's a good thing we got in\na bit of action just now, then!\pIt's not a good day without\nat least one robbery, am I right?\p(Sigh[.])\c\h08ó I guess we might as well\njust head back to HQ.",,à_traduire,
fc223f69a688,scripts/pallet town/blue's house/ronnie.rbc,12,@talk,utf-8,"Ronnie: Well[.] can't win 'em all,\ncan we, [player]?\pNothing much more we can do but\nhead on back to HQ, is there?",,à_traduire,
6198509cd93a,scripts/pallet town/generic npc dialogue/daisy.rbc,18,@talk,utf-8,"Daisy: Yes, how can I help you?\pYou're dressed way too bizarre to\nbe from around here[.]\p[.]\nI'm Blue's sister, that's right.\pHe's a nice boy, and he's growing\nto be a strong Trainer.\pBut[.] I don't see why it matters\nto you?",,à_traduire,
5d040d51c730,scripts/pallet town/generic npc dialogue/daisy.rbc,21,@talk2,utf-8,"Daisy: [.]you!\pLeave this innocent town this\nminute or I'll call the police!\pThe scratches from your companion's\nugly rat still haven't healed,\lI'll have you know!",,à_traduire,
e154c80bce23,scripts/pallet town/generic npc dialogue/little girl.rbc,18,@talk,utf-8,"Ohhh! You're one of those R-people\nfrom the city my ma told me about!\pYou guys are some real trouble-\nmakers, aren't ya?\pI never thought I'd see one of you\nfor real[.]\p[.]\pCan you commit a crime here maybe?\nOh, it would be so exciting!",,à_traduire,
eafcfea2f57d,scripts/pallet town/generic npc dialogue/little girl.rbc,21,@talk2,utf-8,"Oh, oh, oh!\pAll that commotion from Blue's\nhouse! Was it you, R-man?\pHow exciting! They're going to be\ntalking about this for months!",,à_traduire,
12d20b67d949,scripts/pallet town/generic npc dialogue/mom.rbc,19,@talk,cp1252,"Huh..? Why, yes, this is Red's\nhouse. I'm his mother.\p[.]\pBut why..?\pOh, what do you want to know about\nhim? I mean, he's a quiet boy.\pHe always was so interested in\nPokémon battle, and not much else,\lto tell you the truth[.]\pHe never had many friends at all,\nexcept for Blue who lives next\ldoor, but[.] I don't know how good\lfriends those two really were[.]\pWait[.] Who are you to be so\ncurious about my son?\p[.]\pI-I don't like this very much at\nall! Please leave us alone.",,à_traduire,
dd503dcbde35,scripts/pallet town/generic npc dialogue/mom.rbc,22,@talk2,cp1252,"I-I don't enjoy talking to you[.]\nI'd like to be left alone, please.",,à_traduire,
1ba198724fc9,scripts/pallet town/generic npc dialogue/nes.rbc,4,@text,utf-8,[player] played with the NES.\p[.]\pCould it be..?\nSamus was a woman all along!,,à_traduire,
c7c304db2b9a,scripts/pallet town/generic npc dialogue/notice.rbc,4,@notice,utf-8,"It's a posted notice[.]\pIf you really want to get annoyed,\npress the L or R Button!\pIf you really need help[.]\nGo on YouTube!",,à_traduire,
2cdfdf6e0551,scripts/pallet town/generic npc dialogue/tv.rbc,4,@TV,utf-8,There's a movie on TV.\nFour boys are walking on railroad\ltracks.\p[.]touching!,,à_traduire,
a41820d8338a,scripts/pallet town/healing channeler.rbc,30,@talk,cp1252,"Greetings, young one.\pI've come out here to spread the\nword about our Lord and Savior\lArceus, peace be upon him[.]\pShall I lend you my healing powers\nas I read his divine wisdom?",,à_traduire,
bda344d6936c,scripts/pallet town/healing channeler.rbc,33,@saidYes,cp1252,Ah!\nThe spirit of a true believer!,,à_traduire,
c1809ea1a926,scripts/pallet town/healing channeler.rbc,36,@saidNo,cp1252,BLASPHEMY!\nETERNAL HELLFIRE AWAITS YOU!,,à_traduire,
945f484a68e1,scripts/pallet town/healing channeler.rbc,39,@postTalk,cp1252,"""Blessed are the damaged Pokémon,\nfor they will send reckless\lTrainers to the Center of healing.""",,à_traduire,
e6a1579fca25,scripts/pallet town/lab door.rbc,14,@lockedText,utf-8,The door is locked.,,à_traduire,
f9b429eb99b0,scripts/pallet town/lab door.rbc,17,@unlockedText,utf-8,The door is open. It shows clear\nmarks of violent treatment[.],,à_traduire,
9ca2e9d9caad,scripts/pallet town/oaks lab/aide 1.rbc,17,@talk,cp1252,"What in Arceus's name..?\c\h08ó\nA Rocket, in our innocent lab?\pWhat--\c\h08ó no, goodness, no!\c\h08ó\nProfessor Oak is not in.\pAnd I doubt very much he'd want\nanything to do with you if he\lwere!",,à_traduire,
d424c16dd4f1,scripts/pallet town/oaks lab/aide 2.rbc,17,@talk,cp1252,"Oh, my!\c\h08ó W-why, no, I'm afraid\nProfessor Oak is not here.\pH-he has pressing research matters\nto attend elsewhere in the region.\p[.]\pP-please don't hurt me!",,à_traduire,
e9d5400c1933,scripts/pallet town/oaks lab/aide 3.rbc,17,@talk,utf-8,"Now, I'll say! You've got some\nnerve coming here, Rocket.\pProfessor Oak is an honest man,\nand a respected academic!\pHe has no business with thugs\nlike you!",,à_traduire,
04a7b92b6637,scripts/pallet town/oaks lab/book switch.rbc,36,@standardText,cp1252,It's crammed full of Pokémon\nbooks.,,à_traduire,
5e070f5cc84b,scripts/pallet town/oaks lab/book switch.rbc,39,@switch,cp1252,It's crammed full of Pokémon\nbooks.\c\h08ó.\c\h08ó.\p[.]but behind one is a secret\nswitch! Press it?,,à_traduire,
91ffe39134bb,scripts/pallet town/oaks lab/book switch.rbc,42,@yesText,cp1252,Who wouldn't?,,à_traduire,
8ff438ba3bc4,scripts/pallet town/oaks lab/book switch.rbc,45,@noText,cp1252,Not quite yet!,,à_traduire,
61c907050a1d,scripts/pallet town/oaks lab/female aide (as trainer).rbc,27,@challengeText,utf-8,"The professor told us to lock the\ndoor to keep thugs like you out!\pI don't want to fight you, but\nlike my mother used to say[.]\pAlways be safe!",,à_traduire,
2d3c11e4ebfe,scripts/pallet town/oaks lab/female aide (as trainer).rbc,30,@defeatText,utf-8,Did you not feel anything?,,à_traduire,
384649756f07,scripts/pallet town/oaks lab/female aide (as trainer).rbc,33,@leaveText,utf-8,This is outrageous..!\nWe're just[.] doing our job!,,à_traduire,
828127e85258,scripts/pallet town/oaks lab/last pokemon.rbc,16,@talk,cp1252,"Oh, now!\nStop right there, Rocket!\pI may be a mere research aid, but\nI know better than to let you put\lyour dirty fingers on the\lProfessor's rarest Pokémon!\pGet off! Or I'll put all the aides\non you!",,à_traduire,
ef06415cfa2d,scripts/pallet town/oaks lab/oaks lab level script.rbc,55,@femAideTalk,utf-8,It's that meddling pink-haired\nRocket again!\pWe're being robbed!,,à_traduire,
010a00df606c,scripts/pallet town/oaks lab/oaks lab level script.rbc,58,@aide1Talk,utf-8,"You stay away from this lab,\nscoundrel!\pI'll say!\pAides like us can bring you down,\nno problem!\pBrace yourself!",,à_traduire,
ce4f5bfc5d89,scripts/pallet town/oaks lab/oaks lab level script.rbc,61,@aide1Defeat,utf-8,Beware!\nWe'll get you one day!,,à_traduire,
7621734df34d,scripts/pallet town/oaks lab/oaks lab level script.rbc,64,@aide1Talk2,utf-8,"I-I'm just an aide[.]\nI've done my part!\pProfessor Oak will not stand for\nthis, I'll have you know..!",,à_traduire,
000faaf07e53,scripts/pallet town/oaks lab/top aide (as trainer).rbc,27,@challengeText,cp1252,"I-I don't know what you could\npossibly want in this Lab, thief!\pWe're hiding nothing!\n[.]we're clean!",,à_traduire,
524e93627240,scripts/pallet town/oaks lab/top aide (as trainer).rbc,30,@defeatText,cp1252,Negative!,,à_traduire,
a85dd7afdc35,scripts/pallet town/oaks lab/top aide (as trainer).rbc,33,@leaveText,cp1252,"Poke around all you like!\nThere's nothing to see here!\pNothing at all[.]\c\h08ó\n(Damn it, when Oak finds out[.])",,à_traduire,
4a1adce45857,scripts/pallet town/red house sign.rbc,4,@text,utf-8,Red's house,,à_traduire,
d5566b251d00,scripts/pallet town/technology guy.rbc,11,@talk,utf-8,"Dude[.]\nTechnology, man. It's[.] far out!\pDid you hear about the information\nsuper-highway?\pPretty soon, we're gonna get to\ndownload and play all sorts of\lgames straight from the minds of\llonely geeks, without a Game Boy!\pTalk about a new world, man!",,à_traduire,
dd9e676f85d9,scripts/pewter city/brock (dialogue edits).rbc,4,@talk1,cp1252,"I took you for granted, and so\nI lost.\pAs proof of your victory, I confer\non you this[.]the official Pokémon\lLeague Boulderbadge.\p\c\h06Á[player] received the Boulderbadge\nfrom Brock!\c\h17\c\h0BÇÀ\c\h08\n\c\h08[Ke]\c\h18\p\c\h06ÇHaving the Boulderbadge makes\nyour Pokémon more powerful.",,à_traduire,
e2ff549df27f,scripts/pewter city/brock (dialogue edits).rbc,7,@talk2,cp1252,There are all kinds of Trainers in\nthis huge world of ours.\pYou may even encounter a few bad\nones who try to steal from you!\pBut don't worry about them!\nThey never win in the end[.],,à_traduire,
a0f26f3f82d5,scripts/pewter city/brock (dialogue edits).rbc,10,@talk3,cp1252,TM39 contains Rock Tomb.\pIt hurls boulders at the foe and\nlowers its Speed.,,à_traduire,
7e2f565edf55,scripts/pewter city/brock.rbc,63,@stolenTalk,cp1252,"Ah..!\c\h08ó\nHow could you?!\pYou people, I swear[.]\c\h08ó\nYou'll never win in the end!\p[.]\pBye-bye, [buffer1][.]\c\h08ó\nI hardly knew you[.]\pYou were the hardest of rocks[.]\nBut now[.]\c\h08ó I've let you[.]\c\h08ó crack[.]\p[.]\c\h08ó\n(Snivel[.])\p[.]\c\h08ó\nI guess you want a TM too, huh?",,à_traduire,
4e6a80d6d538,scripts/pewter city/generic npc dialogue/bald guy.rbc,8,@talk,cp1252,I'll be damned if our nurse isn't\nthe most passive-aggressive health\lcare worker in Kanto[.]\pSometimes I prefer just to heal my\nPokémon with Potions[.],,à_traduire,
1e01ef80c264,scripts/pewter city/generic npc dialogue/fat guy.rbc,11,@talk,cp1252,"There aren't many serious Pokémon\nTrainers here.\pThey're all like Bug Catchers,\nyou know, just hobbyists.\pPrime targets for your brand of\nthievery, aren't they, Rocket?\pHahahaha[.]\nPoor bastards.",,à_traduire,
7fdd93ba8dda,scripts/pewter city/generic npc dialogue/little boy.rbc,9,@talk,cp1252,"A Pokémon becomes easier to \ncatch if it has a status problem.\pBut catching Pokémon is never\na sure thing!\pThat's why I want to steal Pokémon\nlike you, Rocket!\p[.]\nDon't tell grandpa!",,à_traduire,
408b80bec63b,scripts/pewter city/generic npc dialogue/little girl.rbc,8,@talk,cp1252,The lady behind the counter at the\nPokémon Center is so scary!\pWhenever I go to heal my Pokémon\nshe gives me this angry look[.],,à_traduire,
3186be0fdf9a,scripts/pewter city/generic npc dialogue/museum manager (interact).rbc,19,@talk,utf-8,"What are you, an actor for our\nspace exhibit?\lIf not, please buy a ticket out\lfront, would you?",,à_traduire,
8dc0ff004cf3,scripts/pewter city/generic npc dialogue/museum old guy.rbc,8,@talk,utf-8,"July 20, 1969!\nBought my first six-string!\pWait, no[.]\nThere was something else too[.]",,à_traduire,
dad0c2562059,scripts/pewter city/generic npc dialogue/museum worker.rbc,4,@talk,utf-8,"Hey, you're a funny-looking dude[.]\nDid I see you on TV somewhere?\pYeah, anyway[.]\n[$]50 for a ticket. You want it?",,à_traduire,
2172c89035f6,scripts/pewter city/generic npc dialogue/musuem questioner.rbc,20,@noTalk,utf-8,"Really?\nWell, it's like my pa says!\pCulture, that's what you darn\nRockets lack, isn't it?",,à_traduire,
b8c498ffac1e,scripts/pewter city/generic npc dialogue/musuem questioner.rbc,23,@yesTalk,utf-8,"Well, I sure as hell hope you\ndidn't steal any of our fossils!",,à_traduire,
eeba5665bc94,scripts/pewter city/generic npc dialogue/old amber guy.rbc,11,@talk,cp1252,"This Old Amber, let me tell you!\nIt comes from a much stronger\lPokémon than these puny fossils[.]\pI've been handing them out to all\nmy co-workers and even a few\lpasserby kids to make them see!\p[.]\nMmmmh!\pBut you're fooling yourself if you\nthink I'd ever give a Rocket one!",,à_traduire,
9369293be26b,scripts/pewter city/gym blocker v2 (script tile).rbc,53,@talk,cp1252,Hiya!\nDo you want to dream big?\pDo you dare to dream of--,,à_traduire,
49a517816918,scripts/pewter city/gym blocker v2 (script tile).rbc,64,@talk2,cp1252,"[.]hey!\c\h08ó\nWhat's that you're wearing?\pCould I see your Trainer Card,\nplease?\p[.]",,à_traduire,
3e474a5c1228,scripts/pewter city/gym blocker v2 (script tile).rbc,67,@allowEntryTalk,cp1252,"Oh[.]\c\h08ó\n(Wow, I wasn't expecting that[.])\p(It looks so real[.]\c\h08ó Even has\nthe hologram and everything[.])\p[.]\pEr-hem! Excuse me, Mr. Smith.\nI don't know what came over me.\pCome right in!\pBrock is eagerly awaiting your\nchallenge.",,à_traduire,
34cb1c2611a5,scripts/pewter city/gym blocker v2 (script tile).rbc,70,@talk2No,cp1252,"Hmm?\c\h08ó No?\c\h08ó\nThat's just as I thought!\pThe nerve[.]\c\h08ó This Gym is not for\nbums and petty thugs, you hear?\pGet out!\pAnd don't come back unless it's\nwith an official Training license!",,à_traduire,
147c676254a2,scripts/pewter city/gym blocker v2 (script tile).rbc,73,@talk3,cp1252,"This Gym is not for bums and petty\nthugs, you hear?\pGet out!\pAnd don't come back unless it's\nwith an official Training license!",,à_traduire,
6fc2f5d3cec8,scripts/pewter city/gym blocker.rbc,55,@talk,cp1252,Hiya!\nDo you want to dream big?\pDo you dare to dream of--,,à_traduire,
e96422d9e378,scripts/pewter city/gym blocker.rbc,66,@talk2,cp1252,"[.]hey!\c\h08ó\nWhat's that you're wearing?\pCould I see your Trainer Card,\nplease?\p[.]",,à_traduire,
b029fbfcdb57,scripts/pewter city/gym blocker.rbc,69,@allowEntryTalk,cp1252,"Oh[.]\c\h08ó\n(Wow, I wasn't expecting that[.])\p(It looks so real[.]\c\h08ó Even has\nthe hologram and everything[.])\p[.]\pEr-hem! Excuse me, Mr. Smith.\nI don't know what came over me.\pCome right in!\pBrock is eagerly awaiting your\nchallenge.",,à_traduire,
dd6b636ac758,scripts/pewter city/gym blocker.rbc,73,@talk2No,cp1252,"Hmm?\c\h08ó No?\c\h08ó\nThat's just as I thought!\pThe nerve[.]\c\h08ó This Gym is not for\nbums and petty thugs, you hear?\pGet out!\pAnd don't come back unless it's\nwith an official Training license!",,à_traduire,
7d0332f94cfb,scripts/pewter city/gym blocker.rbc,76,@talk3,cp1252,"This Gym is not for bums and petty\nthugs, you hear?\pGet out!\pAnd don't come back unless it's\nwith an official Training license!",,à_traduire,
6097656d06d7,scripts/pewter city/gym plaque.rbc,4,@text1,cp1252,"Pewter Pokémon Gym\nLeader: Brock\pWinning Trainers:\nBlue, Red",,à_traduire,
8452795b1441,scripts/pewter city/gym plaque.rbc,7,@text2,cp1252,"Pewter Pokémon Gym\nLeader: Brock\pWinning Trainers:\nBlue, Red, Mohammed Smith",,à_traduire,
f24dcf638f1d,scripts/pewter city/let V3 (2nd interact).rbc,118,@talk,cp1252,"My-my, what's this? Did the good\nTrainer change his mind? Haha!",,à_traduire,
deee145075eb,scripts/pewter city/let V3 (2nd interact).rbc,122,@talk2,cp1252,"Behold!\nI have returned!\pLeto, aspiring master Cutter, at\nyour service!\pDo you wish me to Cut down all the\ntrees around Pewter and Viridian?",,à_traduire,
80f293456782,scripts/pewter city/let V3 (2nd interact).rbc,126,@yesOrNo,cp1252,"A mere [$]1000, and you will bear\nwitness to my Cutting prowess!",,à_traduire,
a4f42e4a67e1,scripts/pewter city/let V3 (2nd interact).rbc,129,@yesTalk,cp1252,"Ah! Sir, I daresay you made an\nexcellent choice!\pNow, if you'll allow me[.]",,à_traduire,
10b9d9ad8cb8,scripts/pewter city/let V3 (2nd interact).rbc,141,@noTalk,cp1252,"No?\c\h08ó\nWhy, f-fine, then.\pI can see that this region is not\nyet cultured enough to appreciate\lthe fine art of a proper Cut!\pWell, should the good sir ever\nchange his mind, I will never be\lfar away from any of this region's\lexquisite trees, rest assured!\pHmph! Good day.",,à_traduire,
3b049b6e3ad0,scripts/pewter city/let V3 (2nd interact).rbc,144,@notEnoughTalk,cp1252,"What?\nInsufficient funds?\pSir, my asking price is akin to\ngiving it away, I assure you!\pBut[.] if the uncultured folk of\nKanto find it too great an expense\lfor witnessing the finest of fine\lart, then what is a man to do?\pWell, should the good sir ever\nearn the necessary means to afford\lmy services, I will never be\lfar away from any of this region's\lexquisite trees, rest assured!\pHmph! Good day.",,à_traduire,
06d9c504d8d9,scripts/pewter city/let V3 (2nd interact).rbc,147,@goodBye,cp1252,"Oh, my Lord..!\nWhat a Cut!\pIt nigh on brings a tear to my\neye, dear Trainer[.] every time!\pWell[.] should you ever need my\nCutting skills again, by this\lregion's most beautiful trees is\lwhere you'll you find me!\pUntil we meet again!",,à_traduire,
961ff3cd358f,scripts/pewter city/let the cutter V3.rbc,109,@greetings,cp1252,"Oh, my! Is there a tree there in\nyour path?\pRest assured, it is no cause for\ndismay! Help is near!",,à_traduire,
157c4f93a527,scripts/pewter city/let the cutter V3.rbc,126,@talk,cp1252,"Verily, 'tis I[.] Leto, Cutting\naficionado, at your service!",,à_traduire,
cc25e9e612db,scripts/pewter city/let the cutter V3.rbc,131,@talk2,cp1252,"Would you like to bear witness to\nthese Cutting wonders of mine?\pI will annihilate for you all\ntrees around Pewter and Viridian,\lso they can hamper this Pokémon\ladventure of yours no more!",,à_traduire,
c0d7f226bc48,scripts/pewter city/let the cutter V3.rbc,135,@yesOrNo,cp1252,"[.]\c\h08ófor a modest fee of [$]1000,\nnaturally.",,à_traduire,
4ab24d8e4a77,scripts/pewter city/let the cutter V3.rbc,138,@yesTalk,cp1252,"Ah! Sir, I daresay you made an\nexcellent choice!\pNow, if you'll allow me[.]",,à_traduire,
9458b7662c60,scripts/pewter city/let the cutter V3.rbc,150,@noTalk,cp1252,"No?\c\h08ó\nWhy, f-fine, then.\pI can see that this region is not\nyet cultured enough to appreciate\lthe fine art of a proper Cut!\pWell, should the good sir ever\nchange his mind, I will never be\lfar away from any of this region's\lexquisite trees, rest assured!\pHmph! Good day.",,à_traduire,
bd0a4f56450f,scripts/pewter city/let the cutter V3.rbc,153,@notEnoughTalk,cp1252,"What?\nInsufficient funds?\pSir, my asking price is akin to\ngiving it away, I assure you!\pBut[.] if the uncultured folk of\nKanto find it too great an expense\lfor witnessing the finest of fine\lart, then what is a man to do?\pWell, should the good sir ever\nearn the necessary means to afford\lmy services, I will never be\lfar away from any of this region's\lexquisite trees, rest assured!\pHmph! Good day.",,à_traduire,
6c4414976ec9,scripts/pewter city/let the cutter V3.rbc,156,@goodBye,cp1252,"Oh, my Lord..!\nWhat a Cut!\pIt nigh on brings a tear to my\neye, dear Trainer[.] every time!\pWell[.] should you ever need my\nCutting skills again, by this\lregion's most beautiful trees is\lwhere you'll you find me!\pUntil we meet again!",,à_traduire,
4e250164f861,scripts/pewter city/leto (2nd interact).rbc,110,@talk,cp1252,"My-my, what's this? Did the good\nTrainer change his mind? Haha!",,à_traduire,
fca26e08bbd9,scripts/pewter city/leto (2nd interact).rbc,136,@talk2,cp1252,"Behold!\nI have returned!\pLeto, aspiring master Cutter, at\nyour service!\pDo you wish me to Cut down all the\ntrees around Pewter and Viridian?",,à_traduire,
83df0deefe91,scripts/pewter city/leto (2nd interact).rbc,140,@yesOrNo,cp1252,"A mere [$]1000, and you will bear\nwitness to my Cutting prowess!",,à_traduire,
3978b3248f2a,scripts/pewter city/leto (2nd interact).rbc,143,@yesTalk,cp1252,"Ah! Sir, I daresay you made an\nexcellent choice!\pNow, if you'll allow me[.]",,à_traduire,
41499bdf8d63,scripts/pewter city/leto (2nd interact).rbc,165,@noTalk,cp1252,"No?\c\h08ó\nWhy, f-fine, then.\pI can see that this region is not\nyet cultured enough to appreciate\lthe fine art of a proper Cut!\pWell, should the good sir ever\nchange his mind, I will never be\lfar away from any of this region's\lexquisite trees, rest assured!\pHmph! Good day.",,à_traduire,
4387663b8756,scripts/pewter city/leto (2nd interact).rbc,168,@notEnoughTalk,cp1252,"What?\nInsufficient funds?\pSir, my asking price is akin to\ngiving it away, I assure you!\pBut[.] if the uncultured folk of\nKanto find it too great an expense\lfor witnessing the finest of fine\lart, then what is a man to do?\pWell, should the good sir ever\nearn the necessary means to afford\lmy services, I will never be\lfar away from any of this region's\lexquisite trees, rest assured!\pHmph! Good day.",,à_traduire,
716b4aff3190,scripts/pewter city/leto (2nd interact).rbc,171,@goodBye,cp1252,"Oh, my Lord..!\nWhat a Cut!\pIt nigh on brings a tear to my\neye, dear Trainer[.] every time!\pWell[.] should you ever need my\nCutting skills again, by this\lregion's most beautiful trees is\lwhere you'll you find me!\pUntil we meet again!",,à_traduire,
1933ceee9f6a,scripts/pewter city/leto the cutter V2 (2nd interact).rbc,106,@talk,cp1252,"My-my, what's this? Did the good\nTrainer change his mind? Haha!",,à_traduire,
a17f3d0af675,scripts/pewter city/leto the cutter V2 (2nd interact).rbc,120,@talk2,cp1252,"Behold!\nI have returned!\pLeto, aspiring master Cutter, at\nyour service!\pDo you wish me to Cut down all the\ntrees around Pewter and Viridian?",,à_traduire,
73c296c74d13,scripts/pewter city/leto the cutter V2 (2nd interact).rbc,123,@yesOrNo,cp1252,"A mere [$]1000, and you will bear\nwitness to my Cutting prowess!",,à_traduire,
f83c0d587587,scripts/pewter city/leto the cutter V2 (2nd interact).rbc,126,@yesTalk,cp1252,"Ah! Sir, I daresay you made an\nexcellent choice!\pNow, if you'll allow me[.]",,à_traduire,
a6b762a79661,scripts/pewter city/leto the cutter V2 (2nd interact).rbc,148,@noTalk,cp1252,"No?\c\h08ó\nWhy, f-fine, then.\pI can see that this region is not\nyet cultured enough to appreciate\lthe fine art of a proper Cut!\pWell, should the good sir ever\nchange his mind, I will never be\lfar away from any of this region's\lexquisite trees, rest assured!\pHmph! Good day.",,à_traduire,
55a9dfb3f33c,scripts/pewter city/leto the cutter V2 (2nd interact).rbc,151,@notEnoughTalk,cp1252,"What?\nInsufficient funds?\pSir, my asking price is akin to\ngiving it away, I assure you!\pBut[.] if the uncultured folk of\nKanto find it too great an expense\lfor witnessing the finest of fine\lart, then what is a man to do?\pWell, should the good sir ever\nearn the necessary means to afford\lmy services, I will never be\lfar away from any of this region's\lexquisite trees, rest assured!\pHmph! Good day.",,à_traduire,
29b686b0ba55,scripts/pewter city/leto the cutter V2 (2nd interact).rbc,154,@goodBye,cp1252,"Oh, my Lord..!\nWhat a Cut!\pIt nigh on brings a tear to my\neye, dear Trainer[.] every time!\pWell[.] should you ever need my\nCutting skills again, by this\lregion's most beautiful trees is\lwhere you'll you find me!\pUntil we meet again!",,à_traduire,
8e414a25c955,scripts/pewter city/leto the cutter V2.rbc,111,@greetings,cp1252,"Oh, my! Is there a tree there in\nyour path?\pRest assured, it is no cause for\ndismay! Help is near!",,à_traduire,
0a7eeb036477,scripts/pewter city/leto the cutter V2.rbc,126,@talk,cp1252,"Verily, 'tis I[.] Leto, Cutting\naficionado, at your service!",,à_traduire,
4e216083c1b0,scripts/pewter city/leto the cutter V2.rbc,131,@talk2,cp1252,"Would you like to bear witness to\nthese Cutting wonders of mine?\pI will annihilate for you all\ntrees around Pewter and Viridian,\lso they can hamper this Pokémon\ladventure of yours no more!",,à_traduire,
c990ffc384ac,scripts/pewter city/leto the cutter V2.rbc,135,@yesOrNo,cp1252,"[.]\c\h08ófor a modest fee of [$]1000,\nnaturally.",,à_traduire,
aeb507a4df78,scripts/pewter city/leto the cutter V2.rbc,138,@yesTalk,cp1252,"Ah! Sir, I daresay you made an\nexcellent choice!\pNow, if you'll allow me[.]",,à_traduire,
dc161360e754,scripts/pewter city/leto the cutter V2.rbc,160,@noTalk,cp1252,"No?\c\h08ó\nWhy, f-fine, then.\pI can see that this region is not\nyet cultured enough to appreciate\lthe fine art of a proper Cut!\pWell, should the good sir ever\nchange his mind, I will never be\lfar away from any of this region's\lexquisite trees, rest assured!\pHmph! Good day.",,à_traduire,
0907ff457a1b,scripts/pewter city/leto the cutter V2.rbc,163,@notEnoughTalk,cp1252,"What?\nInsufficient funds?\pSir, my asking price is akin to\ngiving it away, I assure you!\pBut[.] if the uncultured folk of\nKanto find it too great an expense\lfor witnessing the finest of fine\lart, then what is a man to do?\pWell, should the good sir ever\nearn the necessary means to afford\lmy services, I will never be\lfar away from any of this region's\lexquisite trees, rest assured!\pHmph! Good day.",,à_traduire,
9e340f9708bc,scripts/pewter city/leto the cutter V2.rbc,166,@goodBye,cp1252,"Oh, my Lord..!\nWhat a Cut!\pIt nigh on brings a tear to my\neye, dear Trainer[.] every time!\pWell[.] should you ever need my\nCutting skills again, by this\lregion's most beautiful trees is\lwhere you'll you find me!\pUntil we meet again!",,à_traduire,
bd913a44a283,scripts/pewter city/leto the cutter.rbc,114,@greetings,cp1252,"Oh, my! Is there a tree there in\nyour path?\pRest assured, it is no cause for\ndismay! Help is near!",,à_traduire,
60e661d2e727,scripts/pewter city/leto the cutter.rbc,140,@talk,cp1252,"Verily, 'tis I[.] Leto, Cutting\naficionado, at your service!",,à_traduire,
6507128a724d,scripts/pewter city/leto the cutter.rbc,145,@talk2,cp1252,"Would you like to bear witness to\nthese Cutting wonders of mine?\pI will annihilate for you all\ntrees around Pewter and Viridian,\lso they can hamper this Pokémon\ladventure of yours no more!",,à_traduire,
8cff1f83e8b8,scripts/pewter city/leto the cutter.rbc,149,@yesOrNo,cp1252,"[.]\c\h08ófor a modest fee of [$]1000,\nnaturally.",,à_traduire,
38443a8cce61,scripts/pewter city/leto the cutter.rbc,152,@yesTalk,cp1252,"Ah! Sir, I daresay you made an\nexcellent choice!\pNow, if you'll allow me[.]",,à_traduire,
7cca20899174,scripts/pewter city/leto the cutter.rbc,174,@noTalk,cp1252,"No?\c\h08ó\nWhy, f-fine, then.\pI can see that this region is not\nyet cultured enough to appreciate\lthe fine art of a proper Cut!\pWell, should the good sir ever\nchange his mind, I will never be\lfar away from any of this region's\lexquisite trees, rest assured!\pHmph! Good day.",,à_traduire,
0e02b54356ef,scripts/pewter city/leto the cutter.rbc,177,@notEnoughTalk,cp1252,"What?\nInsufficient funds?\pSir, my asking price is akin to\ngiving it away, I assure you!\pBut[.] if the uncultured folk of\nKanto find it too great an expense\lfor witnessing the finest of fine\lart, then what is a man to do?\pWell, should the good sir ever\nearn the necessary means to afford\lmy services, I will never be\lfar away from any of this region's\lexquisite trees, rest assured!\pHmph! Good day.",,à_traduire,
7d834204523c,scripts/pewter city/leto the cutter.rbc,180,@goodBye,cp1252,"Oh, my Lord..!\nWhat a Cut!\pIt nigh on brings a tear to my\neye, dear Trainer[.] every time!\pWell[.] should you ever need my\nCutting skills again, by this\lregion's most beautiful trees is\lwhere you'll you find me!\pUntil we meet again!",,à_traduire,
3566e37ce360,scripts/pewter city/miss hoenn (nurse).rbc,21,@talk,utf-8,"Oh, Rocket!\pI can't even begin to tell you how\ngrateful I am to be here!\pI feel so much better about every-\nthing now that I'm out of there[.]\pGosh[.]\nHow can I ever possibly repay you?\pLook, I don't have much of\nanything to give you, but[.]\lI want you to have this.\pIt used to be my mother's. I kept\nit around for all these years[.]\pI guess I thought it was symbolic.\nTake it, Rocket.",,à_traduire,
924533b0ccdd,scripts/pewter city/miss hoenn (nurse).rbc,24,@talk2,utf-8,"It's a new life I'm living.\pI'll carry on with Strength,\nRocket. Will you do the same?",,à_traduire,
9b012a6b2242,scripts/pewter city/pc nurse.rbc,132,@talk,cp1252,"Wait, hang on a moment[.]\pYou're one of those Team Rocket\nguys, aren't you?\pYou're just the type I'm looking\nfor right now.\p[.]\pLook, I can't stand it anymore!\nI need some thug like you to help!\pI want you to go teach somebody a\nlesson. Will you do it?",,à_traduire,
a4a584a0b1ab,scripts/pewter city/pc nurse.rbc,135,@noTalk,cp1252,"Eeeek!\nOh, all right!\pEr[.]\nPretend I never said anything!",,à_traduire,
e2bd096ada9e,scripts/pewter city/pc nurse.rbc,139,@yesTalk,cp1252,"All right, listen[.]\pSo I'm dating this cop who's\nstationed in Viridian City.\pI mean, I'm a sucker for guys in\nuniforms, what can I say?\pI mean, he's a real stud.\nFights crime real good and all.\lNo offense.\pBut you know[.] with that great big\nforest separating us and all, we\ldon't get time to see each other\lthat often, and[.]",,à_traduire,
1f767eab0526,scripts/pewter city/pc nurse.rbc,143,@ellipses,cp1252,[.],,à_traduire,
f9c6e880753b,scripts/pewter city/pc nurse.rbc,147,@yesTalk2,cp1252,"Argh!\nGod damn it!\pThat son of a Granbull is cheating\non me, I know it!\pI mean, I didn't want to believe\nit either, but it's clear as day!\pFirst he comes late for our date,\nthen he starts forgetting to call\lme good night[.]\pThe signs were so obvious..!\pBut then, last week[.]\pI decided to come to Viridian for\na surprise date, see.\pI went on up to his place, and\nguess what I saw?!\pHe was hanging out-- alone, with\nsome other girl!\pThe most disgusting fake little\nbimbo I ever saw!\lLaughing and smiling together!\p[.]\pGrrrrr..!\nIt makes me livid!\pThat lying, cheating bastard\nthinks he can walk all over me! ",,à_traduire,
a9d7c9716acf,scripts/pewter city/pc nurse.rbc,150,@yesTalk3,cp1252,"You go on down to Viridian and\ngive him a nice old beating!\pThe more he cries, the more I'll\npay you, Rocket!\pAnd as you walk away[.]\pYou make sure to let him know who\nit came from!\pThen we'll see who's laughing and\nsmiling, won't we[.]",,à_traduire,
cbf38ef7e17c,scripts/pewter city/pc nurse.rbc,155,@midQuestTalk,cp1252,"[.]\pWell, Rocket?\pDid you go beat up my police\nofficer boyfriend in Viridian?\p[.]\pHurry! Don't let that bastard go\nfree another second!",,à_traduire,
d5406b9ad775,scripts/pewter city/pc nurse.rbc,159,@rewardTalk,cp1252,"[.]\pWell, Rocket? Tell me what a pulp\nyou beat my boyfriend to!\p[.]\pWhat?\pThe girl I saw him with was[.]\c\h08ó\nA[.]\c\h08ó Pokémon?\p[.]\pThat's the lousiest excuse I\never..!\p[.]\c\h08ó\nOh, you saw it, huh?\p[.]\pHuh. I guess he might not be such\na cheating scumbag after all[.]\pMaybe[.]\c\h08ó he's really just a[.]\c\h08ó\nReally loving guy who cares for me\land respects me as a person[.]",,à_traduire,
c654837cbce0,scripts/pewter city/pc nurse.rbc,163,@rewardTalk2,cp1252,"Hah!\c\h08ó What a laugh.\c\h08ó\nI'm not convinced.\p[.]\pBut[.]\c\h08ó I guess he didn't need\nbeating up after all.\pStill[.]\c\h08ó I should probably\ncompensate you for clearing things\lup anyway, huh?\p[.]\pHave this, Rocket. It's certainly\nhelped me out plenty[.]",,à_traduire,
07664e31d578,scripts/pewter city/pc nurse.rbc,167,@itemMsg,cp1252,[player] received the Red Flute!,,à_traduire,
ef30fd60e1e2,scripts/pewter city/pc nurse.rbc,171,@putAway,cp1252,[player] put the Red Flute in the\nItems pocket.,,à_traduire,
87a1014ce455,scripts/pewter city/pc nurse.rbc,175,@noRoomTalk,cp1252,You don't have space for it?!\nMake some!,,à_traduire,
08a27041344f,scripts/pewter city/pc nurse.rbc,179,@jobTalk,cp1252,"You know, Rocket[.]\pI think being away from Teddy\ntoo long is driving me mad.\pI wish I had more time off so I\ncould keep an eye on him myself!\p[.]\pProblem is[.] I'm the only day-shift\nnurse in this place, and my boss\lwon't have me cut more hours[.]",,à_traduire,
799277607e03,scripts/pewter city/pc nurse.rbc,183,@jobTalk2,cp1252,"Say[.]\pDo you know a girl who'd want to\nwant to work as my extra?\pIt's the simplest job in the\nworld, let me tell you!\p[.]\c\h08ó\nExperience, education..?\pNah, the only qualification you\nneed is a pretty face.\pYou push the button on the healing\nmachine and curtsey real sweet.\lNine to five.\pOh, and the stares from all the\nadmiring Trainers who stop by are\lsure to make a young girl giddy!\p[.]\pWell, if you come across a gal\nwho'd want the job, let me know!",,à_traduire,
29a2434d436a,scripts/pewter city/pc nurse.rbc,187,@midJobTalk,cp1252,"[.]\pWell, Rocket?\pDid you find a pretty girl who'd\nwant to work here part-time?\p[.]\pNo?\nLet me know when you do!",,à_traduire,
bb3ea466d35f,scripts/pewter city/pc nurse.rbc,192,@postJobTalk,cp1252,"[.]\pOh, by the way, Rocket, this girl\nyou recruited is a real gem!\pWhy, I'd almost rather chat with\nher than be with Teddy! Hahahaha[.]",,à_traduire,
31481f2e84c2,scripts/pewter city/policeman.rbc,368,@1stTalk,cp1252,"Well, well, well!\pIf it isn't one of you Rockets\nI've heard so much about!\pI am a special officer, sent by\nLance to bring you to justice!\p[.]\pWha--\c\h08ó [.]no, I won't be arresting\nyou; those aren't my orders.\pI am here to ""facilitate your\nrehabilitation""!\pI have these 20 Full Restores\nhere, that can become yours so\llong as you keep your criminal\lrecord clean long enough!",,à_traduire,
4c99e33d8bd5,scripts/pewter city/policeman.rbc,371,@1stTalk2,cp1252,"Now, then[.]\nWhat's your name, scoundrel?\p[.]\c\h08ó\n[player]?\pWell, let me check my registry\nhere for a second[.]",,à_traduire,
00caa3329e16,scripts/pewter city/policeman.rbc,375,@preItemTalk,cp1252,"My, my, what have we here?\nA Rocket bandit in the flesh!\pI'm to give you these 20 Full\nRestores if you keep your record\lclean long enough, so stay sharp!\p[player], is it?\c\h08ó\nWell, let me see here[.]",,à_traduire,
8b5b2f2767aa,scripts/pewter city/policeman.rbc,379,@postItemTalk,cp1252,"My, my, what have we here?\nA Rocket bandit in the flesh!\p[player], is it?\c\h08ó\nWell, let me see here[.]",,à_traduire,
8450a6aa7844,scripts/pewter city/policeman.rbc,390,@vBadTalk,cp1252,"My goodness!\c\h08ó Y-you're one of the\nmost infamous criminals in Kanto!\pThe price on your head is a\nwhooping [$][buffer1],000!\pGrr[.] what could you possibly want\nwith me, you filthy outlaw?!\pIt will take a lot more than a\ncouple of Pokémon trades to atone\lfor your sins, I'll tell you!",,à_traduire,
e8025490af88,scripts/pewter city/policeman.rbc,394,@vBadText,cp1252,[blue_fr][.]well?,,à_traduire,
e5199b84f087,scripts/pewter city/policeman.rbc,398,@pBadTalk,cp1252,"Oh, my!\nYou're quite the villain!\pThe bounty on your head stands at\n[$][buffer1],000!\pThat's nothing to joke about, son.\pUnless you plan to spend the rest\nof your days in jail, I suggest\lyou change your ways soon, before\lit's all too late!",,à_traduire,
f76da6457185,scripts/pewter city/policeman.rbc,402,@pBadText,cp1252,[blue_fr]How can I help you t[blue_fr]urn things\n[blue_fr]around?,,à_traduire,
6999684216a3,scripts/pewter city/policeman.rbc,406,@mBadTalk,cp1252,"Hm[.] Well, I've seen worse in my\ndays, but you're on a dangerous\lpath, Rocket!\pThe bounty on your head stands at\n[$][buffer1],000.\pCome back into the light while you\nstill can!",,à_traduire,
efadc15a305d,scripts/pewter city/policeman.rbc,410,@mBadText,cp1252,[blue_fr]What can I help you [blue_fr]with?,,à_traduire,
3d3de9e9b634,scripts/pewter city/policeman.rbc,413,@nBadTalk,cp1252,"Well, you're not so bad, are you?\pThe bounty on your head is a mere\n[$][buffer1],000.\pOh, a few slip-ups here and there\nhappen to the best of us, right?\pI'm glad you came to me to set\nthings straight again[.]\c\h08ó right?",,à_traduire,
64d8a0fdd4a8,scripts/pewter city/policeman.rbc,418,@nBadText,cp1252,"[blue_fr]What can I do for yo[blue_fr]u, son?",,à_traduire,
0e9159347f89,scripts/pewter city/policeman.rbc,422,@iTalk,cp1252,"Oh, wow! What's this? There's no\nbounty on your head at all!\pThat's what I like to see.\pThe moral road is a narrow one,\nbut you walk it all the same!",,à_traduire,
40358d5fc45b,scripts/pewter city/policeman.rbc,425,@itemTalk,cp1252,"I like you, son.\pHere is a token of appreciation\nfrom the government for embracing\lyour new life as a law-abiding\lcitizen!",,à_traduire,
8d72aefe0961,scripts/pewter city/policeman.rbc,429,@notYetItem,cp1252,"Keep up this behavior, and these\nFull Restores will be yours before\llong!",,à_traduire,
1076b6364f67,scripts/pewter city/policeman.rbc,434,@noRoomTalk,cp1252,"Why, but you've no space left for\nthem, do you? Make some room!",,à_traduire,
347148af4e13,scripts/pewter city/policeman.rbc,438,@itemMsg,cp1252,[player] received 20 Full Restores\nfrom the policeman!,,à_traduire,
b591aec47773,scripts/pewter city/policeman.rbc,444,@putAway,cp1252,[player] put the Full Restores in\nthe Items pocket.,,à_traduire,
f9a33fa8f125,scripts/pewter city/policeman.rbc,450,@itemAlreadyGot,cp1252,"Go seek out the officers in the\nother cities, son.\pIf you keep up your good behavior,\nthey'll reward you as I have!",,à_traduire,
c68b5f30b287,scripts/pewter city/policeman.rbc,454,@1pokeMsg,cp1252,But[.] surely you can't turn in\nyour only Pokémon?\pThat would cause all sorts of\nweird question marks and humbug.\pI'm not having it!,,à_traduire,
47924fb3d863,scripts/pewter city/policeman.rbc,458,@handInTalk,cp1252,"Fair enough!\pYou hand in one of your stolen\nPokémon to me, and we agree to\llower the bounty on your head in\lproportion to the Pokémon's level.",,à_traduire,
5e2139704fa6,scripts/pewter city/policeman.rbc,461,@handInTalk1.5,cp1252,"The bounty on you is [$][buffer1],000.\nWhich Pokémon will you hand in?",,à_traduire,
4a92b9bc8b99,scripts/pewter city/policeman.rbc,466,@handInTalk2,cp1252,"Fine. I'll lower your bounty by\n[$][buffer1],000 for this [buffer2].",,à_traduire,
8b7d0cf74c98,scripts/pewter city/policeman.rbc,469,@pkmnDeleted,cp1252,[player] turned [buffer2] in to the\npoliceman.,,à_traduire,
995f2e650036,scripts/pewter city/policeman.rbc,473,@postDeletion,cp1252,"You made the right choice, Rocket.\nCongratulations.\pYour bounty has now been lowered\nto [$][buffer1],000.\pKeep it up and you'll be a free\nman in no time at all!",,à_traduire,
e68ab5575de4,scripts/pewter city/policeman.rbc,477,@noMoreBounty,cp1252,"Well, I'll be!\nYou did the right thing, Rocket.\pYour bounty has now been\ncompletely wiped.\pIt touches me to see that I could\nhelp you become a free man again!",,à_traduire,
15b191b4278c,scripts/pewter city/policeman.rbc,481,@bribeTalk,cp1252,"What's that?\c\h08ó\nMy god! The idea!\pI am unwavering in my adherence to\nmy moral principles, I assure you!\p[.]\c\h08ó\n(Shh[.] not so loud, now.)",,à_traduire,
ff09570ef868,scripts/pewter city/policeman.rbc,484,@howMuch,cp1252,"(How much are we talking?)\n(The bounty is [blue_fr]at [$][buffer1],000[blue_fr].)",,à_traduire,
f6071eb8ae98,scripts/pewter city/policeman.rbc,488,@noMoneyTalk,cp1252,"Gah!\p(Come back when you actually have\nthe money, and we'll talk!)",,à_traduire,
309896796cdb,scripts/pewter city/policeman.rbc,492,@postBribeTalk,cp1252,"Mmmm!\pWell, in times like these[.]\nwhat can you do..?\p(Your bounty has been lowered to\n[$][buffer1],000, all right?)\p(But remember, son-- I sure as\nheck didn't do it!)",,à_traduire,
91aadb2a6422,scripts/pewter city/policeman.rbc,496,@postBribeTalk2,cp1252,"Mmmm!\pWell, in times like these[.]\nwhat can you do..?\p(The bounty on your head has now\nbeen completely wiped.)\p(But I know nothing about it,\nyou hear me?)",,à_traduire,
cab3f5ce5101,scripts/pewter city/policeman.rbc,500,@goodBye,cp1252,"No? Well, have it your way.\nGood day, Rocket.",,à_traduire,
7f262ddd7dfd,scripts/pewter city/policeman.rbc,503,@missingnoTalk,cp1252,"What in Arceus's name is that\nPokémon..?!\pI don't know where you got that\nfrom, but I'll want nothing to do\lwith it!\pHand in a normal Pokémon, won't\nyou?!",,à_traduire,
d8b07f6dd34b,scripts/pewter city/super nerd miguel.rbc,94,@ellipses,cp1252,[.]\c\h08ó\n[.]\p[.][.]\c\h08ó\n[.][.][.],,à_traduire,
5670180f1137,scripts/pewter city/super nerd miguel.rbc,98,@talk,cp1252,"Gah!\pAll right, I admit it, please stop\nstaring at me like that!\pI-it's me, okay?!\c\h08ó Yes, the Super\nNerd who helped you at Mt. Moon!\pI-I didn't go AWOL on Team Rocket,\nI promise..!\pI'm just[.]\c\h08ó temporarily recharging\nfrom all the stress of gang life,\lyou know..?\p[.]\pWhat do you want with me, anyway?\c\h08ó\nD-don't tell me it's about[.]\p[.]\pWah!\pE-easy now! That kid ran off with\nboth the fossils, I promise!\pI think you must have been hearing\nthings..!\p[.]\pLook, you can't do this to me..!\c\h08ó\nNot at my work[.]\c\h08ó please!",,à_traduire,
13e9cda2ded6,scripts/pewter city/super nerd miguel.rbc,101,@defeatText,cp1252,Why does nothing ever go my way..?,,à_traduire,
1084dcffb953,scripts/pewter city/super nerd miguel.rbc,104,@talk2,cp1252,Ahh!\c\h08ó\nYou bandit!\pY-you have to be quiet now\nbefore[.],,à_traduire,
75ed75263756,scripts/pewter city/super nerd miguel.rbc,107,@managerTalk,cp1252,"Miguel!\nYou good-for-nothing slacker!\pHow many times do I have to tell\nyou?!\pNo Pokémon battles on the job!\pIf you don't apologize to this\nguest here and get back to what\lyou should be doing, post-haste[.]\pI'll have you fired before you can\nsay Aerodactyl!",,à_traduire,
dbc3ad530bbc,scripts/pewter city/super nerd miguel.rbc,111,@talk3,cp1252,"(Oh, my days[.])\pD-do you promise to leave me alone\nif I[.]\p[.]\pN-no!\c\h08ó I have nothing there in that\nbag, really, nothing..!",,à_traduire,
b7a2f575d8cf,scripts/pewter city/super nerd miguel.rbc,115,@takeWhich,cp1252,Take which fossil?,,à_traduire,
a60ceb2dfdbe,scripts/pewter city/super nerd miguel.rbc,118,@domeGet,cp1252,[player] stole the Dome Fossil\nfrom Super Nerd Miguel!,,à_traduire,
b2ea23868def,scripts/pewter city/super nerd miguel.rbc,122,@helixGet,cp1252,[player] stole the Helix Fossil\nfrom Super Nerd Miguel!,,à_traduire,
b86cc340fd7b,scripts/pewter city/super nerd miguel.rbc,126,@amberGet,cp1252,[player] stole the Old Amber from\nSuper Nerd Miguel!,,à_traduire,
8711c3c9ed48,scripts/pewter city/super nerd miguel.rbc,129,@talk4,cp1252,"(Sob[.])\pAnd it was such a rare collection,\ntoo[.]\pI guess my mom was always right\nwhen she told me not to mess with\lcriminals[.]",,à_traduire,
8a3d3c2614a4,scripts/pokemon league/agatha (tile script).rbc,121,@talk,cp1252,"Agatha: We meet again, [player].\c\h08ó\nMuch has happened, it seems.",,à_traduire,
268fb036640e,scripts/pokemon league/agatha (tile script).rbc,124,@talk2,cp1252,I was filled with pride when Blue\ndefeated me and took his rightful\lplace as Champion.\pPride that there was something worth\npreserving in my blood after all.\pBut Red[.]\c\h08ó He seems a different\nbeast altogether[.],,à_traduire,
fa394b79e018,scripts/pokemon league/agatha (tile script).rbc,127,@talk3,cp1252,"I'd never paid much attention to\nthat child, but it's clear I made\la mistake.\pI can understand now why Samuel\nheld him in such high regard all\lthese years[.]",,à_traduire,
a6b23285bff6,scripts/pokemon league/agatha (tile script).rbc,130,@talk4,cp1252,To tell you the truth[.]\pI don't quite know what brought it\nout of these kids[.],,à_traduire,
3504e806a6bc,scripts/pokemon league/agatha (tile script).rbc,133,@talk5,cp1252,"Well[.] you're looking for Samuel,\naren't you?\c\h08ó I'll say.\pWhen he walked past me just now[.]\c\h08ó\nIt was strange[.]\pHe was ice cold. Didn't say a word.\c\h08ó\nBut there was a glint in his eye.\pThat cultivated, brownnosing\npoliteness had all but disappeared.",,à_traduire,
684fcd154d36,scripts/pokemon league/agatha (tile script).rbc,136,@talk6,cp1252,There was something in him like the\nway he used to be in the old days.\pLike he had a definite purpose he\nwas chasing[.],,à_traduire,
5f9e79b09318,scripts/pokemon league/agatha (tile script).rbc,139,@talk7,cp1252,"Do what you must, [player].\c\h08ó\nBut bear in mind[.]\pThat I will honor whoever is the\nrightful Champion.\pAnd I cannot stand behind anyone\nwho interferes with that justice.\pYou've been warned.",,à_traduire,
f8ac58067c61,scripts/pokemon league/agatha.rbc,14,@talk,utf-8,"Do what you must, [player].\nYou've been warned.",,à_traduire,
6439702d147d,scripts/pokemon league/bill room 1.rbc,19,@talk,cp1252,"Bill: Seems Red rounded her up\nquickly[.]\pNot suprising.\c\h08ó\nOnwards, quick!",,à_traduire,
66cbf6008943,scripts/pokemon league/bill room 4 (level script).rbc,30,@talk,cp1252,"Bill: Agatha too[.]\c\h08ó\nGod, that kid is fast[.]\pWe have to hurry, [player]!",,à_traduire,
fbc242e0a4a0,scripts/pokemon league/bill room 4.rbc,11,@talk,cp1252,"Bill: [.]\c\h08ó\nThey've all been beaten.\pDamn it, [player]!\nYou know what that means..!",,à_traduire,
1ef559ebe0dd,scripts/pokemon league/bruno.rbc,42,@talk,cp1252,"Bruno: This is crazy, my friend.\pThese powerful children[.]\c\h08ó\nWhere do they come from?\pThat child with the spiky hair[.]\nI thought I had a chance.",,à_traduire,
da1b81181223,scripts/pokemon league/bruno.rbc,45,@talk2,cp1252,Not so with the one called Red.\nTotal destruction.\p[.]\pI admire his power and his\ndiscipline.\pBut I sense there is something[.]\c\h08ó\nNot right about him.,,à_traduire,
700490253988,scripts/pokemon league/bruno.rbc,48,@talk3,cp1252,Ah!\nNonsense!\pI must train harder.\nIt's the only explanation.,,à_traduire,
235ed906cf3e,scripts/pokemon league/champion room/NPCs/bill.rbc,18,@talk,cp1252,"Bill: I-it's\c\h08ó u-u-p to \c\h08óy-you now,\n[player][.]\pG-g-go on!\c\h08ó\nS-s-stop them!",,à_traduire,
26264ab86c39,scripts/pokemon league/champion room/NPCs/bill.rbc,21,@talk2,cp1252,"Bill: [player], g-go on[.]\c\h08ó\nF-f-follow Oak[.]\pAhh!\pY-y-you've\c\h08ó g-g-got\c\h08ó s-something\nf-for b-breaking through\c\h08ó l-locked\ld-d-doors, haven't y-you?!",,à_traduire,
8e86de6c45d8,scripts/pokemon league/champion room/NPCs/blaine.rbc,10,@talk,cp1252,Blaine: I\c\h08ó kn-n-n-new I should\c\h08ó\nn-n-never have \c\h08óg-g-gotten\linvooolved\c\h08ó with T-t\c\h08ó-team R-rocket!\pThere w-w-was\c\h08ó b-bound to be\c\h08ó\nt-t-trooooouuuubleeee!\pAaaaaaaah!\c\h08ó\nI want to g-g-go h-h-hoooome!,,à_traduire,
ac4fc24dee97,scripts/pokemon league/champion room/NPCs/blue.rbc,10,@talk,cp1252,"Blue: Aaaah!\c\h08ó\nG-g\c\h08ó-grandmaaaaa!\pW-w-why\c\h08ó are y-y-you \c\h08ód-doing\nthis \c\h08ót-to us?!\c\h08ó S-s-stop it!\pTh-this i-isn't\c\h08ó what b-b-becoming\c\h08ó\nCh-ch-champion was\c\h08ó ssss-s-supposed\lto be l-like..!\pIf o-o-ooonly\c\h08ó I'd kn-kn-own\c\h08ó, I-I'd\nhave\c\h08ó b-brought my Sssilph S-scope!",,à_traduire,
3c79022ffc71,scripts/pokemon league/champion room/NPCs/cameraman.rbc,11,@talk,cp1252,"G-g-gotta\c\h08ó k-k-keep\c\h08ó that c-camera\c\h08ó\ns-s-steady[.]\c\h08ó Aaaah!\pN-n-no m-matter how\c\h08ó s-scared I get,\nthis is\c\h08ó d-d\c\h08ó-amn g-good t-t-TV!",,à_traduire,
e5bf820e1246,scripts/pokemon league/champion room/NPCs/fat guy.rbc,10,@talk,cp1252,C-can't\c\h08ó m-move[.]\c\h08ó I-I'ma-a\c\h08ó\ntoo s-scared[.]\c\h08ó p-petrified[.]\pI-I don't\c\h08ó s-s-see nothing but no\c\h08ó\nf-f-freaking g-ghost[.]\pAh\c\h08óAhhhh\c\h08óAAhhhh\c\h08óAAAAAAAAAHHHHHHHH!\c\h08ó\nHELP!,,à_traduire,
86e58b06e324,scripts/pokemon league/champion room/NPCs/fuji.rbc,10,@talk,cp1252,Fuji: Aaaaaah!\pD-d-d-arn it[.]\c\h08ó\nTh-those\c\h08ó g-g-g-ghosts[.]\pC-c-can't\c\h08ó m-move[.]\c\h08ó\nW-w-wish\c\h08ó I-I had those\c\h08ó g-goggles[.]\pI-if only I c-could\c\h08ó s-s-see[.]\c\h08ó\nAaaaaaaaaaah!,,à_traduire,
266ee51743ef,scripts/pokemon league/champion room/NPCs/gengar.rbc,14,@talk,utf-8,Gengar: Heeeehhhheee!,,à_traduire,
00828b8ad75d,scripts/pokemon league/champion room/NPCs/ghost.rbc,11,@talk,cp1252,Get out[.]\c\h08ó\nGet out[.],,à_traduire,
b17f44b5bf58,scripts/pokemon league/champion room/NPCs/gym guy.rbc,10,@talk,cp1252,Th-this isn't the\c\h08ó Ch-ch-champion\c\h08ó\nc-c-ceremony I was\c\h08ó exp-p-pecting[.]\pWaaaah!\c\h08ó\nC-c-can I g-g-go\c\h08ó home sooooooon?!,,à_traduire,
8132a5e84f78,scripts/pokemon league/champion room/NPCs/haunter.rbc,14,@talk,utf-8,Haunter: Hrgggghhhh!,,à_traduire,
29f8935f873b,scripts/pokemon league/champion room/NPCs/interviewer.rbc,11,@talk,cp1252,N-n-now I'm n-n-not\c\h08ó on c-c-camera\nI guess it's\c\h08ó ooooo-okay to\c\h08ó l-look\ls-ssss-scared[.]\pWaaaaaah!!!!!!\c\h08ó\nWaaaah!!!\c\h08ó Ahhhhh!\c\h08ó H-H-HEEEEEEELP!,,à_traduire,
6d4ab7fb05d4,scripts/pokemon league/champion room/NPCs/lance.rbc,10,@talk,cp1252,Lance: Ah-ah-ah!\c\h08ó\nAaaah!\pTh-th-that\c\h08ó s-s-stinking ch-cheat\c\h08ó\nOak[.]\c\h08ó He w-won't \c\h08óss-sss-sstop me!\pI-i-if oooonly I c-could\c\h08ó m-m-move\c\h08ó\nI'd d-d-d\c\h08ó-do him iiiiiiiin!,,à_traduire,
dd1e57eb63f6,scripts/pokemon league/champion room/NPCs/ronnie.rbc,18,@talk,cp1252,"Ronnie: O-o-h noooo[.]\c\h08ó\n[player][.]\pY-y-you've\c\h08ó g-g-g-ot that[.]\c\h08ó\nAaaaah!\pTh-that\c\h08ó S-s-silph\c\h08ó S-scope\c\h08ó,\nhaven't you[.]\pH-h-help,\c\h08ó u-us\c\h08ó p-p-please[.]\nU-use it[.]\c\h08ó U-U-USE IT[.]\pNOW!!!\c\h08ó\n[player]!",,à_traduire,
ec83b0eec4c0,scripts/pokemon league/champion room/NPCs/ronnie.rbc,21,@talk2,cp1252,"Ronnie: G-g-good j-j-job,\c\h08ó\n[player][.]\pN-n-now you're\c\h08ó f-f-free, you can\c\h08ó\ng-go\c\h08ó kick some ahhh\c\h08óahhhh-ahh-ass!",,à_traduire,
0816a1b7a350,scripts/pokemon league/champion room/agatha.rbc,84,@talk,cp1252,Agatha: [player].\c\h08ó\nI had a feeling you'd step forward.\pThere's nothing more to be said[.]\c\h08ó\nI've given you fair warning.\pYou saw as well as I that Red is\nthe rightful Champion.\pThere'll be none of these coups\nand conspiracies here[.]\pI'll guard this door on my honor!\c\h0B[Ke]À,,à_traduire,
6daf777474fb,scripts/pokemon league/champion room/agatha.rbc,87,@defeatText,cp1252,[.]\nAnd to a criminal..!,,à_traduire,
c66d87764f0d,scripts/pokemon league/champion room/agatha.rbc,90,@talk2,cp1252,Agatha: [.]\c\h08ó\nVery well.\pJust know Samuel won't take kindly\nto your interference.\pIf his old self really has\nreturned[.]\pThere's nothing he wouldn't do to\nkeep enemies like you away.,,à_traduire,
b15214dc9312,scripts/pokemon league/champion room/agatha.rbc,93,@talk3,cp1252,But a loss is a loss.\c\h08ó\nI'll step aside.,,à_traduire,
2da8d1769e16,scripts/pokemon league/champion room/agatha.rbc,96,@talk4,cp1252,"Mark my words, [player].\nThat man has a powerful spirit.",,à_traduire,
0f922e95db49,scripts/pokemon league/champion room/locked door.rbc,14,@lockedText,utf-8,The door is locked.,,à_traduire,
6ab223ad8fff,scripts/pokemon league/champion room/locked door.rbc,17,@unlockedText,utf-8,The door is open. It shows clear\nmarks of violent treatment[.],,à_traduire,
383dc747e9ac,scripts/pokemon league/champion room/red victory level script (with more people).rbc,768,@oakTalk1,cp1252,Oak: Red!,,à_traduire,
b5989bc3117f,scripts/pokemon league/champion room/red victory level script (with more people).rbc,771,@oakTalk2,cp1252,"Oak: So, you've won!\c\h08ó\nSincerely, congratulations!\pYou're the new Pokémon League\nChampion!\pYou've grown up so much since you\nfirst left with Charmander to work\lon the Pokédex.\pRed, you have come of age!",,à_traduire,
3834c3f012fe,scripts/pokemon league/champion room/red victory level script (with more people).rbc,774,@oakTalk3,cp1252,"Blue[.]\c\h08ó\nI'm disappointed in you.\pI came when I heard you'd beaten\nthe Elite Four.\pBut, when I got here, you had\nalready lost!\pBlue, do you understand why\nyou lost?\pYou have forgotten to treat your\nPokémon with love and trust.\pWithout them, you will never\nbecome a Champ again!",,à_traduire,
119d7fd675c5,scripts/pokemon league/champion room/red victory level script (with more people).rbc,777,@oakTalk4,cp1252,Red.\pYou understand that your victory\nwas not just your own doing.\pThe bond you share with your\nPokémon is marvelous.\pRed!\c\h08ó\nCome with me!,,à_traduire,
a6e6f870675f,scripts/pokemon league/champion room/red victory level script (with more people).rbc,780,@blueTalk,cp1252,Blue: [.]\c\h08ó\nI-I[.]\c\h08ó I[.]\c\h08ó don't understand[.],,à_traduire,
ff4f70ab1523,scripts/pokemon league/champion room/red victory level script (with more people).rbc,783,@blueTalk2,cp1252,Grandpa..!\pI treated my Pokémon with respect[.]\c\h08ó\nAlways[.]\pGave them the rest and the love\nthey needed[.]\c\h08ó I-I did[.]\pI swear I did everything right..!\c\h08ó\nI was[.]\c\h08ó so sure of it[.],,à_traduire,
87c8ae66dd0d,scripts/pokemon league/champion room/red victory level script (with more people).rbc,786,@blueTalk3,cp1252,I thought[.]\c\h08ó\nWhen I was finally Champion[.]\pThat you would at least stop and[.]\c\h08ó\nSay you were proud[.],,à_traduire,
178763113628,scripts/pokemon league/champion room/red victory level script (with more people).rbc,789,@billTalk,cp1252,"Bill: [.]\c\h08ó\nAh..!\pSo much for nothing,\n[player][.]",,à_traduire,
02e42ae46b6c,scripts/pokemon league/champion room/red victory level script (with more people).rbc,792,@billTalk2,cp1252,"I'll be damned[.]\c\h08ó\nIt's actually true, then[.]\lThe kid really did it[.]\p[.]\pOh, that slimy, scheming\nProfessor[.]",,à_traduire,
914f5a8dc007,scripts/pokemon league/champion room/red victory level script (with more people).rbc,795,@billTalk3,cp1252,[.]\c\h08ó\nHmmm[.]\pThe crowds will arrive any minute[.]\c\h08ó\nNot ideal at all.\pI was really hoping we could solve\nthis in private[.],,à_traduire,
482193de76ae,scripts/pokemon league/champion room/red victory level script (with more people).rbc,798,@billTalk4,cp1252,"Not to worry, [player][.]\pWe're just going to have to fall\nback to another solution[.]",,à_traduire,
ede419fa175f,scripts/pokemon league/champion room/red victory level script (with more people).rbc,801,@announcement,cp1252,PA: Ladies and gentlemen!\c\h08ó\nChampion Blue has been defeated!\pIt's my honor to announce that the\nnew Champion of Kanto-Johto is[.]\pRed from Pallet Town!\pPlease stand by for further\ncomments by the new Champion.,,à_traduire,
0e2d19383487,scripts/pokemon league/champion room/red victory level script (with more people).rbc,804,@billTalk5,cp1252,Bill: [.]\pThere's nothing we can do now but\nwait.\p[.]\pI'm going to have to make a phone\ncall[.],,à_traduire,
f188ef85fd53,scripts/pokemon league/champion room/red victory level script (with more people).rbc,807,@tvTalk,cp1252,"We can barely believe our eyes,\nviewers!\pNo sooner have we received a new\nChampion than the title changes\lhands yet again!\pThis extraordinary new young Champ\nhas just finished his Hall of Fame\lceremony and will return to give\lhis inaugural speech.\pWho's to say what happens next?\c\h08ó\nWe are trembling with anticipation!",,à_traduire,
8fd8714c5976,scripts/pokemon league/champion room/red victory level script (with more people).rbc,810,@oakTalk5,cp1252,"Oak: My, how good it is to see\nyou, people of Kanto!\pThis is Professor Samuel Oak\nspeaking.",,à_traduire,
54bb41080cf3,scripts/pokemon league/champion room/red victory level script (with more people).rbc,813,@oakTalk6,cp1252,I stand before you with our new\nChampion[.]\pA uniquely talented young boy whom\nI've had the privilege to raise\las my own in our little town[.],,à_traduire,
4af84f5829ef,scripts/pokemon league/champion room/red victory level script (with more people).rbc,816,@oakRed,cp1252,Red!,,à_traduire,
0142e3472f66,scripts/pokemon league/champion room/red victory level script (with more people).rbc,819,@redYes,cp1252,Red: ...\c\h08ó\c\h08ó\nYes.,,à_traduire,
d4809cb9035c,scripts/pokemon league/champion room/red victory level script (with more people).rbc,822,@oakTalk7,cp1252,"Oak: Marvelous, marvelous!\c\h08ó\n[.]now, then!",,à_traduire,
19475bccca7c,scripts/pokemon league/champion room/red victory level script (with more people).rbc,825,@oakTalk8,cp1252,"I know some of you may remember the\nlast time I stood in this room[.]\pAnd have mixed feelings about seeing\nme here again.\pBut rest assured[.]\pI address you now as Red's care-\ntaker, not as a former Champion.",,à_traduire,
d7673b49338e,scripts/pokemon league/champion room/red victory level script (with more people).rbc,828,@oakTalk9,cp1252,Moreover[.]\pI'm embarrassed to bring this matter\nto public attention this way[.]\pBut since it concerns our new\nChampion I see no real alternative.,,à_traduire,
0b6f345ab7a8,scripts/pokemon league/champion room/red victory level script (with more people).rbc,831,@oakTalk10,cp1252,[.]\c\h08ó\nEr-hem!\pYou've all witnessed Red's unmatched\ntalents for Pokémon battle.\p[.]\pI'm sorry to say that this unique\ngift of his has come at a price[.],,à_traduire,
8b7f3c4ec924,scripts/pokemon league/champion room/red victory level script (with more people).rbc,834,@oakTalk11,cp1252,Red unfortunately suffers from\ncertain[.]\c\h08ó social disabilities.\pHe cannot speak in public without\npangs of debilitating terror[.]\pAnd he struggles to communicate\nwith the outside world.,,à_traduire,
b7b4a4fa8fb9,scripts/pokemon league/champion room/red victory level script (with more people).rbc,837,@oakTalk12,cp1252,"So for that reason I'm taking on\na special responsibility[.]\pI will be Red's[.]\c\h08ó right-hand man.\c\h08ó\nHis main political advisor.\pAnd I will communicate his wishes\nto you, the people.",,à_traduire,
0575ebd7302e,scripts/pokemon league/champion room/red victory level script (with more people).rbc,840,@oakTalk13,cp1252,"Do you agree with this arrangement,\nRed? Have I understood you right?",,à_traduire,
c74af0452232,scripts/pokemon league/champion room/red victory level script (with more people).rbc,843,@oakTalk14,cp1252,Oak: Very well.\c\h08ó\nThen let's begin.,,à_traduire,
2cb437985b65,scripts/pokemon league/champion room/red victory level script (with more people).rbc,846,@oakTalk15,cp1252,"It's clear to me--\c\h08ó\nand to Red as well, of course[.]\pThat some changes are in order for\nthe region of Kanto.\pThe previous government has been\nreckless with public safety.",,à_traduire,
465137fe693b,scripts/pokemon league/champion room/red victory level script (with more people).rbc,849,@oakTalk16,cp1252,What do we make of the ever-growing\ncases of violent gang crime?\lCorruption amongst our Gym Leaders?\pWhen nothing Lance has done seems\nto be slowing their growth..?\l[.]And what of this Giovanni?,,à_traduire,
ada14a185981,scripts/pokemon league/champion room/red victory level script (with more people).rbc,852,@oakTalk17,cp1252,"It's clear as day[.]\c\h08ó\nHarsher methods are in order!\pWe'll bring all these criminals to\njustice, dead or alive!",,à_traduire,
389eac4a5133,scripts/pokemon league/champion room/red victory level script (with more people).rbc,855,@oakTalk18,cp1252,And what else..?,,à_traduire,
5cf31cb776b9,scripts/pokemon league/champion room/red victory level script (with more people).rbc,858,@oakTalk19,cp1252,Tell me[.]\pHow can we allow our Legendary\nBirds to roam freely throughout\lthe region?\pWhat of the various Legendary beasts\nrumored to be hiding in the remote\lcorners of our caves and islands?\pWhat if they should fall into\ncriminal hands?\lWhat if they should run away?,,à_traduire,
9dfe351ee7dc,scripts/pokemon league/champion room/red victory level script (with more people).rbc,861,@oakTalk20,cp1252,We must dedicate all our resources\nto capturing them[.]\pBring them under government\ncontrol[.]\pFor public safety[.]\c\h08ó And to preserve\nour cultural heritage!,,à_traduire,
2722fba0a992,scripts/pokemon league/champion room/red victory level script (with more people).rbc,864,@oakTalk21,cp1252,"Yes[.]\c\h08ó\nDear Kantoneans[.]\pLance has done us a great\ndisservice, there's no question.",,à_traduire,
4fd85def4807,scripts/pokemon league/champion room/red victory level script (with more people).rbc,867,@oakTalk22,cp1252,"So I believe[.]\pOnly because I agree with Red's\nreasoning, of course[.]\pThat nothing the but the strictest\npunishment is in order!\pLance should be brought in at once!",,à_traduire,
13802ca190b8,scripts/pokemon league/champion room/red victory level script (with more people).rbc,870,@oakTalk23,cp1252,"Do you agree with these motions,\nRed?",,à_traduire,
0da3ab15a85a,scripts/pokemon league/champion room/red victory level script (with more people).rbc,873,@redYesEllipses,cp1252,Red: ...\c\h08ó\c\h08ó\nY--,,à_traduire,
930c91db0f78,scripts/pokemon league/champion room/red victory level script (with more people).rbc,876,@blaineTalk,cp1252,STOP!,,à_traduire,
72af98d3cd88,scripts/pokemon league/champion room/red victory level script (with more people).rbc,879,@blaineTalk2,cp1252,"Blaine: This meeting cannot be\nallowed to continue!\pEveryone, listen!\nRed cannot be Champion!",,à_traduire,
d19b94c19f63,scripts/pokemon league/champion room/red victory level script (with more people).rbc,882,@fujiTalk,cp1252,Fuji: He's no real Pokémon Trainer!\nHe's not even a human being!\pJust some creature[.]\nSome laboratory experiment[.]\pCreated by Oak to do his bidding!,,à_traduire,
ba0b78611b12,scripts/pokemon league/champion room/red victory level script (with more people).rbc,885,@blaineTalk3,cp1252,Blaine: It's all a sham!\pWe have proof!\nIrrefutable proof!,,à_traduire,
5726b53d0b05,scripts/pokemon league/champion room/red victory level script (with more people).rbc,888,@oakTalk24,cp1252,Oak: ..!\c\h08ó\nNonsense!,,à_traduire,
e8a889ed12f8,scripts/pokemon league/champion room/red victory level script (with more people).rbc,891,@oakTalk25,cp1252,"Look, you'll trigger the poor boy's\nanxiety with such aggressive,\lbaseless accusations!\pI daresay he's been through enough\nemotional stress for one day..!",,à_traduire,
ade866f71984,scripts/pokemon league/champion room/red victory level script (with more people).rbc,894,@oakTalk26,cp1252,I--\c\h08ó he[.],,à_traduire,
64bab2f3ba3e,scripts/pokemon league/champion room/red victory level script (with more people).rbc,897,@oakTalk27,cp1252,"He's going to need a safe space\nto retreat to for the moment..!\pApologies, but we will hear more\nfrom Champion Red at a later time!",,à_traduire,
6a5d8379a518,scripts/pokemon league/champion room/red victory level script (with more people).rbc,901,@crowdTalk1,cp1252,What is going on?\nWe demand an explanation!,,à_traduire,
685148ceaf3f,scripts/pokemon league/champion room/red victory level script (with more people).rbc,904,@crowdTalk2,cp1252,Let us into the Hall of Fame room!,,à_traduire,
cac7d2740166,scripts/pokemon league/champion room/red victory level script (with more people).rbc,907,@crowdTalk3,cp1252,"Hear, hear!",,à_traduire,
294b53e5e6a6,scripts/pokemon league/champion room/red victory level script (with more people).rbc,910,@agathaTalk,cp1252,[.]\c\h08ó\nWait[.],,à_traduire,
12d37ec42921,scripts/pokemon league/champion room/red victory level script (with more people).rbc,913,@agathaTalk2,cp1252,Agatha: Samuel[.]\pIs it true..?\c\h08ó\nThat's what it was all these years?\pNot cowardice[.]\c\h08ó\nBut cunning?!\pHow could I have failed to see..?!\pThe Kanto we wanted[.]\c\h08ó\nWe could have it again[.],,à_traduire,
af1b3a018b9d,scripts/pokemon league/champion room/red victory level script (with more people).rbc,916,@agathaTalk3,cp1252,"Agatha: Hold it!\pYou're not going anywhere, you\npuny peasants!",,à_traduire,
52f3eb70b419,scripts/pokemon league/champion room/red victory level script (with more people).rbc,919,@agathaTalk4,cp1252,This man[.]\c\h08ó Is someone you could\nnever measure up to!\pHe will create the perfect Kanto[.]\c\h08ó\nA place for the strong to prosper[.]\pDon't you understand?!,,à_traduire,
fcb1dbeb28fa,scripts/pokemon league/champion room/red victory level script (with more people).rbc,922,@agathaTalk5,cp1252,If you want to get in between[.]\c\h08ó\nYou get through me first!,,à_traduire,
8492713f9f78,scripts/pokemon league/champion room/red victory level script.rbc,716,@oakTalk1,cp1252,Oak: Red!,,à_traduire,
af2dbe7faeb9,scripts/pokemon league/champion room/red victory level script.rbc,719,@oakTalk2,cp1252,"Oak: So, you've won!\c\h08ó\nSincerely, congratulations!\pYou're the new Pokémon League\nChampion!\pYou've grown up so much since you\nfirst left with Charmander to work\lon the Pokédex.\pRed, you have come of age!",,à_traduire,
d3a2e34a9ce3,scripts/pokemon league/champion room/red victory level script.rbc,722,@oakTalk3,cp1252,"Blue[.]\c\h08ó\nI'm disappointed in you.\pI came when I heard you'd beaten\nthe Elite Four.\pBut, when I got here, you had\nalready lost!\pBlue, do you understand why\nyou lost?\pYou have forgotten to treat your\nPokémon with love and trust.\pWithout them, you will never\nbecome a Champ again!",,à_traduire,
7b06caed744b,scripts/pokemon league/champion room/red victory level script.rbc,725,@oakTalk4,cp1252,Red.\pYou understand that your victory\nwas not just your own doing.\pThe bond you share with your\nPokémon is marvelous.\pRed!\c\h08ó\nCome with me!,,à_traduire,
3f8d66076194,scripts/pokemon league/champion room/red victory level script.rbc,728,@blueTalk,cp1252,Blue: [.]\c\h08ó\nI-I[.]\c\h08ó I[.]\c\h08ó don't understand[.],,à_traduire,
cc7df6047e8b,scripts/pokemon league/champion room/red victory level script.rbc,731,@blueTalk2,cp1252,Grandpa..!\pI treated my Pokémon with respect[.]\c\h08ó\nAlways[.]\pGave them the rest and the love\nthey needed[.]\c\h08ó I-I did[.]\pI swear I did everything right..!\c\h08ó\nI was[.]\c\h08ó so sure of it[.],,à_traduire,
ab769e655b3c,scripts/pokemon league/champion room/red victory level script.rbc,734,@blueTalk3,cp1252,I thought[.]\c\h08ó\nWhen I was finally Champion[.]\pThat you would at least stop and[.]\c\h08ó\nSay you were proud[.],,à_traduire,
a224c047790c,scripts/pokemon league/champion room/red victory level script.rbc,737,@billTalk,cp1252,"Bill: [.]\c\h08ó\nAh..!\pSo much for nothing,\n[player][.]",,à_traduire,
d4987c15ee1f,scripts/pokemon league/champion room/red victory level script.rbc,740,@billTalk2,cp1252,"I'll be damned[.]\c\h08ó\nIt's actually true, then[.]\lThe kid really did it[.]\p[.]\pOh, that slimy, scheming\nProfessor[.]",,à_traduire,
5edd9d426d1e,scripts/pokemon league/champion room/red victory level script.rbc,743,@billTalk3,cp1252,[.]\c\h08ó\nHmmm[.]\pThe crowds will arrive any minute[.]\c\h08ó\nNot ideal at all.\pI was really hoping we could solve\nthis in private[.],,à_traduire,
e55a55ab9239,scripts/pokemon league/champion room/red victory level script.rbc,746,@billTalk4,cp1252,"Not to worry, [player][.]\pWe're just going to have to fall\nback to another solution[.]",,à_traduire,
e703fb2acb0a,scripts/pokemon league/champion room/red victory level script.rbc,749,@announcement,cp1252,PA: Ladies and gentlemen!\c\h08ó\nChampion Blue has been defeated!\pIt's my honor to announce that the\nnew Champion of Kanto-Johto is[.]\pRed from Pallet Town!\pPlease stand by for further\ncomments by the new Champion.,,à_traduire,
b8d273d9a341,scripts/pokemon league/champion room/red victory level script.rbc,752,@billTalk5,cp1252,Bill: [.]\pThere's nothing we can do now but\nwait.\p[.]\pI'm going to have to make a phone\ncall[.],,à_traduire,
67d75a96a04b,scripts/pokemon league/champion room/red victory level script.rbc,755,@tvTalk,cp1252,"We can barely believe our eyes,\nviewers!\pNo sooner have we received a new\nChampion than the title changes\lhands yet again!\pThis extraordinary new young Champ\nhas just finished his Hall of Fame\lceremony and will return to give\lhis inaugural speech.\pWho's to say what happens next?\c\h08ó\nWe are trembling with anticipation!",,à_traduire,
b7b099f2deb7,scripts/pokemon league/champion room/red victory level script.rbc,758,@oakTalk5,cp1252,"Oak: My, how good it is to see\nyou, people of Kanto!\pThis is Professor Samuel Oak\nspeaking.",,à_traduire,
7c9993e25953,scripts/pokemon league/champion room/red victory level script.rbc,761,@oakTalk6,cp1252,I stand before you with our new\nChampion[.]\pA uniquely talented young boy whom\nI've had the privilege to raise\las my own in our little town[.],,à_traduire,
bf2b08de502a,scripts/pokemon league/champion room/red victory level script.rbc,764,@oakRed,cp1252,Red!,,à_traduire,
e2462f50e78e,scripts/pokemon league/champion room/red victory level script.rbc,767,@redYes,cp1252,Red: ...\c\h08ó\c\h08ó\nYes.,,à_traduire,
6faf8b1ce838,scripts/pokemon league/champion room/red victory level script.rbc,770,@oakTalk7,cp1252,"Oak: Marvelous, marvelous!\c\h08ó\n[.]now, then!",,à_traduire,
355ef916c827,scripts/pokemon league/champion room/red victory level script.rbc,773,@oakTalk8,cp1252,"I know some of you may remember the\nlast time I stood in this room[.]\pAnd have mixed feelings about seeing\nme here again.\pBut rest assured[.]\pI address you now as Red's care-\ntaker, not as a former Champion.",,à_traduire,
e5c889ede89a,scripts/pokemon league/champion room/red victory level script.rbc,776,@oakTalk9,cp1252,Moreover[.]\pI'm embarrassed to bring this matter\nto public attention this way[.]\pBut since it concerns our new\nChampion I see no real alternative.,,à_traduire,
40dfe53dffe7,scripts/pokemon league/champion room/red victory level script.rbc,779,@oakTalk10,cp1252,[.]\c\h08ó\nEr-hem!\pYou've all witnessed Red's unmatched\ntalents for Pokémon battle.\p[.]\pI'm sorry to say that this unique\ngift of his has come at a price[.],,à_traduire,
904428823c3f,scripts/pokemon league/champion room/red victory level script.rbc,782,@oakTalk11,cp1252,Red unfortunately suffers from\ncertain[.]\c\h08ó social disabilities.\pHe cannot speak in public without\npangs of debilitating terror[.]\pAnd he struggles to communicate\nwith the outside world.,,à_traduire,
22409cd16bc8,scripts/pokemon league/champion room/red victory level script.rbc,785,@oakTalk12,cp1252,"So for that reason I'm taking on\na special responsibility[.]\pI will be Red's[.]\c\h08ó right-hand man.\c\h08ó\nHis main political advisor.\pAnd I will communicate his wishes\nto you, the people.",,à_traduire,
fb9c74d7e9a2,scripts/pokemon league/champion room/red victory level script.rbc,788,@oakTalk13,cp1252,"Do you agree with this arrangement,\nRed? Have I understood you right?",,à_traduire,
f2a59acc81d0,scripts/pokemon league/champion room/red victory level script.rbc,791,@oakTalk14,cp1252,Oak: Very well.\c\h08ó\nThen let's begin.,,à_traduire,
1ecbe30721d0,scripts/pokemon league/champion room/red victory level script.rbc,794,@oakTalk15,cp1252,"It's clear to me--\c\h08ó\nand to Red as well, of course[.]\pThat some changes are in order for\nthe region of Kanto.\pThe previous government has been\nreckless with public safety.",,à_traduire,
a2e3af03bcd1,scripts/pokemon league/champion room/red victory level script.rbc,797,@oakTalk16,cp1252,What do we make of the ever-growing\ncases of violent gang crime?\lCorruption amongst our Gym Leaders?\pWhen nothing Lance has done seems\nto be slowing their growth..?\l[.]And what of this Giovanni?,,à_traduire,
8cb50889a3ff,scripts/pokemon league/champion room/red victory level script.rbc,800,@oakTalk17,cp1252,"It's clear as day[.]\c\h08ó\nHarsher methods are in order!\pWe'll bring all these criminals to\njustice, dead or alive!",,à_traduire,
647310c31c58,scripts/pokemon league/champion room/red victory level script.rbc,803,@oakTalk18,cp1252,And what else..?,,à_traduire,
eb4b83a88858,scripts/pokemon league/champion room/red victory level script.rbc,806,@oakTalk19,cp1252,Tell me[.]\pHow can we allow our Legendary\nBirds to roam freely throughout\lthe region?\pWhat of the various Legendary beasts\nrumored to be hiding in the remote\lcorners of our caves and islands?\pWhat if they should fall into\ncriminal hands?\lWhat if they should run away?,,à_traduire,
cfde41a17b6c,scripts/pokemon league/champion room/red victory level script.rbc,809,@oakTalk20,cp1252,We must dedicate all our resources\nto capturing them[.]\pBring them under government\ncontrol[.]\pFor public safety[.]\c\h08ó And to preserve\nour cultural heritage!,,à_traduire,
f1eff96e9994,scripts/pokemon league/champion room/red victory level script.rbc,812,@oakTalk21,cp1252,"Yes[.]\c\h08ó\nDear Kantoneans[.]\pLance has done us a great\ndisservice, there's no question.",,à_traduire,
f9e4c27e909a,scripts/pokemon league/champion room/red victory level script.rbc,815,@oakTalk22,cp1252,"So I believe[.]\pOnly because I agree with Red's\nreasoning, of course[.]\pThat nothing the but the strictest\npunishment is in order!\pLance should be brought in at once!",,à_traduire,
557f3a28d2c4,scripts/pokemon league/champion room/red victory level script.rbc,818,@oakTalk23,cp1252,"Do you agree with these motions,\nRed?",,à_traduire,
57852e44627b,scripts/pokemon league/champion room/red victory level script.rbc,821,@redYesEllipses,cp1252,Red: ...\c\h08ó\c\h08ó\nY--,,à_traduire,
ed7233d4b871,scripts/pokemon league/champion room/red victory level script.rbc,824,@blaineTalk,cp1252,STOP!,,à_traduire,
aa3e00eb5c96,scripts/pokemon league/champion room/red victory level script.rbc,827,@blaineTalk2,cp1252,"Blaine: This meeting cannot be\nallowed to continue!\pEveryone, listen!\nRed cannot be Champion!",,à_traduire,
f523aaf2dfde,scripts/pokemon league/champion room/red victory level script.rbc,830,@fujiTalk,cp1252,Fuji: He's no real Pokémon Trainer!\nHe's not even a human being!\pJust some creature[.]\nSome laboratory experiment[.]\pCreated by Oak to do his bidding!,,à_traduire,
f522b2e1bc4e,scripts/pokemon league/champion room/red victory level script.rbc,833,@blaineTalk3,cp1252,Blaine: It's all a sham!\pWe have proof!\nIrrefutable proof!,,à_traduire,
f5c476dbf072,scripts/pokemon league/champion room/red victory level script.rbc,836,@oakTalk24,cp1252,Oak: ..!\c\h08ó\nNonsense!,,à_traduire,
ab7715752312,scripts/pokemon league/champion room/red victory level script.rbc,839,@oakTalk25,cp1252,"Look, you'll trigger the poor boy's\nanxiety with such aggressive,\lbaseless accusations!\pI daresay he's been through enough\nemotional stress for one day..!",,à_traduire,
265cf142245c,scripts/pokemon league/champion room/red victory level script.rbc,842,@oakTalk26,cp1252,I--\c\h08ó he[.],,à_traduire,
6d3d85814408,scripts/pokemon league/champion room/red victory level script.rbc,845,@oakTalk27,cp1252,"He's going to need a safe space\nto retreat to for the moment..!\pApologies, but we will hear more\nfrom Champion Red at a later time!",,à_traduire,
f15c5a2dd92a,scripts/pokemon league/champion room/red victory level script.rbc,849,@crowdTalk1,cp1252,What is going on?\nWe demand an explanation!,,à_traduire,
06a0dae26872,scripts/pokemon league/champion room/red victory level script.rbc,852,@crowdTalk2,cp1252,Let us into the Hall of Fame room!,,à_traduire,
84a813804112,scripts/pokemon league/champion room/red victory level script.rbc,855,@crowdTalk3,cp1252,"Hear, hear!",,à_traduire,
c5e97e56eb99,scripts/pokemon league/champion room/red victory level script.rbc,858,@agathaTalk,cp1252,[.]\c\h08ó\nWait[.],,à_traduire,
ac63b4326106,scripts/pokemon league/champion room/red victory level script.rbc,861,@agathaTalk2,cp1252,Agatha: Samuel[.]\pIs it true..?\c\h08ó\nThat's what it was all these years?\pNot cowardice[.]\c\h08ó\nBut cunning?!\pHow could I have failed to see..?!\pThe Kanto we wanted[.]\c\h08ó\nWe could have it again[.],,à_traduire,
314ef3b31a58,scripts/pokemon league/champion room/red victory level script.rbc,864,@agathaTalk3,cp1252,"Agatha: Hold it!\pYou're not going anywhere, you\npuny peasants!",,à_traduire,
9be6f3b7f8d5,scripts/pokemon league/champion room/red victory level script.rbc,867,@agathaTalk4,cp1252,This man[.]\c\h08ó Is someone you could\nnever measure up to!\pHe will create the perfect Kanto[.]\c\h08ó\nA place for the strong to prosper[.]\pDon't you understand?!,,à_traduire,
437dacf9e651,scripts/pokemon league/champion room/red victory level script.rbc,870,@agathaTalk5,cp1252,If you want to get in between[.]\c\h08ó\nYou get through me first!,,à_traduire,
b0bb1ef70add,scripts/pokemon league/hall of fame room/final level script.rbc,1252,@whiteoutTalk1,cp1252,"Oak: Back for more, Rocket?\c\h08ó\nVery well.\pRed will gladly take you down[.]\c\h08ó\nOver and over[.]\c\h08ó and over again.",,à_traduire,
f15c5099d797,scripts/pokemon league/hall of fame room/final level script.rbc,1255,@ronnieNo,cp1252,Ronnie: NO!\c\h08ó\n[player]!,,à_traduire,
bac2be7d7110,scripts/pokemon league/hall of fame room/final level script.rbc,1258,@lossTalk1,cp1252,"Oak: Ah[.]\c\h08ó\nYou made it far, Rocket.",,à_traduire,
7d21913c8a2f,scripts/pokemon league/hall of fame room/final level script.rbc,1261,@lossTalk2,cp1252,Just not far enough.\c\h08ó\nNow I'll take you where you belong!,,à_traduire,
378b6f7ad273,scripts/pokemon league/hall of fame room/final level script.rbc,1264,@oakTalk0,cp1252,"Oak: Hello, Rocket.",,à_traduire,
681b76a592dc,scripts/pokemon league/hall of fame room/final level script.rbc,1267,@oakTalk1,cp1252,[.]\c\h08ó\nI think you should know[.]\pYou're one of just a handful of\npeople in my life[.]\pTo have exhausted my patience for\npolite conversation.,,à_traduire,
33188a5bc07e,scripts/pokemon league/hall of fame room/final level script.rbc,1270,@oakTalk2,cp1252,You[.]\nSlimy little radical!\pI thought you'd be just another\nspeck for Red to wipe away and\lforget about.\pBut somehow you've slipped through\nevery single crack there was[.]\pThrough exactly the sequence of\nsteps that could unravel everything\lI've worked for..!,,à_traduire,
acce1e3aaafc,scripts/pokemon league/hall of fame room/final level script.rbc,1273,@oakTalk3,cp1252,It doesn't matter what you've seen.\nRed is as good a human as any.\pThe region is legally bound to\nfollow his command.\pAnd there's not a Trainer anywhere\nwho can take his title from him.,,à_traduire,
6c99d03f316b,scripts/pokemon league/hall of fame room/final level script.rbc,1276,@oakTalk4,cp1252,"I knew that, when I saw his pulse\nbeat for the first time in my lab[.]\pKnew I held the key to complete,\nlasting power.\pSurrendering the war was just the\nnext logical step.",,à_traduire,
346dcd8f5c67,scripts/pokemon league/hall of fame room/final level script.rbc,1279,@oakTalk5,cp1252,"I'll tell you this[.]\pIt was the hardest thing I ever\ndid, becoming Kanto's traitor[.]\pBut it helped reinforce a lesson I\nhad already begun to learn[.]\pAbout ""honor"".",,à_traduire,
0ce69d3dc2b0,scripts/pokemon league/hall of fame room/final level script.rbc,1282,@oakTalk6,cp1252,"You see[.]\pIn war[.]\c\h08ó people will fight to\ntheir dying breath.\pBut in peacetime[.]\pThey'll forfeit without a second\nthought to any odd kid who can\lbeat them in a Pokémon battle!\pAll in the name of this ""honor"".",,à_traduire,
db786a6a911f,scripts/pokemon league/hall of fame room/final level script.rbc,1285,@oakTalk7,cp1252,So it stands to reason[.]\pIf you control the strongest\nTrainer[.]\pYou control the shape of history.,,à_traduire,
4c0aef783c6d,scripts/pokemon league/hall of fame room/final level script.rbc,1288,@oakTalk8,cp1252,"See, I have no plans to be a\nchivalrous leader[.]\pJust a smart one.",,à_traduire,
1f7a5b60b9ab,scripts/pokemon league/hall of fame room/final level script.rbc,1291,@oakTalk9,cp1252,"What do I care about my ""legacy""?\c\h08ó\nAbout living up to higher virtues?\pWhere is the rational, scientific\nbasis for believing in any of that?\pWhen I'm dead[.]\c\h08ó\nNone of it will matter.",,à_traduire,
af48f1fab7a8,scripts/pokemon league/hall of fame room/final level script.rbc,1294,@oakTalk10,cp1252,"I've been surrounded all my life\nby these idiots, who fail to see[.]\pThat there is only power and\nweakness[.]\pPleasure and pain[.]\c\h08ó\nLife and death.\pNone of their precious values mean\nanything in the final analysis.",,à_traduire,
39761b23460b,scripts/pokemon league/hall of fame room/final level script.rbc,1297,@oakTalk11,cp1252,It's why I can vent and prattle on\nto you about anything I like.\pBecause the word of a lowly\ncriminal means nothing to a person\lof any stature.\pIf I faced you in a court of law we\nboth know who would win.,,à_traduire,
02e1fc2d8c39,scripts/pokemon league/hall of fame room/final level script.rbc,1300,@oakTalk12,cp1252,I do what I can[.]\c\h08ó\nPull the strings I have to pull[.]\lTo further my own interests.\pI don't need any pompous ideals\nto fool myself into thinking I'm\ldoing anything else.,,à_traduire,
cba805e65c44,scripts/pokemon league/hall of fame room/final level script.rbc,1303,@oakTalk13,cp1252,Yes[.]\c\h08ó I've been there all along[.]\c\h08ó\nIn Red's adventure.\pNudging him in the right direction.\pWhispering in his ear when he was\nabout to make a mistake[.],,à_traduire,
d9d6b1fbaea8,scripts/pokemon league/hall of fame room/final level script.rbc,1306,@oakTalk14,cp1252,Nobody in their right mind would\nthink a child should hold the power\lof a device like Master Ball.\pBut when the opportunity presented\nitself for him to grab a copy[.]\pI couldn't possibly let him pass\nit by.,,à_traduire,
9e1f65bd172c,scripts/pokemon league/hall of fame room/final level script.rbc,1309,@oakTalk15,cp1252,"Then, of course[.]\pI needed to make sure none of the\nMewtwo scientists would suddenly\lget curious about Red's origins[.]\pSo I stepped in to keep them out of\nthe way.\pIf it wasn't for Bill I would have\neasily scared them into submission.",,à_traduire,
bfcc9d477213,scripts/pokemon league/hall of fame room/final level script.rbc,1312,@oakTalk16,cp1252,"Now, it became clear to me when my\naides called me about your little\lintrusion on my lab[.]\pThat I hadn't insured myself\nagainst every contingency.\pBut it doesn't matter.\c\h08ó\nAll can still be well[.]\lThese slip-ups can be rectified[.]\pIf I stick to the plan and I do not\nlet my emotions get away with me[.]",,à_traduire,
065d4312e45f,scripts/pokemon league/hall of fame room/final level script.rbc,1315,@oakTalk17,cp1252,"Red is quite the role model in\nthat regard, isn't he?\pThe very image of pure, cold-blooded\nrationality[.]",,à_traduire,
605090710d96,scripts/pokemon league/hall of fame room/final level script.rbc,1318,@oakTalk18,cp1252,He's very nearly human[.]\nAlike us in almost every way.\pHe lacks only that emotional core.\nMorals and conscience.\lA reason to act.\pSome ultimate goal[.]\pTo aim his innate aggression and\nhis unconstrained intelligence at.,,à_traduire,
3dd51abbe0d5,scripts/pokemon league/hall of fame room/final level script.rbc,1321,@oakTalk19,cp1252,It's lucky for him that I can\nprovide exactly that.,,à_traduire,
604dbd664c6e,scripts/pokemon league/hall of fame room/final level script.rbc,1324,@oakTalk20,cp1252,"Doesn't it fascinate you, now you\nknow the truth?",,à_traduire,
69440ed09d17,scripts/pokemon league/hall of fame room/final level script.rbc,1327,@oakTalk21,cp1252,"Who is Red, really?\c\h08ó\nWhat's his personality?\p[.]\pHe could be anyone.\c\h08ó\nHe's only a puppet.",,à_traduire,
871044a18bae,scripts/pokemon league/hall of fame room/final level script.rbc,1330,@oakTalk22,cp1252,Yes[.]\c\h08ó A puppet for someone else to\ncontrol from a distance[.]\pThat's his purpose in life.,,à_traduire,
b4eda8474e1d,scripts/pokemon league/hall of fame room/final level script.rbc,1333,@oakTalk23,cp1252,"I think, Rocket[.]\pYou're much alike in that way[.]\c\h08ó\nThe two of you.",,à_traduire,
56eb55f2420e,scripts/pokemon league/hall of fame room/final level script.rbc,1336,@oakTalk24,cp1252,But that's enough talk!\pI happen to know Red gave you a\nthorough beating somewhere at\lMt. Moon a long time ago.,,à_traduire,
1024ef31aebb,scripts/pokemon league/hall of fame room/final level script.rbc,1339,@oakTalk25,cp1252,He is orders of magnitude stronger\nthan any Trainer he has faced.\pAnd I can assure you[.]\pIf you struggled to stand your own\nbattling him back then[.]\pYou don't stand a chance in hell\nagainst him now.,,à_traduire,
d7398287faf3,scripts/pokemon league/hall of fame room/final level script.rbc,1342,@oakTalk26,cp1252,"But then your Pokémon seem to be\nthe only defense you have.\pSo, in the name of our culture's\nsilly little etiquette[.]\pStand tall, Rocket[.]\c\h08ó\nAnd face him like a man!",,à_traduire,
11f9a5c29d8c,scripts/pokemon league/hall of fame room/final level script.rbc,1345,@ellipses,cp1252,...,,à_traduire,
54cbbaacea39,scripts/pokemon league/hall of fame room/final level script.rbc,1348,@defeatText,cp1252,...!,,à_traduire,
80551863b27e,scripts/pokemon league/hall of fame room/final level script.rbc,1351,@oakTalk27,cp1252,"Oak: N-no..!\c\h08ó\nIt's not possible..!\pI wasn't prepared for[.]\c\h08ó\nAgh! Red, you worthless idiot!",,à_traduire,
f4dbc7d06777,scripts/pokemon league/hall of fame room/final level script.rbc,1354,@oakTalk28,cp1252,I won't have[.]\c\h08ó\nEverything fall apart[.]\lNot like this..!,,à_traduire,
ab98d60eb347,scripts/pokemon league/hall of fame room/final level script.rbc,1357,@oakTalk29,cp1252,"Step away, kid!\nI'll handle this myself!",,à_traduire,
f1f2b687d3c3,scripts/pokemon league/hall of fame room/final level script.rbc,1360,@agathaTalk1,cp1252,"Agatha: Samuel!\c\h08ó\nOh, I couldn't wait any longer[.]\pPlease forgive me for letting the\ncriminal inside[.]",,à_traduire,
c183d48d10bb,scripts/pokemon league/hall of fame room/final level script.rbc,1363,@agathaTalk2,cp1252,"Samuel, I'm[.]\c\h08ó so sorry!\pI had you all wrong[.]\pI really thought, ten years ago[.]\c\h08ó\nThat you had become a coward.\pIt didn't seem right to me-- I knew\nit didn't add up[.]",,à_traduire,
bc2ff5d889b8,scripts/pokemon league/hall of fame room/final level script.rbc,1366,@agathaTalk3,cp1252,"I should have realized[.]\c\h08ó\nThat your strength, your vision[.]\pYour commitment to being the\ngreatest, most powerful leader in\lthe world never left you.\pTruly[.]\pYou were a man of honor all along[.]\c\h08ó\nI should've never left your side!",,à_traduire,
8e686c6a93e9,scripts/pokemon league/hall of fame room/final level script.rbc,1369,@agathaTalk4,cp1252,"I haven't known how to feel about\nyou for so long[.]\pI loved you for who you were[.]\pAnd hated you for what I thought\nyou had done to us[.]\pBut now I that I've seen the truth,\nI've realized[.]",,à_traduire,
b9f58832cc59,scripts/pokemon league/hall of fame room/final level script.rbc,1372,@agathaTalk5,cp1252,"My love for you has never wavered\nfor a second all these years!\pI just didn't understand my own\nfeelings[.]\c\h08ó not until now!\pOh, Samuel[.]\pLet us build the Kanto we dreamed\nof together[.]\pEverything can be just as it was!",,à_traduire,
f20ae6f7685b,scripts/pokemon league/hall of fame room/final level script.rbc,1375,@oakTalk30,cp1252,Oak: You[.]\c\h08ó\nHow[.]\c\h08ó\c\h08ó dare you..?!,,à_traduire,
ece06bc962da,scripts/pokemon league/hall of fame room/final level script.rbc,1378,@oakTalk31,cp1252,"You throw me away in disgust when\nI'm at my lowest and weakest[.]\pThen come back begging at my feet\nright as I return to power.\pOh, you're a woman through and\nthrough, Agatha!",,à_traduire,
8a1e192deb2d,scripts/pokemon league/hall of fame room/final level script.rbc,1381,@oakTalk32,cp1252,"And then to speak to me now in lofty\nterms about ""love"" and ""honor""[.]\pYou disgust me[.]",,à_traduire,
e6cf3d960c6a,scripts/pokemon league/hall of fame room/final level script.rbc,1384,@oakTalk33,cp1252,You've had your chances.\nDon't you deny it.\pAnd you've shown me now[.]\c\h08ó\nBeyond a shadow of a doubt[.]\lJust how deep your loyalty runs.,,à_traduire,
9a6369cb9c99,scripts/pokemon league/hall of fame room/final level script.rbc,1387,@oakTalk34,cp1252,Here[.]\pI'll show you what I think about\nyour fucking honor.,,à_traduire,
9414d1d70634,scripts/pokemon league/hall of fame room/final level script.rbc,1390,@oakTalk35,cp1252,Tauros!\c\h08ó\nGiga Impact!\lNo holding back!,,à_traduire,
f571024756eb,scripts/pokemon league/hall of fame room/final level script.rbc,1393,@oakTalk36,cp1252,"Oak: Well?!\c\h08ó\nWhat are you gawking at, Rocket?\pI believe we had some unfinished\nbusiness..!",,à_traduire,
74e5974573c8,scripts/pokemon league/hall of fame room/final level script.rbc,1396,@oakTalk37,cp1252,..!\c\h08ó\nIt's always the same damn thing!\pImmaculate plans sabotaged by the\nwhims of mediocre people..!,,à_traduire,
a889ba58a771,scripts/pokemon league/hall of fame room/final level script.rbc,1399,@oakTalk38,cp1252,"It's a truism, isn't it?!\pTo get anything done you have to\ndo it yourself[.]",,à_traduire,
0f9997bd2b97,scripts/pokemon league/hall of fame room/final level script.rbc,1402,@oakTalk39,cp1252,Now let's see how best to deal\nwith a nosy weasel like you..!,,à_traduire,
f678e9f22e26,scripts/pokemon league/hall of fame room/final level script.rbc,1405,@billTalk,cp1252,Bill: Jesus..!\c\h08ó\nNever mind those ghosts anymore[.]\pLooks like we missed out on the\nreal action..!,,à_traduire,
bb2ae0749acc,scripts/pokemon league/hall of fame room/final level script.rbc,1408,@billTalk2,cp1252,"What a carnage[.]\pI never liked that lady much, but\nshe must have really pinched a\lnerve to deserve that treatment[.]\pAnd without any healthy Pokémon\nleft to defend herself[.]",,à_traduire,
fc5bce2d6fe2,scripts/pokemon league/hall of fame room/final level script.rbc,1411,@healingTalk,cp1252,"Here, [player].\pI figured you might need some\nhealing up.\pThank me later.",,à_traduire,
ae435f0562c4,scripts/pokemon league/hall of fame room/final level script.rbc,1414,@billTalk3,cp1252,"Oh, I see how it is!\p[player] defeated your little\nrobot boy!\pHa!\c\h08ó\nNow there's a development!",,à_traduire,
b79bc73c72b8,scripts/pokemon league/hall of fame room/final level script.rbc,1417,@billTalk4,cp1252,"Well, I wonder what went wrong in\ndesigning him, old man?\pI mean, he's the spitting image of\nan insurmountable muscle-man,\lisn't he?",,à_traduire,
009989587d8a,scripts/pokemon league/hall of fame room/final level script.rbc,1420,@oakTalk40,cp1252,"Oak: You stay out of this, Bill!\pRed is still your Champion, and he\nwon't take kindly to your insults!",,à_traduire,
528d6f35fe95,scripts/pokemon league/hall of fame room/final level script.rbc,1423,@billTalk5,cp1252,"Bill: Give it up, already.\p[player] has already proven him-\nself the stronger Trainer.\pHe could take on the League again\nthe proper way and become Champion\lanytime he likes!",,à_traduire,
6a0f85b2b182,scripts/pokemon league/hall of fame room/final level script.rbc,1426,@oakTalk41,cp1252,Oak: You simpleton[.]\c\h08ó\nMind your tongue!,,à_traduire,
355a8be5126a,scripts/pokemon league/hall of fame room/final level script.rbc,1429,@oakTalk42,cp1252,"Need I remind you..?!\pThat unlike Lance, Blue, and Red[.]\c\h08ó\nI am undefeated in battle?!\p[.]And I have not been idle for the\npast ten years.",,à_traduire,
d5c36c5430b6,scripts/pokemon league/hall of fame room/final level script.rbc,1432,@oakTalk43,cp1252,I kept my Pokémon in shape so I\ncould stand my own against Red as\lhis final challenge[.]\pBut it seems there's no need for\nthat anymore.,,à_traduire,
107976c2efbb,scripts/pokemon league/hall of fame room/final level script.rbc,1435,@oakTalk44,cp1252,"Rocket!\pI'd have liked to see you rot in\njail, but now I think I'd rather\ldeal out your punishment myself.\pI'm already beyond the law, so I\nbelieve we're on an even playing\lfield at last!",,à_traduire,
78d6df163897,scripts/pokemon league/hall of fame room/final level script.rbc,1438,@oakTalk45,cp1252,Mark my words[.]\c\h08ó\nI won't fight you out of dignity[.]\pI will ruin your defenses and leave\nyou like the old hag on the floor.,,à_traduire,
3ea541216ec5,scripts/pokemon league/hall of fame room/final level script.rbc,1441,@oakTalk46,cp1252,"Look around you and take it in,\nRocket[.]\pNo one else has the faintest chance\nof saving you[.]\p[.]\c\h08ó\nYou're on your own!",,à_traduire,
045e6dae869e,scripts/pokemon league/hall of fame room/final level script.rbc,1444,@playerWinText,cp1252,NO..!\nImpossible!,,à_traduire,
e1c58257a707,scripts/pokemon league/hall of fame room/final level script.rbc,1447,@playerLossText,cp1252,Hahahaha!\nJust as I thought[.],,à_traduire,
3d71682e76e8,scripts/pokemon league/hall of fame room/final level script.rbc,1450,@oakTalk47,cp1252,Oak: I-it can't be right[.]\c\h08ó\nIt wasn't supposed to be this way!\pI had everything planned to the\nnth degree[.],,à_traduire,
2e5e1dd1c3ea,scripts/pokemon league/hall of fame room/final level script.rbc,1453,@oakTalk48,cp1252,There was no way a regular Trainer\ncould have posed a threat[.]\pAnd[.]\c\h08ó Team Rocket is a joke! An in-\nsignificant little speck on Kanto!\pIt's just not possible that one of\nthem could[.],,à_traduire,
3d6a22b2453c,scripts/pokemon league/hall of fame room/final level script.rbc,1456,@oakTalk49,cp1252,But[.]\pThere's something different about\nyou[.],,à_traduire,
89feccb60da7,scripts/pokemon league/hall of fame room/final level script.rbc,1459,@oakTalk50,cp1252,It's the only explanation..!\pYou're no regular Rocket[.]\c\h08ó\nYou're a--\c\h08ó,,à_traduire,
dca2bcb5e729,scripts/pokemon league/hall of fame room/final level script.rbc,1462,@lanceTalk,cp1252,"All right, hold it! This is the end\nof the road for you, Oak!",,à_traduire,
359cad3447de,scripts/pokemon league/hall of fame room/final level script.rbc,1465,@lanceTalk2,cp1252,"Lance: You didn't really think you\ncould keep us out forever, did you?",,à_traduire,
4b3770c5f46a,scripts/pokemon league/hall of fame room/final level script.rbc,1468,@lanceTalk3,cp1252,"You stand accused of government\nconspiracy, professor.\pOf violating your ban on Pokémon\nbattle[.]",,à_traduire,
90360dbbb4ad,scripts/pokemon league/hall of fame room/final level script.rbc,1471,@lanceTalk4,cp1252,And I'll bet you're not innocent\nin whatever happened to Agatha..!,,à_traduire,
df3435601d29,scripts/pokemon league/hall of fame room/final level script.rbc,1474,@lanceTalk5,cp1252,As for Red[.]\c\h08ó And the claims that\nhe's not human[.]\pHe will be subject to thorough\nmedical examination so we can\lascertain that for a fact.,,à_traduire,
78a4b1299e52,scripts/pokemon league/hall of fame room/final level script.rbc,1477,@lanceTalk6,cp1252,"[.]\c\h08ó\nYou're a fool, Oak.\pDid you really think you could\nsnatch back control of this place\lwith your intellectual schemes?",,à_traduire,
2102a0c1b6c1,scripts/pokemon league/hall of fame room/final level script.rbc,1480,@lanceTalk7,cp1252,"In case you've forgotten[.]\pIn the real world, we earn our\npower by sweat and blood.\pSlimy geeks are only ever Pokémon\nMasters in their dreams.",,à_traduire,
84fe7ea9255e,scripts/pokemon league/hall of fame room/final level script.rbc,1483,@lanceTalk8,cp1252,Grab him!,,à_traduire,
fb73157b2fa1,scripts/pokemon league/hall of fame room/final level script.rbc,1486,@oakTalk51,cp1252,Oak: Stand back! You don't know\nwhat you're talking about!\p[.]And you will not go against your\nChampion's wishes..!,,à_traduire,
ebdd3c620e90,scripts/pokemon league/hall of fame room/final level script.rbc,1489,@oakTalk52,cp1252,"Oak: Red, quickly!\pYour Pokémon, send them out!\nI need their protection!",,à_traduire,
8ebb0029a62a,scripts/pokemon league/hall of fame room/final level script.rbc,1492,@oakTalk53,cp1252,"Oak: Hahaha!\nI know how to operate this\lmachine, you idiots!",,à_traduire,
d4baa81b9802,scripts/pokemon league/hall of fame room/final level script.rbc,1495,@oakTalk54,cp1252,"I'll put in my name as the new\nChampion, and rule the region from\lthis room!\pI can do a lot of damage before\nyou get me out, believe me..!",,à_traduire,
ca73b20030e7,scripts/pokemon league/hall of fame room/final level script.rbc,1498,@billTalk6,cp1252,"Bill: Damn it, [player][.]\pAre you healthy enough to fight\nRed's Pokémon again..?",,à_traduire,
911671567495,scripts/pokemon league/hall of fame room/final level script.rbc,1501,@billTalk7,cp1252,Ah[.]\c\h08ó If only we could reach that\ncomputer..!\pCome on[.]\c\h08ó\nDo something!,,à_traduire,
e93dbade5bff,scripts/pokemon league/hall of fame room/final level script.rbc,1504,@missingnoText,cp1252,[.]\c\h08ó\c\h08óhuh?\p[.]MissingNo. is shaking inside its\nPoké Ball!,,à_traduire,
de67ae400331,scripts/pokemon league/hall of fame room/final level script.rbc,1507,@oakTalk55,cp1252,"Oak: My God[.]\c\h08ó\nIt's still around, is it..?\p""The Catastrophe""[.]\c\h08ó\nWhat a marvelous sight[.]",,à_traduire,
59d915d41893,scripts/pokemon league/hall of fame room/final level script.rbc,1510,@oakTalk56,cp1252,It's corrupting everything[.]\c\h08ó\nEvery record[.]\pWhat a creature[.]\c\h08ó\nHahahaha!,,à_traduire,
6e03152fa105,scripts/pokemon league/hall of fame room/final level script.rbc,1513,@oakTalk57,cp1252,"Oak: Oh, wait till you speak to my\nlawyers, you imbeciles[.]",,à_traduire,
78655f90fffc,scripts/pokemon league/hall of fame room/final level script.rbc,1516,@lanceTalk9,cp1252,"Lance: And grab this pink-haired\nRocket as well!\pIt's about time he answered for\nhis crimes, and the evils of that\lrotten organization!",,à_traduire,
2984654671fb,scripts/pokemon league/hall of fame room/final level script.rbc,1519,@ronnieTalk,cp1252,Ronnie: No!\p[player] was the one who stopped\nOak-- he doesn't deserve this!,,à_traduire,
1cde80935ccb,scripts/pokemon league/hall of fame room/final level script.rbc,1522,@lanceTalk10,cp1252,Lance: Silence!\pThere's been enough meddling with\nthe law today already.\pI will not have any more criminals\nrunning free!,,à_traduire,
be15dc2f4129,scripts/pokemon league/hall of fame room/final level script.rbc,1525,@oakTalk58,cp1252,"Oak: Hey, Rocket[.]\pWelcome to the world of Pokémon!\c\h08ó\nHahaha[.]",,à_traduire,
02aa0e6b19b2,scripts/pokemon league/lance (tile script).rbc,73,@talk,cp1252,Lance: Gah!\c\h08ó You again!\c\h08ó\nI won't stand for this meddling!,,à_traduire,
b49b920b4dd5,scripts/pokemon league/lance (tile script).rbc,76,@talk2,cp1252,As if seeing that worm of a\nProfessor again wasn't enough[.]\pNow we're invaded by genuine\nterrorists..!,,à_traduire,
6635fa1544a7,scripts/pokemon league/lance (tile script).rbc,79,@talk3,cp1252,"If my Pokémon had any health left,\nI'd teach you a lesson, thug!\p[.]\pAnd were I still Champion, I'd\nhave you hanged!\p[.]\c\h08ó\n[.]and if[.]\c\h08ó if only..!",,à_traduire,
1709fa4f39db,scripts/pokemon league/lance (tile script).rbc,82,@talk4,cp1252,[.]\c\h08ó\nSigh[.]\pLook at me[.]\c\h08ó\nWhat in Giratina's name happened?\p[.]\pI don't know how I could have\nprepared for these super-kids[.],,à_traduire,
415f4d75f50a,scripts/pokemon league/lance (tile script).rbc,85,@talk5,cp1252,I suppose[.]\c\h08ó What difference does\nit make in the end[.]\pIf you're defeated by child X or\nchild Y?!\pAt what point is your dignity so\ncrushed that you just stop caring..?,,à_traduire,
53345ba890cd,scripts/pokemon league/lance (tile script).rbc,88,@talk6,cp1252,"Go on, then!\pLord knows you people aren't my\nresponsibility anymore.",,à_traduire,
30d5b7bc6c3d,scripts/pokemon league/lance.rbc,14,@talk,utf-8,"Go on, then!\pLord knows you people aren't my\nresponsibility anymore.",,à_traduire,
d4df0802b236,scripts/pokemon league/lorelei.rbc,40,@talk,cp1252,"Lorelei: Who are you, then?\c\h08ó\nFirst Oak, then Bill[.]\pNow this swanky fellow who looks\nhe might be Giovanni's nephew.\pThis is a big happy reunion,\nfinally?\pWell, what fitting timing.\c\h08ó\nAfter all these years[.]\pIt looks to me like Kanto is about\nto radically change again.",,à_traduire,
15c18cdff277,scripts/pokemon league/lorelei.rbc,43,@talk2,cp1252,"That child who just passed[.]\c\h08ó\nHe's something to be reckoned with.\pI was prepared for a challenge,\nnot a one-sided slaughter[.]\pCold and calculated[.]\c\h08ó\nNot a sign of emotion.\pCan't imagine the others will fare\nany better against him[.]",,à_traduire,
f29b63f91869,scripts/pokemon league/lorelei.rbc,46,@talk3,cp1252,"Well, what are you gawking at?\nRun along!\pI'm not going to humor you with\nany tricks now my Pokémon are\lknocked out.",,à_traduire,
42502c74a21d,scripts/pokesteal v2.rbc,12,@stealorno,cp1252,Steal a Pokémon from this Trainer?,,à_traduire,
0f55165d54ff,scripts/pokesteal v2.rbc,34,@stealwhich,cp1252,Steal which Pokémon?,,à_traduire,
8454030cffca,scripts/pokesteal v2.rbc,138,@stolentxt,cp1252,[player] stole [buffer2] from\n[buffer1] [buffer3]!,,à_traduire,
848b5bff44b7,scripts/pokesteal v2.rbc,142,@nicknameorno,cp1252,Would you like to give a nickname\nto the stolen [buffer2]?,,à_traduire,
76feca00fb59,scripts/pokesteal v2.rbc,178,@pcmsg,cp1252,[buffer2] was sent to Box [buffer3]\nin Bill's PC.,,à_traduire,
43a7e382ff8f,scripts/pokesteal v3.rbc,12,@stealorno,cp1252,Steal a Pokémon from this Trainer?,,à_traduire,
2e181d7b97aa,scripts/pokesteal v3.rbc,34,@stealwhich,cp1252,Steal which Pokémon?,,à_traduire,
ff6eebfe9a8f,scripts/pokesteal v3.rbc,123,@stolentxt,cp1252,[player] stole [buffer2] from\n[buffer1] [buffer3]!,,à_traduire,
b757218e0760,scripts/pokesteal v3.rbc,127,@nicknameorno,cp1252,Would you like to give a nickname\nto the stolen [buffer2]?,,à_traduire,
0d3e891f4b2b,scripts/pokesteal v3.rbc,163,@pcmsg,cp1252,[buffer2] was sent to Box [buffer3]\nin Bill's PC.,,à_traduire,
1d4e112b22e7,scripts/pokesteal.rbc,11,@stealorno,cp1252,Steal a Pokémon from this Trainer?,,à_traduire,
cf05d192c3d2,scripts/pokesteal.rbc,31,@stealwhich,cp1252,Steal which Pokémon?,,à_traduire,
87c419b98602,scripts/pokesteal.rbc,132,@stolentxt,cp1252,[player] stole [buffer2] from\n[buffer1] [buffer3]!,,à_traduire,
0e859ee83e8f,scripts/pokesteal.rbc,136,@nicknameorno,cp1252,Would you like to give a nickname\nto the stolen [buffer2]?,,à_traduire,
7423b0c67b08,scripts/pokesteal.rbc,168,@pcmsg,cp1252,[buffer2] was sent to Box [buffer3]\nin Bill's PC.,,à_traduire,
587279d7b904,scripts/pokémon league copy/lance+blue level script.rbc,123,@champTalk1,cp1252,Lance: Er-hem!,,à_traduire,
ce91144387e0,scripts/pokémon league copy/lance+blue level script.rbc,126,@champTalk2,cp1252,"It has come to my attention that\nthe Kanto region has recently been\lthe victim of several acts of\lorganized crime at the hands of\lthis ""Team Rocket"".",,à_traduire,
d4895991f27c,scripts/pokémon league copy/lance+blue level script.rbc,138,@champTalk3,cp1252,"I am also led to believe that this\norganization has perpetrated a\lnumber of lesser crimes, primarily\laround the Celadon area, but that\lthe local police force has had a\ltendency to turn a blind eye to\lthese misdemeanors.",,à_traduire,
ecf6f6543d5c,scripts/pokémon league copy/lance+blue level script.rbc,153,@champTalk4,cp1252,"With this burglary, as well as\nwith recent reports of similar\lmischievous behavior on Mt. Moon\land at the Pokémon Tower in\lLavender, the Rockets have proven\lthemselves to pose a genuine\lthreat to regional security.",,à_traduire,
e3a5e4c32eba,scripts/pokémon league copy/lance+blue level script.rbc,165,@champTalk5,cp1252,"All of this is, of course,\n\c\h08ócompletely unacceptable.",,à_traduire,
65b9da655aa3,scripts/pokémon league copy/lance+blue level script.rbc,178,@champTalk6,cp1252,I have therefore decided to\ninitiate a new program to combat\lorganized crime.\pWe will bring the Rockets to\njustice!,,à_traduire,
a4ee376bc54c,scripts/pokémon league copy/lance+blue level script.rbc,181,@champTalk7,cp1252,"We are stationing federal police\nagents in every major city across\lthe region.\pThese specially trained, morally\nimpervious forces will actively\lcombat larger criminal operations,\land will provide victims of crimes\lwith a safe avenue in which to\lreport their perpetrators.",,à_traduire,
17cb174205ea,scripts/pokémon league copy/lance+blue level script.rbc,185,@champTalk8,cp1252,"Furthermore[.]\pAs of today, each and every\nidentified member of Team Rocket\lis a wanted criminal!\pFor every Pokémon reported stolen\nby each member, the bounty on his\lor her head will increase.",,à_traduire,
e90afa641ae1,scripts/pokémon league copy/lance+blue level script.rbc,194,@champTalk9,cp1252,"These public bounties should help\nraise awareness among the citizens\lof Kanto about the region's most\lnotorious criminals.\pIn addition to informing\nauthorities of their whereabouts,\lcitizens are advised to stay away\lfrom, and especially to avoid\lassisting in any way, these\lindividuals!\pBusinesses such as Poké Marts are\nalso encouraged to deny service to\lwanted criminals in order to\lprevent undue damage to their\lreputation.",,à_traduire,
1485d8f7feb6,scripts/pokémon league copy/lance+blue level script.rbc,197,@champTalk10,cp1252,"Of course, we want equally to\nencourage criminals who choose to\lrenounce their past evildoings and\lbecome law-abiding citizens again.",,à_traduire,
fc3be4b3bc2e,scripts/pokémon league copy/lance+blue level script.rbc,209,@champTalk11,cp1252,"That is why any Rocket who chooses\nto hand back a stolen Pokémon to a\llocal police officer will have the\lbounty on his head reduced in\lproportion to the strength of the\lreturned Pokémon.\pAdditionally, police officers will\nhand out rewards to former\lcriminals who have kept a record\lof good behavior over longer\lperiods.",,à_traduire,
42a156db7095,scripts/pokémon league copy/lance+blue level script.rbc,225,@champTalk12,cp1252,"With these measures, we move\nconfidently in the direction of a\lcrime-free Kanto.\pNo lowly thugs should ever be\nallowed to threaten the security\lor the well-being of this proud\lregion!",,à_traduire,
b025fefbe365,scripts/pokémon league copy/lance+blue level script.rbc,228,@champTalk13,cp1252,Lance: [.]\c\h08ó\nThat is all.,,à_traduire,
153f73ff2e49,scripts/pokémon league copy/lance+blue level script.rbc,348,@blueTalk,cp1252,"Blue: Hey, everyone!\nNice to meet you!\pI'm Blue from Pallet Town, and[.]\c\h08ó\nI'm the Pokémon Champion!\pI'm the strongest Trainer in Kanto!\nAnd Johto too besides!\pThe best there is!\c\h08ó\nThat's me! Haha!",,à_traduire,
51c879043b19,scripts/pokémon league copy/lance+blue level script.rbc,351,@blueTalk2,cp1252,It's been my dream for a long time[.]\c\h08ó\nAnd it's taken a lot of work[.]\pBut now I'm finally here.\c\h08ó\nHa! Am I great or what?,,à_traduire,
52b5c7e37a33,scripts/pokémon league copy/lance+blue level script.rbc,354,@interview1,cp1252,"Interviewer: What are some of the\nchanges we can expect under your\lnew government, Mr. Blue?",,à_traduire,
9fd2f21657f9,scripts/pokémon league copy/lance+blue level script.rbc,357,@blueTalk3,cp1252,"Blue: Oh, lots of good stuff, of\ncourse!\pWe're going to work to[.]\c\h08ó um[.]\c\h08ó\nLet everyone ride bikes indoors!\pYeah! I think that would be a\ngreat change!",,à_traduire,
a58e82fbaa5c,scripts/pokémon league copy/lance+blue level script.rbc,360,@interview2,cp1252,"Interviewer: And can we expect the\nunilateral trade agreement with\lHoenn to be upheld under you, sir?",,à_traduire,
584806145f51,scripts/pokémon league copy/lance+blue level script.rbc,363,@blueTalk4,cp1252,"Blue: Er[.]\c\h08ó Yes.\c\h08ó\nFor sure.\pLook, we'll figure that out[.]\nNobody has to worry!\pNow that I'm Champion there's\ngoing to be nothing but peace and\lhappiness for everyone!\pDon't you doubt it!",,à_traduire,
60cb2427fef6,scripts/pokémon league copy/lance+blue level script.rbc,366,@interview3,cp1252,"Interviewer: Blue, sir!\pThere are rumors that another\nTrainer from your hometown has\ldefeated the Kanto Gym Leaders and\lintends to challenge you next!\pCan you comment on this?\nAre you concerned about him?",,à_traduire,
8771900d6ada,scripts/pokémon league copy/lance+blue level script.rbc,369,@blueTalk5,cp1252,"Blue: Hah!\c\h08ó\nYeah, I know that stupid stinker[.]\pHe's got no chance[.]\c\h08ó\nSo let him come!\pI'll wipe the floor with that loser\nand we'll forget all about him.\pJust you wait and see..!",,à_traduire,
9aca13c37766,scripts/pokémon league copy/lance+blue level script.rbc,372,@blueTalk6,cp1252,"Anyway, folks[.]\c\h08ó\nYou're too kind, but duty calls!\pBeing Champion is hard work!\c\h08ó\nSmell ya later!",,à_traduire,
f167f951a352,scripts/pokémon league copy/oak (flashback) level script.rbc,140,@bossTalk2,cp1252,The minds of the brightest\nscientists in the nation.,,à_traduire,
5be26adb0c7b,scripts/pokémon league copy/oak (flashback) level script.rbc,143,@bossTalk3,cp1252,"Ever since the start of the war,\nOak had been leading a number of\lsecret initiatives to capture and\lharness the power of one Pokémon[.]",,à_traduire,
0eabb51fee26,scripts/pokémon league copy/oak (flashback) level script.rbc,146,@bossTalk4,cp1252,Once word got back that Dr. Fuji\nhad at last caught hold of Mew[.]\pWe knew there was no chance\nthe public could know.,,à_traduire,
25bb0f2ab7ed,scripts/pokémon league copy/oak (flashback) level script.rbc,150,@bossTalk5,cp1252,It was to be the region's best\nkept secret.\pAnd our only chance of winning.,,à_traduire,
22266fb92299,scripts/pokémon league copy/oak (flashback) level script.rbc,154,@bossTalk6,cp1252,Oak announced Kanto's surrender to\nLance and Johto[.]\c\h08ó ending the war.,,à_traduire,
7ec7b43f5419,scripts/pokémon league copy/oak (flashback) level script.rbc,158,@bossTalk7,cp1252,Fuji was the first to throw in the\ntowel.,,à_traduire,
50da9b1fdaeb,scripts/pokémon league copy/oak (flashback) level script.rbc,163,@bossTalk8,cp1252,"The old coward openly pledged his\nallegiance to Lance, accepting\lany terms they gave him.",,à_traduire,
f87239da7523,scripts/pokémon league copy/oak (flashback) level script.rbc,166,@bossTalk9,cp1252,But they eventually followed suit.,,à_traduire,
ccef9da69c5c,scripts/pokémon league copy/oak (flashback) level script.rbc,170,@bossTalk10,cp1252,"Well, Lance stripped me of my\nElite Four position right quick.",,à_traduire,
0e77086c757f,scripts/pokémon league copy/oak (flashback) level script.rbc,175,@bossTalk11,cp1252,"And Oak, the bastard traitor[.]\c\h08ó\nLeft me to fend for myself[.]\pAs if I hadn't invested my heart\nand soul-- let alone my personal\lfortune[.]\pTo defend a home now taken over by\nforeign aggressors.",,à_traduire,
f80a4575cd5f,scripts/pokémon league copy/transitional level script (outside).rbc,46,@talk,utf-8,"Announcer: In light of this and\nother reported crimes by this\lcriminal organization, we reached\lout to Champion Lance for comment.",,à_traduire,
5b805c69c483,scripts/pokémon league copy/transitional level script (outside).rbc,49,@bossTalk,utf-8,Kanto's war effort was going\nbadly.\pIt was clear that we could not win\nby force alone.,,à_traduire,
1489c7dada04,scripts/pokémon league copy/transitional level script (outside).rbc,52,@bossTalk2,utf-8,I knew it wasn't right; I knew\nthat I-- that Kanto at large[.]\pHad been cheated of a battle we\ncould've won.,,à_traduire,
34b5da948469,scripts/pokémon league copy/transitional level script (outside).rbc,55,@bossTalk3,utf-8,And I vowed then that if Lance\ncould not be taken down through\llegitimate means[.],,à_traduire,
f852b793aea7,scripts/pokémon mansion/Oak letter.rbc,8,@text,cp1252,"Dear Blaine,\c\h08ó\nYou've positively shocked me.\pBecause of our meaningful past\ntogether, I want least of all to\lmake accusations against you,\lbut you leave me little choice.\pMy recent investigations have led\nme to conclude that you are in\lfact working with Team Rocket.\pI'm disappointed in you, but as\nyour friend, I see no need to\ltaint your near-flawless Gym\lLeader and scientific reputations\lover such a minor slip-up.\pAt least[.]\pI certainly hope you should give\nme no reason to spread my\ldiscovery further?\pI suggest we meet at your earliest\nconvenience to ensure it does not\lcome to that.\pRegards,\c\h08ó\nProf. Oak",,à_traduire,
3616d05e66a6,scripts/pokémon mansion/Secret Key.rbc,8,@text,utf-8,It's the Secret Key that opens\nBlaine's Gym.,,à_traduire,
1c1c83858ba9,scripts/pokémon mansion/blaine confrontation vX.rbc,19,@intro,utf-8,"Blaine: Argh!\pSo you've come for me at last,\nhave you? Giovanni's pet.",,à_traduire,
b9e333482808,scripts/pokémon mansion/blaine confrontation.rbc,126,@intro,cp1252,"Blaine: Argh!\pSo you've come for me at last,\nhave you? Giovanni's pet.",,à_traduire,
b6737f2c2842,scripts/pokémon mansion/blaine confrontation.rbc,129,@talk,cp1252,"It was only a matter of time.\nBrace yourself, kid!\pI never wanted this mess, do you\nhear me? I regret everything!",,à_traduire,
747509ab0065,scripts/pokémon mansion/blaine confrontation.rbc,132,@defeatText,cp1252,Please[.]\nTry to understand..!,,à_traduire,
771bbd0df1c8,scripts/pokémon mansion/blaine confrontation.rbc,135,@talk2,cp1252,"Blaine: All right, all right!\nHave it your way, Rocket!\p[.]\pHe just can't seem to get it, that\nGiovanni[.]",,à_traduire,
5408c235c0a4,scripts/pokémon mansion/blaine confrontation.rbc,139,@talk3,cp1252,"I[.]\c\h08ó I believe in Team Rocket's\ncause as much anyone, but[.]\pI'm a Gym Leader, and an\nacademic; not a petty criminal!\pWe can't all sacrifice all we\nare for his pretentious ideals\lof revenge, can we?",,à_traduire,
43afed69a749,scripts/pokémon mansion/blaine confrontation.rbc,145,@talk4,cp1252,And now[.]\c\h08ó Oak's going to publicly\nshame me if I keep doing work for\lTeam Rocket[.]\pMeanwhile Giovanni's going to beat\nme up if I don't!\pIt's a mess!,,à_traduire,
6bc818d73495,scripts/pokémon mansion/blaine confrontation.rbc,150,@talk5,cp1252,"[.]\c\h08ó\nWell, well[.]\pI guess you've showed me that\nGiovanni for his part is serious\lin his threats[.]\p[.]",,à_traduire,
a391ede581ca,scripts/pokémon mansion/blaine confrontation.rbc,155,@talk6,cp1252,"Look, Rocket[.]\pI'll do anything if you get your\nboss to give me a second chance.\pI--\c\h08ó I'll tell you anything you\nwant to know!",,à_traduire,
ae1f8dcf10e4,scripts/pokémon mansion/blaine confrontation.rbc,159,@talk7,cp1252,"Did Giovanni tell you about the\nwork we did in this very mansion\leleven years ago?\p[.]\c\h08ó\nHe did, did he?\pWell, I'll tell you something he\nsure as hell didn't!",,à_traduire,
bd0c8b4d5c30,scripts/pokémon mansion/blaine confrontation.rbc,163,@talk8,cp1252,"I happen to know that Oak lost his\nfaith in the Mewtwo Project long\lbefore he stood at the Plateau and\lrenounced his power.\pAlthough the project was strictly\nhis idea, once he saw that thing[.]\p""The Catastrophe""[.]\c\h08ó he didn't\nbelieve a genetically engineered\lPokémon could ever win us the war.",,à_traduire,
600c1c47aad2,scripts/pokémon mansion/blaine confrontation.rbc,167,@talk9,cp1252,And do you know how I know all\nthis?\c\h08ó Because he told me!,,à_traduire,
345a5b6a7947,scripts/pokémon mansion/blaine confrontation.rbc,171,@talk9.5,cp1252,"Shortly after ""The Catastrophe"",\nOak approached me to ask for help.\pHe told me about a brand new\nscientific project that he said\lwould have the potential to[.]\p""Make the two of us far more\npowerful than any Mewtwo ever\lcould[.]""",,à_traduire,
332667ade46d,scripts/pokémon mansion/blaine confrontation.rbc,175,@talk10,cp1252,"He said he had begun work on it in\na separate secret lab of his, but\lthat he needed my assistance to\lsee it through to completion.",,à_traduire,
d61fecf1abc0,scripts/pokémon mansion/blaine confrontation.rbc,179,@talk11,cp1252,"But at that point I felt things\nwere finally looking up with the\lMewtwo Project[.]\pI didn't want to divert my focus,\nand it seemed so out of the blue[.]\lso I turned him down.\pHa!\c\h08ó Well, we both know what all my\nfocused effort came to in the end!",,à_traduire,
c198cb4421b6,scripts/pokémon mansion/blaine confrontation.rbc,183,@talk12,cp1252,"[.]\c\h08ó\nA ""secret lab""[.]\pOh, he's a shady guy, that Oak[.]\pEven disregarding his abominable\nsurrender[.]",,à_traduire,
7107f13c71ef,scripts/pokémon mansion/blaine confrontation.rbc,188,@talk13,cp1252,"Listen.\pIf you can convince your boss I\nmean it, tell him I'll do whatever\lhe wants me to.\pI'll even make his precious\nPorygon again if he needs it.",,à_traduire,
ff51e0584480,scripts/pokémon mansion/blaine confrontation.rbc,192,@talk14,cp1252,"Now, if Oak wants to rat me out,\nwell then[.]\pHalf this region's Leaders are in\ncahoots with you guys already[.]\pI'll[.]\c\h08ó take one for the team, I\nsuppose.\p[.]\c\h08ó\n(Sigh[.])",,à_traduire,
6fc8025fc243,scripts/pokémon mansion/blaine confrontation.rbc,196,@talk15,cp1252,I guess some extra precautions\ncouldn't hurt[.],,à_traduire,
6964996f43f1,scripts/pokémon mansion/blaine confrontation.rbc,200,@talk16,cp1252,"Leave that Key there, if you\nwould.\pI don't want any weakling Trainers\nchallenging my Gym during times\llike these[.]",,à_traduire,
071e22eb584b,scripts/pokémon mansion/blaine confrontation.rbc,204,@talk17,cp1252,"Now leave me to it, Rocket.\c\h08ó\nYour boss gets his way today.",,à_traduire,
b596b4610fd7,scripts/pokémon mansion/trainers/burglar 1 (from entrance).rbc,10,@postBattle,utf-8,And here I always thought Rockets\nwere much too high-brow criminals\lto hang out in places like this[.],,à_traduire,
b5e40132031b,scripts/pokémon mansion/trainers/burglar 2.rbc,10,@challenge,utf-8,"You're looking for Leader Blaine,\nare you?\pChill out, Rocket[.]\nLoot some valuables with me!",,à_traduire,
c43cb848e54a,scripts/pokémon mansion/trainers/burglar 2.rbc,13,@postBattle,utf-8,All you organized criminals are so\nuptight. Gotta have a little fun.,,à_traduire,
48919677462d,scripts/pokémon mansion/trainers/burglar 3.rbc,10,@postBattle,utf-8,I thought I saw that bald Gym\nLeader guy go in here earlier[.],,à_traduire,
05481ed38c67,scripts/pokémon mansion/trainers/scientist 1 (from entrance).rbc,10,@postBattle,utf-8,"You came here on a looting raid\ntoo, didn't you, Rocket?",,à_traduire,
2ee3d2ff3597,scripts/pokémon mansion/trainers/scientist 2.rbc,10,@challenge,cp1252,My mentor once lived here.\pNow he moved to Lavender to care\nfor orphaned Pokémon.\lTalk about a waste!,,à_traduire,
bad810865bf2,scripts/pokémon mansion/trainers/scientist 2.rbc,13,@postBattle,cp1252,"So, you're stuck?\nTry jumping off over there!\pEither that, or jump off a bridge.\pFor thugs like you[.] I'm\nindifferent to which you choose.",,à_traduire,
1f64ab0bf6c6,scripts/pokémon mansion/trainers/scientist 3.rbc,10,@challenge,utf-8,I thought I heard an old voice\ngroaning in frustration in the\lother room!,,à_traduire,
276b5e7fd6a1,scripts/pokémon mansion/trainers/scientist 3.rbc,13,@postBattle,utf-8,"Nah, it couldn't have been Gym\nLeader Blaine..?\pHe would never frequent a place\nlike this nowadays[.]",,à_traduire,
b56f9946e926,scripts/pokémon mansion/trainers/youngster.rbc,10,@defeat,utf-8,It was worse!,,à_traduire,
698551d03e57,scripts/pokémon mansion/trainers/youngster.rbc,14,@postBattle,utf-8,I think I'd almost rather see a\nghost than a thief like you!,,à_traduire,
5dcac6570053,scripts/rock tunnel/hiker (bottom floor).rbc,4,@after,cp1252,"I'll raise my Pokémon to beat\nyours, Rocket!",,à_traduire,
85e1f98c4a5f,scripts/rock tunnel/hiker (top floor).rbc,4,@after,utf-8,"This tunnel goes a long way, thug!",,à_traduire,
8b630c898316,scripts/rock tunnel/picnicker (top floor).rbc,10,@challenge,cp1252,"Do you know how you can avoid\ngetting lost in the mountains?\pI don't know, but remembering\nwhich way you were going before a\lwild Pokémon jumps at you helps!",,à_traduire,
1b51e7a923d0,scripts/rock tunnel/picnicker no2 (1.81).rbc,10,@after,utf-8,"Listen, I'm underage. We're not\ngonna take this joke further[.]",,à_traduire,
4842f86b06a8,scripts/rock tunnel/scientist (bottom floor).rbc,5,@after,cp1252,"Pokémon cosplay works well if\nyou're a hot girl.\pOtherwise you risk looking like a\ntotal weirdo.\pThat can be good fun too, of\ncourse.",,à_traduire,
01a642413be4,scripts/rock tunnel/scientist (top floor).rbc,9,@challenge,utf-8,"Dude, are you, like, a Rocket?",,à_traduire,
9d9803e647c7,scripts/rock tunnel/scientist (top floor).rbc,12,@defeat,utf-8,"That's like totally bad, man.",,à_traduire,
3d930ddfdf9c,scripts/rock tunnel/scientist (top floor).rbc,15,@after,utf-8,"Like Power Glove bad, you know\nwhat I'm saying?",,à_traduire,
862a95d14f53,scripts/rocket hq/DEBUG floor check.rbc,37,@zero,utf-8,We are on floor 0,,à_traduire,
519aef04ceb1,scripts/rocket hq/DEBUG floor check.rbc,40,@one,utf-8,We are on floor 1,,à_traduire,
92274a92a528,scripts/rocket hq/DEBUG floor check.rbc,43,@two,utf-8,We are on floor 2,,à_traduire,
e25610301f38,scripts/rocket hq/DEBUG floor check.rbc,46,@three,utf-8,We are on floor 3,,à_traduire,
62e24756e12e,scripts/rocket hq/DEBUG floor check.rbc,49,@sevenF,utf-8,We are on floor 7F\nOH BOI,,à_traduire,
8224e62106c4,scripts/rocket hq/boss floor/Ariana.rbc,36,@talk,utf-8,"Ariana: Yes, grunt?\nDo I look like Bill to you?",,à_traduire,
06be2ab0f77e,scripts/rocket hq/boss floor/Ariana.rbc,39,@talk2,utf-8,"Ariana: Yes, grunt?\nDid you want something?",,à_traduire,
63f01f7ee9a2,scripts/rocket hq/boss floor/Ariana.rbc,42,@talk3,utf-8,"Ariana: Hope you're not all\nspineless, grunt. Haha.\pUs Rockets aren't too popular in\nLavender.",,à_traduire,
06bff5c448e2,scripts/rocket hq/boss floor/Ariana.rbc,45,@talk4,utf-8,Ariana: It's a complete disaster[.],,à_traduire,
f8415e6928a8,scripts/rocket hq/boss floor/Giovanni flashback starter.rbc,14,@talk,utf-8,It was eleven years ago[.],,à_traduire,
b88c81d51147,scripts/rocket hq/boss floor/Grunt 2.rbc,11,@talk,utf-8,Down with Lance!\pWe will not stand by and let that\nJohtoanean tyrant bring our\lglorious region to ruin!,,à_traduire,
d34f53653541,scripts/rocket hq/boss floor/Grunt 3.rbc,11,@talk,utf-8,My friend here is a little\nintense. I'm just in it for kicks.,,à_traduire,
527b20d95711,scripts/rocket hq/boss floor/Grunt 4.rbc,11,@talk,utf-8,"Did you meet Ariana yet?\pShe's the Executive who hangs\naround Boss's office all the time.\pRumor has it she and him had a\nbaby a few years back, but I don't\lknow what to believe.\pAnyway[.] you didn't hear it from\nme!",,à_traduire,
04a41dfa1c52,scripts/rocket hq/boss floor/Scientist 2.rbc,12,@talk,utf-8,"Working next to Boss makes me feel\nkind of powerful.\pNot sure if anybody else can sense\nit, though[.]",,à_traduire,
2b956c856a26,scripts/rocket hq/boss floor/Scientist.rbc,11,@talk,utf-8,"Do I look important to you?\nI'm not, really.\pI basically just sit around here\nall day looking at Internet\lforums.\pI just come in in the mornings and\nleave when they tell me.\pThe pay is pretty crap, though.",,à_traduire,
65b7ba6870f7,scripts/rocket hq/boss floor/archer.rbc,12,@talk,utf-8,"Archer: Yeah, that Fuji turned out\nuseful in the end.\pThe less enjoyable part of that\nmission was how that Red kid came\lup and knocked out my whole squad!\pI thought reports about him were\njust exaggeration, but no[.]\pHe's a force to be reckoned with[.]",,à_traduire,
b22c1ef4d58b,scripts/rocket hq/boss floor/giovanni post-mt moon v2.rbc,13,@bosstalk1,utf-8,"Giovanni: [player], I presume?\pYeah, just come on up here by the\ndesk.",,à_traduire,
4256acfdbc26,scripts/rocket hq/boss floor/giovanni post-mt moon.rbc,249,@bosstalk1,cp1252,"Giovanni: [player], I presume?\pYeah, just come on up here by the\ndesk.",,à_traduire,
923ed799a7d9,scripts/rocket hq/boss floor/giovanni post-mt moon.rbc,262,@bosstalk2,cp1252,"Now, then.\nLet's not waste any time.",,à_traduire,
9aa45f9cf1b8,scripts/rocket hq/boss floor/giovanni post-mt moon.rbc,272,@bosstalk3,cp1252,I heard from Petrel that the\nfossil excavation mission at Mt.\lMoon was wrecked by the workings\lof two little kid Trainers.,,à_traduire,
34f1ff90d8df,scripts/rocket hq/boss floor/giovanni post-mt moon.rbc,287,@bosstalk4,cp1252,"Now, between the fact that Petrel\nis the weakest of my sorry bunch\lof Rocket admins and that the\lmission team consisted of complete\land utter rookie grunts[.]",,à_traduire,
ae80ec861da8,scripts/rocket hq/boss floor/giovanni post-mt moon.rbc,291,@bosstalk5,cp1252,It still boggles my mind to the\ncore how in the deepest depths of\lGiratina's hell a pair of pre-teen\ltwats could beat up an entire\lsquad of full-grown men and run\laway with the spoils right in\lfront of their GOD DAMN EYES!,,à_traduire,
eef92234c600,scripts/rocket hq/boss floor/giovanni post-mt moon.rbc,294,@bosstalk6,cp1252,"I mean, for crying out loud,\nAriana: little kids!\pHow freaking absurd is this?",,à_traduire,
0d9ca5bc2c64,scripts/rocket hq/boss floor/giovanni post-mt moon.rbc,298,@aritalk,cp1252,"Ariana: It's very absurd,\nGiovanni.",,à_traduire,
bf4e4462e2e9,scripts/rocket hq/boss floor/giovanni post-mt moon.rbc,309,@bosstalk7,cp1252,Giovanni: [.]\c\h08ó\n(Sigh[.])\c\h08ó,,à_traduire,
d6c0020519f2,scripts/rocket hq/boss floor/giovanni post-mt moon.rbc,313,@bosstalk8,cp1252,"Now, having finished berating\nPetrel for his incompetence, he\ltells me that you were the grunt\lstanding guard by the fossils.\pHe said you fought the stronger of\nthe twerps, and that you maybe\leven fared better against him than\lany of the other asshats on your\lteam.",,à_traduire,
4b9ed9e0eb3c,scripts/rocket hq/boss floor/giovanni post-mt moon.rbc,324,@bosstalk9,cp1252,"This is why I've called you in\nhere.\pI want you to tell me everything\nyou know about this kid--\pEvery little detail, every little\nminutia you happened to glean from\lyour battle with him.\pI want to have this twerp\nthoroughly profiled so we can see\lto it that he'll never dare mess\lwith Team Rocket again!",,à_traduire,
a5f0d4bc2293,scripts/rocket hq/boss floor/giovanni post-mt moon.rbc,328,@bosstalk10,cp1252,Let's start with the basics[.],,à_traduire,
34cde8350578,scripts/rocket hq/boss floor/giovanni post-mt moon.rbc,331,@bosstalk11,cp1252,Giovanni: [.]\c\h08ó\nI see[.]\c\h08ó,,à_traduire,
c7b65984549f,scripts/rocket hq/boss floor/giovanni post-mt moon.rbc,340,@bosstalk12,cp1252,"(Red, eh?)\p[.]\c\h08ó\n(What a ridiculous name[.])",,à_traduire,
92788a40f380,scripts/rocket hq/boss floor/giovanni post-mt moon.rbc,354,@bosstalk13,cp1252,"(Charmeleon[.] and the other one\nrunning around with a Wartortle[.])\p(Why, those are warfare Pokémon\nfor Chrissakes-- what kids could\lhave access to those?)\p(And officially licensed Pokémon\nTrainers, no less[.])\p(Who could these kids' parents\nbe..?)",,à_traduire,
b38b690589e4,scripts/rocket hq/boss floor/giovanni post-mt moon.rbc,367,@bosstalk14,cp1252,"I have a bad feeling about these\ntwo--\c\h08ó this Red character\lespecially[.]\pWe'll have to keep our eyes open\nif he comes our way again, do you\lhear me?",,à_traduire,
3367031232a3,scripts/rocket hq/boss floor/giovanni post-mt moon.rbc,371,@bosstalk15,cp1252,(Whoever these rich kids are-- I\nswear[.])\p(They're a dangerous breed[.]),,à_traduire,
cc4f62d48b4d,scripts/rocket hq/boss floor/giovanni post-mt moon.rbc,383,@guardTalk,cp1252,"Boss, sir. Gym Leader Blaine is\nhere to speak with you.",,à_traduire,
72f960eabc03,scripts/rocket hq/boss floor/giovanni post-mt moon.rbc,387,@bosstalk16,cp1252,Giovanni: Send him in.,,à_traduire,
5ea5b227fbba,scripts/rocket hq/boss floor/giovanni post-mt moon.rbc,399,@bosstalk17,cp1252,"You may stay if you want, [player].\c\h08ó\nIn fact--\c\h08ó I'd like you to.",,à_traduire,
859fc65eb0ef,scripts/rocket hq/boss floor/giovanni post-mt moon.rbc,411,@bosstalk18,cp1252,"Giovanni: There you are, Blaine.\pRight here by the desk, if you'd\nplease. Move over, [player].",,à_traduire,
c758a24aee23,scripts/rocket hq/boss floor/giovanni post-mt moon.rbc,427,@blaitalk1,cp1252,"Blaine: You've probably already\nguessed why I'm here, Giovanni[.]\lAnd you're not gonna like it.",,à_traduire,
4e967196abe9,scripts/rocket hq/boss floor/giovanni post-mt moon.rbc,430,@bosstalk19,cp1252,"Giovanni: I have my suspicions,\nbut I want to hear it from your\lown little chicken mouth, all the\lsame.",,à_traduire,
ef196ccb3de1,scripts/rocket hq/boss floor/giovanni post-mt moon.rbc,434,@blaitalk2,cp1252,"Blaine: (Sigh[.])\c\h08ó\pI can't keep making any more\nPorygon for you.\pI'm really sorry about it,\nGiovanni, but I can't.",,à_traduire,
1f58cb1fa043,scripts/rocket hq/boss floor/giovanni post-mt moon.rbc,438,@bosstalk20,cp1252,"Giovanni: [.]\nYou're a filthy coward, Blaine.",,à_traduire,
b71a49eb7a62,scripts/rocket hq/boss floor/giovanni post-mt moon.rbc,442,@blaitalk3,cp1252,"Blaine: Listen, now!\pFuji knows all you guys have been\ndoing up in the Pokémon Tower, and\lhe's gone into a crazy fit over\lit!\pJust yesterday he sent an angry\nemail to all his old colleagues at\lthe Pokémon Lab, warning them\lthat, I quote:",,à_traduire,
f6a622e09b20,scripts/rocket hq/boss floor/giovanni post-mt moon.rbc,446,@blaitalk4,cp1252,"""Team Rocket is up to no good!\pThey've got spies all over, and\nthey're ruthless!\pBe on the lookout for any\nsuspicious activity!""",,à_traduire,
46dcc5d69b00,scripts/rocket hq/boss floor/giovanni post-mt moon.rbc,451,@blaitalk5,cp1252,"Blaine: You know as well as me,\nGiovanni, that the source code for\lPorygon is copyrighted by Silph\lCo.\pIf I'm caught making them in the\nLab, it's all over for me!",,à_traduire,
362cfedd3b8d,scripts/rocket hq/boss floor/giovanni post-mt moon.rbc,455,@blaitalk6,cp1252,"You know I'll always support what\nyou guys are doing here[.]\pBut I'm not gonna risk my position\nas a Gym Leader for Team Rocket,\lall right?\pI'll have to lay low for a while.",,à_traduire,
4b59c0471725,scripts/rocket hq/boss floor/giovanni post-mt moon.rbc,461,@bosstalk21,cp1252,"Giovanni: God damn you, Blaine[.]\pDo you even realize what a major\nsource of revenue Porygon is for\lour Game Corner?\pPlayers just won't want to gamble\nas much if they don't have the\lprospect of winning one dangled in\lfront of them.",,à_traduire,
f1916b561282,scripts/rocket hq/boss floor/giovanni post-mt moon.rbc,466,@bosstalk22,cp1252,"Christ.\pAnd where else do you suggest we\nget our Porygon supply-- at the\lPoké Mart?\pThere's only a handful of\nscientists in Kanto who'd be\lwilling or even able to make the\lthings, let alone help us\ldistribute them illegally.",,à_traduire,
4c6a44dc9655,scripts/rocket hq/boss floor/giovanni post-mt moon.rbc,470,@blaitalk7,cp1252,"Blaine: Maybe[.]\c\h08ó\nLook, it's been over a decade[.]\pI know you're not keen on the\nidea, but how about we see if\lmaybe Professor Oak would be\lwilling to hel--",,à_traduire,
7f34964ac329,scripts/rocket hq/boss floor/giovanni post-mt moon.rbc,474,@NO,cp1252,Giovanni: NO!,,à_traduire,
c932e830cd73,scripts/rocket hq/boss floor/giovanni post-mt moon.rbc,477,@bosstalk23,cp1252,I will never deal with that filthy\ntraitor. Never! Do you hear me?,,à_traduire,
1cd1ade37c56,scripts/rocket hq/boss floor/giovanni post-mt moon.rbc,480,@bosstalk23Extra,cp1252,"I want nothing to do with that\nspineless dimwit of a professor,\land you should know better than to\lsuggest it!",,à_traduire,
f972cf3bd2ba,scripts/rocket hq/boss floor/giovanni post-mt moon.rbc,484,@blaitalk8,cp1252,Blaine: All right.\nForget it.,,à_traduire,
15c152862eb3,scripts/rocket hq/boss floor/giovanni post-mt moon.rbc,488,@blaitalk9,cp1252,"Blaine: (sigh[.])\c\h08ó\nWell, then[.]\pI suggest you talk to Bill about\nit.\pHe's an unpredictable kid, but\nhe's smart, and I'll bet you\lanything he nicked himself a copy\lof the Porygon from me or Fuji\lback in the day.\pHe should be more than apt for the\njob.",,à_traduire,
cbf2bc2cab4c,scripts/rocket hq/boss floor/giovanni post-mt moon.rbc,493,@bosstalk24,cp1252,"Giovanni: Hmph.\pWell, I don't suppose we have much\nof a choice.\pBill has done a couple of smaller\ntech-related jobs for us in the\lpast, but he's a fickle kid, and I\ldon't like him.\pPlus, he always demands ridiculous\ncompensation for everything he\ldoes, the rascal.",,à_traduire,
62cacdaf08f6,scripts/rocket hq/boss floor/giovanni post-mt moon.rbc,497,@bosstalk25,cp1252,But[.] seeing as he's our only hope\nright now[.]\pI suppose he'll do.,,à_traduire,
ef3628956f40,scripts/rocket hq/boss floor/giovanni post-mt moon.rbc,501,@ellipses,cp1252,Giovanni: [.]\c\h08ó,,à_traduire,
f876351c3667,scripts/rocket hq/boss floor/giovanni post-mt moon.rbc,505,@bosstalk26,cp1252,"I'm letting you off the hook for\nnow, Blaine-- for old time's sake.\pBut if you hinder Team Rocket's\noperations again[.]\pWell[.]\c\h08ó you're not going to get a\nfavorable outcome.\pIs that clear?",,à_traduire,
d6d6f09cad5c,scripts/rocket hq/boss floor/giovanni post-mt moon.rbc,509,@bosstalkExtra,cp1252,I expect you to be back making\nPorygon for us again once this\lwhole Fuji business blows over.,,à_traduire,
bb7db6d29a2b,scripts/rocket hq/boss floor/giovanni post-mt moon.rbc,512,@blaitalk10,cp1252,"Blaine: Yes, Giovanni.\c\h08ó\nThank you.",,à_traduire,
53c2de3092d4,scripts/rocket hq/boss floor/giovanni post-mt moon.rbc,515,@bosstalk27,cp1252,"Giovanni: [player], over here.\nI have a new mission for you.",,à_traduire,
b685adb92cd5,scripts/rocket hq/boss floor/giovanni post-mt moon.rbc,519,@bosstalk28,cp1252,"Here's what I want you to do now,\nlisten carefully:\pYou're going to go to Bill's\nhouse, just north of Cerulean.\pYou're going to offer him a job,\non behalf of Team Rocket, as a\ltemporary manufacturer of Porygon.\pIf he says no, tell him we'll make\nhim an offer he can't refuse.\pTell him he can name any price or\nservice he likes[.] within reason.",,à_traduire,
f93c20ce5152,scripts/rocket hq/boss floor/giovanni post-mt moon.rbc,523,@bosstalk29,cp1252,Another squad of grunts should be\nheaded for Cerulean on another\lmission right about now as well.\pI suggest you rendezvous with them\nin the secret Rocket base we've\lstationed just south of the city.\pThe Rocket admin there should be\nable to give you a few rare items\lto tempt Bill with as well.,,à_traduire,
b2caa8aee370,scripts/rocket hq/boss floor/giovanni post-mt moon.rbc,527,@bosstalk30,cp1252,"Is that clear?\c\h08ó\nWell, on with you, then!\pI'm counting on you, [player]!",,à_traduire,
85105e5dbb0c,scripts/rocket hq/boss floor/giovanni post-vermilion vX.rbc,26,@talk,utf-8,"Giovanni: Ah, if it isn't\n[player]. Well, come on up.",,à_traduire,
aa7ac46f0afb,scripts/rocket hq/boss floor/giovanni post-vermilion.rbc,109,@talk,cp1252,"Giovanni: Ah, if it isn't\n[player]. Well, come on up.",,à_traduire,
7640b90ec37d,scripts/rocket hq/boss floor/giovanni post-vermilion.rbc,117,@talk1.5,cp1252,I've heard you did well in your\nforays in Cerulean and Vermilion.\pWell done. If you keep up this\nperformance we'll have little\lchoice but to promote you before\llong.,,à_traduire,
bb46a08d5577,scripts/rocket hq/boss floor/giovanni post-vermilion.rbc,120,@talk2,cp1252,"Hm..?\p[.]\pMm-hm[.] So you're telling me this\nRed kid has already beaten two Gym\lLeaders and is heading for his\lthird.\pWell[.] we should keep half an eye\non his whereabouts, but we can\lhardly follow him around at all\lhours.",,à_traduire,
e63c68979451,scripts/rocket hq/boss floor/giovanni post-vermilion.rbc,124,@talk2.5,cp1252,"Besides, the fact that you managed\nto beat the other kid Trainer from\lMt. Moon shows that we've\lprobably largely overestimated\lthe threat these kids pose anyway.\pWith any luck their little bout\nwith Team Rocket will turn out to\lhave been nothing but a brief,\lone-off accident.",,à_traduire,
42ca8a1abd75,scripts/rocket hq/boss floor/giovanni post-vermilion.rbc,127,@talk2.75,cp1252,"Isn't that right, Ariana?",,à_traduire,
e3e07a3a5813,scripts/rocket hq/boss floor/giovanni post-vermilion.rbc,130,@ariTalk,cp1252,"Ariana: If you say so, Giovanni.",,à_traduire,
79f292513ebc,scripts/rocket hq/boss floor/giovanni post-vermilion.rbc,134,@talk3,cp1252,Giovanni: Be that as it may[.] we\nhave some more pressing matters to\lattend to right now-- listen up:\pApparently Mr. Fuji of Lavender\nTown has gotten so resentful of\lour exploits in the Pokémon Tower\lthat he has decided to take\lmatters into his own hands.,,à_traduire,
1574063122fe,scripts/rocket hq/boss floor/giovanni post-vermilion.rbc,150,@talk3.5,cp1252,"Fuji's no master Trainer, but he\nhas experience enough-- he has\lmanaged to knock out all of the\lgrunts we have stationed in\lLavender.\pHe has made his way up to the top\nof the Pokémon Tower and vows to\lstay there until ""the souls of the\lmurdered Pokémon have departed"" or\lsomething of the like.",,à_traduire,
fdb826d6e599,scripts/rocket hq/boss floor/giovanni post-vermilion.rbc,154,@talk4,cp1252,"Anyway, the bottom line is: The\nold man has cut off our supply of\lCubone skulls at a time when\ldemand is at an all-time high!\pWe need to have him thoroughly\ndetained and incapacitated, so\lhe'll learn to stay out of our way\lfor good!\pThis is where you come in,\n[player].",,à_traduire,
1cf2e43d2ef0,scripts/rocket hq/boss floor/giovanni post-vermilion.rbc,168,@talk5,cp1252,"Now, I would normally send one of\nmy admins on such a job, but most\lof them are off on other missions,\land the others[.]\pWell[.]\c\h08ó\I suspect they're a little\ntoo scared of ghosts to take the\linitiative.",,à_traduire,
313ff65580f0,scripts/rocket hq/boss floor/giovanni post-vermilion.rbc,171,@talk5.5,cp1252,"This is a prime opportunity for\nyou to prove your worth, [player].\pI hope I won't be disappointed.",,à_traduire,
008fece37904,scripts/rocket hq/boss floor/giovanni post-vermilion.rbc,184,@talk6,cp1252,"Lavender Town is east of here,\nthrough Saffron or the Underground\lPath.\pGet over there as soon as\npossible.",,à_traduire,
f7eb97680a37,scripts/rocket hq/boss floor/giovanni post-vermilion.rbc,197,@talk7,cp1252,You'll also want to carry one of\nthese lest you're really keen on\lbeing scared to death by Pokémon\lghosts.,,à_traduire,
97670210b128,scripts/rocket hq/boss floor/giovanni post-vermilion.rbc,200,@scopeGet,cp1252,[player] received the Silph Scope\nfrom Giovanni.,,à_traduire,
2f7119508eb8,scripts/rocket hq/boss floor/giovanni post-vermilion.rbc,204,@talk8,cp1252,"Well?\c\h08ó\Get going, [player]!\nNo use standing around.\pGo teach that Fuji a thing or two\nabout messing with Team Rocket!",,à_traduire,
fe7e0d97cdd2,scripts/rocket hq/boss floor/giovanni post-vermilion.rbc,350,@bossTalk,cp1252,"Giovanni: Ariana, it's[.]\pPositively the worst humiliation\nwe have ever been through.",,à_traduire,
94d557c07ff9,scripts/rocket hq/boss floor/giovanni post-vermilion.rbc,366,@bossTalk2,cp1252,"[.]\pIf Lance and the Elite Four had\nstormed in here and busted us out,\lI would have been furious[.]\pIf some petty small-time gang\ndecided to marshall all its\lresources for a successful strike\lagainst us, I would have taken it\las a slight upon my honor[.]",,à_traduire,
f4db55dea8ed,scripts/rocket hq/boss floor/giovanni post-vermilion.rbc,379,@bossTalk3,cp1252,"But this, Ariana!\c\h08ó What the devil\ncould have prepared me for this?\pA child!\c\h08ó I mean[.] what in Arceus's\nname am I to make of this?!",,à_traduire,
bc2b676005f1,scripts/rocket hq/boss floor/giovanni post-vermilion.rbc,383,@bossTalk4,cp1252,"The most prestigous, notorious\norganization in all of Kanto[.]\lbrought to its knees at the hands\lof some preadolescent twerp!\pI am disgusted, revulsed,\nashamed[.]\c\h08ó at our incompetence.",,à_traduire,
92a02bb209a5,scripts/rocket hq/boss floor/giovanni post-vermilion.rbc,397,@bossTalk5,cp1252,[.]\pI've been naive[.] underestimated\nthe kid[.] and look at him now!\pFour Badges and fully evolved\nPokémon in his arsenal[.],,à_traduire,
53696dd4e064,scripts/rocket hq/boss floor/giovanni post-vermilion.rbc,400,@bossTalk6,cp1252,"Who knows? Before we know it he'll\nhave earned the right to challenge\lViridian Gym, and will demand that\lits Leader show up and accept his\lchallenge[.]",,à_traduire,
e33686542b47,scripts/rocket hq/boss floor/giovanni post-vermilion.rbc,404,@bossTalk7,cp1252,"[.]\pNo, let's not get ahead of\nourselves.\pBut if it happens[.]\c\h08ó we will have\nto be ready, Ariana.",,à_traduire,
f187b8c39a55,scripts/rocket hq/boss floor/giovanni post-vermilion.rbc,407,@Atalk,cp1252,"Ariana: You know I'm always\nprepared for every eventuality,\lGiovanni.\pThere are those of us you can\ncount on to stand by your side\luntil the end and beyond[.]\lif need be.",,à_traduire,
6e52e674aaf2,scripts/rocket hq/boss floor/giovanni post-vermilion.rbc,411,@Atalk2,cp1252,"Which, à propos[.]\pIt would seem as if your favorite\nlittle grunt has graced us with\lhis presence.",,à_traduire,
c15c8502d78b,scripts/rocket hq/boss floor/giovanni post-vermilion.rbc,422,@bossTalk8,cp1252,Giovanni: [player]!\c\h08ó\nSo you've returned[.],,à_traduire,
e1ef0a95ce70,scripts/rocket hq/boss floor/giovanni post-vermilion.rbc,425,@bossTalk9,cp1252,"I'll be frank and tell you that\nFuji's antics are the least of my\lconcerns at the moment, but let's\lhear whatever you have to report\lanyway.\pQuickly, you hear?",,à_traduire,
c280851b7fcb,scripts/rocket hq/boss floor/giovanni post-vermilion.rbc,428,@bossTalk10,cp1252,[.]\pWhat's that?\c\h08ó\nThere's more?,,à_traduire,
c9d9e6de17eb,scripts/rocket hq/boss floor/giovanni post-vermilion.rbc,431,@bossTalk11,cp1252,[.]\pOh?\p[.]\c\h08ó\nOh!\c\h08ó Could it be..?,,à_traduire,
02920ef3c0d0,scripts/rocket hq/boss floor/giovanni post-vermilion.rbc,434,@bossTalk12,cp1252,"Well, fine-- you've piqued my\ninterest.\pTake it from the start, if you\nwould[.]",,à_traduire,
9e924ae006c2,scripts/rocket hq/boss floor/giovanni post-vermilion.rbc,446,@bossTalk13,cp1252,"Giovanni: [.]\c\h08ó\\n(A Pallet Town native, then?)\p(And licensed for Pokémon\ntraining by the chief traitor\lhimself[.])\p(Well, that explains how the kid\ngot ahold of that freak of a\lCharizard, at least[.])",,à_traduire,
5f66d9c9f25c,scripts/rocket hq/boss floor/giovanni post-vermilion.rbc,466,@bossTalk14,cp1252,"So Oak is looking for Fuji, is he?\pGod, what is he planning?!\c\h08ó\nDoes he know about us..?\pThis could be bad[.]\c\h08ó\nThis could be very bad indeed[.]",,à_traduire,
d70c7c11f532,scripts/rocket hq/boss floor/giovanni post-vermilion.rbc,469,@bossTalk15,cp1252,"[.]\c\h08ó\n(Sigh[.])\pI think, [player][.]\pI think it's about time you\nlearned the truth.",,à_traduire,
ae104af7ffcd,scripts/rocket hq/boss floor/giovanni post-vermilion.rbc,472,@bossTalk16,cp1252,"The things that happened in secret\nin that final year of the war[.]\pI never thought to tell it all to\na mere grunt, but[.]\pI believe you've proven yourself\nworthy of hearing it.\pAnd if you're going to work with\nme to set things straight, it's\lbest you had it clean from me.",,à_traduire,
017a2b75c55b,scripts/rocket hq/boss floor/giovanni post-vermilion.rbc,476,@bossTalk17,cp1252,I'm going to tell you everything.,,à_traduire,
75aacd56a6b5,scripts/rocket hq/boss floor/giovanni.rbc,60,@talk,utf-8,Giovanni: Come on now!\pGet on over to Bill's house north\nof Cerulean and don't come back\luntil you've made that dork take\lthe offer!,,à_traduire,
5eaa6f107968,scripts/rocket hq/boss floor/giovanni.rbc,63,@talk2,utf-8,"Giovanni: Get moving, [player]!\pHead on over to Lavender Town east\nof here and teach that Mr. Fuji a\llesson!",,à_traduire,
d2dcada585dc,scripts/rocket hq/boss floor/giovanni.rbc,66,@talk3,utf-8,"Giovanni: I'm very busy right now,\n[player].\pI'd rather you didn't disturb me,\nall right?",,à_traduire,
ed4abe9ef74d,scripts/rocket hq/boss floor/giovanni.rbc,69,@talk4,utf-8,"Giovanni: Onwards to Pallet Town,\n[player]! No loitering about!",,à_traduire,
5c8c20219c06,scripts/rocket hq/boss floor/giovanni.rbc,72,@talk5,utf-8,Giovanni: Head off to Cinnabar\nIsland and teach Blaine a thing or\ltwo about the consequences of\lbeing a coward!,,à_traduire,
04c0a680cbef,scripts/rocket hq/boss floor/giovanni.rbc,75,@talk6,utf-8,"Giovanni: This Silph Co. operation\nis of massive importance!\pThis is the time for you to really\nshow me that I've been right in\ltrusting you as I have, [player].",,à_traduire,
bda6e0a82d45,scripts/rocket hq/boss floor/guard 1.rbc,44,@talk1,utf-8,Boss is very busy right now.\pHe hasn't got time for grunts like\nyou.,,à_traduire,
c9edf0e48289,scripts/rocket hq/boss floor/guard 1.rbc,48,@talk2,utf-8,"Consider yourself lucky!\pIt's not every day he lets a grunt\nenter his office, you know.\pYou'd better not act stupid, now,\nyou hear?",,à_traduire,
82f6c2cd868a,scripts/rocket hq/boss floor/guard 1.rbc,51,@talk3,utf-8,"Don't go thinking you're special\nnow just because you get missions\lfrom Boss, all right?",,à_traduire,
7a0dd654b2a6,scripts/rocket hq/boss floor/guard 1.rbc,54,@talk4,utf-8,W-we failed Boss[.] we couldn't\nkeep the kid away from him[.],,à_traduire,
5de02cc8a01e,scripts/rocket hq/boss floor/guard 1.rbc,57,@talk5,utf-8,We will keep on guarding Boss's\noffice[.]\pThrough the good times and the\nbad!,,à_traduire,
bf1a756dfee3,scripts/rocket hq/boss floor/guard 2.rbc,44,@talk1,utf-8,Shoo!\pBoss has enough on his mind\nwithout little grunts like you\lcoming in and bothering him.,,à_traduire,
fcf1e4a238b0,scripts/rocket hq/boss floor/guard 2.rbc,48,@talk2,utf-8,"You be good now, grunt!\pIf we find out you've insulted\nBoss in any way, shape or form,\lwe'll have you kicked out of Team\lRocket before you can say\l""Rattata""!",,à_traduire,
3ae619ce1a00,scripts/rocket hq/boss floor/guard 2.rbc,51,@talk3,utf-8,"Hmph! Well, you better not\ndissapoint Boss now, you hear?",,à_traduire,
e2af6361c33a,scripts/rocket hq/boss floor/guard 2.rbc,55,@talk4,utf-8,He was just too strong[.]\pMaybe I'm not fit to guard Boss\nafter all[.],,à_traduire,
1d5aa320d1f4,scripts/rocket hq/boss floor/guard 2.rbc,59,@talk5,utf-8,Even though we sometimes fail in\nour guardkeeping[.]\pWe must press on! No little kids\ncan kill our motivation!,,à_traduire,
7a332da95817,scripts/rocket hq/boss floor/petrel.rbc,11,@talk,utf-8,"Petrel: Well! Looks like you've\nbeen busy since we last spoke, eh?\pExcited about the new mission?\nSure as hell I can get behind it.",,à_traduire,
9f16bf25a426,scripts/rocket hq/boss floor/post-flashback level script.rbc,136,@bossTalk,cp1252,"Giovanni: So now you see,\n[player][.]\pWhy recent developments have me\nvery concerned indeed[.]",,à_traduire,
319bdfd087af,scripts/rocket hq/boss floor/post-flashback level script.rbc,140,@bossTalk2,cp1252,"Ariana, darling.\pI need you to leave for Viridian.\nWe have no time to waste.\pWith this Red twerp running\naround, we can't leave the Gym\lunmanned.\pYou will guard it in my absence.",,à_traduire,
d45f86d55e04,scripts/rocket hq/boss floor/post-flashback level script.rbc,143,@arianaTalk,cp1252,"Ariana: [.]\c\h08ó\nIf that's what you want, Giovanni.\pBut[.]\c\h08ó He won't like it.\c\h08ó\nOur--\c\h08ó our[.] boy.",,à_traduire,
3b3a6c0454e5,scripts/rocket hq/boss floor/post-flashback level script.rbc,147,@bossTalk3,cp1252,Giovanni: Nonsense.\pMy son will come with you to\nViridian if need be. It will do\lhim good.,,à_traduire,
553c46f25800,scripts/rocket hq/boss floor/post-flashback level script.rbc,151,@arianaTalk2,cp1252,"Ariana: [.]\c\h08ó\nVery well, Giovanni.\pI'll be on my way.",,à_traduire,
e40a8bef6ccc,scripts/rocket hq/boss floor/post-flashback level script.rbc,155,@bossSigh,cp1252,Giovanni: [.]\c\h08ó\n(Sigh[.]),,à_traduire,
40066559d34c,scripts/rocket hq/boss floor/post-flashback level script.rbc,159,@bossTalk4,cp1252,"Listen, [player].\pOak must despise everyone who\nworked on the Mewtwo Project.\pIf all of a sudden he has business\nwith Fuji after all these years[.]\pIt can't be good news.",,à_traduire,
d1470c111287,scripts/rocket hq/boss floor/post-flashback level script.rbc,164,@bossTalk5,cp1252,I can't imagine he still believes\nhe can find some way to get at\lMewtwo after all these years[.]\pBut[.] supposing he did[.]\c\h08ó\nWe have to know.,,à_traduire,
f422578f3369,scripts/rocket hq/boss floor/post-flashback level script.rbc,167,@bossTalk6,cp1252,"That's why, [player], I want you to\ngo to Pallet Town yourself.\pConfront Oak in his lab and get to\nthe bottom of what he's up to.\pIf that means resorting to force[.]\c\h08ó\nthen so be it.\pThe old guy is banned from Pokémon\nbattle, so he's not likely to\lput up much of a fight anyway.",,à_traduire,
a62cc49f9aaa,scripts/rocket hq/boss floor/post-flashback level script.rbc,171,@bossTalk7,cp1252,"And, while you're there[.]\pDo see if you can gather any more\ninformation about this Red kid or\lhis family from the locals.\pAny key information-- any\nweaknesses of his that we can\lexploit[.] would be of great help.",,à_traduire,
89d45ba4cf1c,scripts/rocket hq/boss floor/post-flashback level script.rbc,175,@bossTalk8,cp1252,"All clear, [player]?\c\h08ó\nVery good.\p[.]\pJust[.]\c\h08ó one more thing before you go.",,à_traduire,
9ccc1728ebaa,scripts/rocket hq/boss floor/post-flashback level script.rbc,178,@promotionMsg,cp1252,\c\h17[player] was promoted to\c\h0BÇÀ\nRocket Admin!\c\h08\n\c\h08[Ke]\c\h18,,à_traduire,
728b46054223,scripts/rocket hq/boss floor/post-flashback level script.rbc,181,@bossTalk9,cp1252,"I'll say it was about time.\nYou've earned my trust, [player].",,à_traduire,
0c04dbb1f7ee,scripts/rocket hq/boss floor/post-flashback level script.rbc,184,@bossTalk10,cp1252,"With this rise in rank, I think\nyou'll have no trouble stealing\lPokémon from teenagers or women\lTrainers.\pYou'll also be obliged to carry\none of these.",,à_traduire,
1ddf2a9afc34,scripts/rocket hq/boss floor/post-flashback level script.rbc,187,@pagerMsg,cp1252,[player] received the Rocket Pager!,,à_traduire,
9d53dc98ede1,scripts/rocket hq/boss floor/post-flashback level script.rbc,190,@bossTalk11,cp1252,"This device will beep whenever I\nwant one or all of my Admins to\lreport back to HQ.\pWhenever it goes off, I expect you\nto be make your way here as soon\las you possibly can.",,à_traduire,
e43419076450,scripts/rocket hq/boss floor/post-flashback level script.rbc,193,@bossTalk12,cp1252,"That is all. You've shown a lot of\npromise, [player].\pThat's why I've chosen to invest\nin you like this.\pDo not let it go to waste.\nIs that understood?",,à_traduire,
fcfb24469982,scripts/rocket hq/boss floor/post-flashback level script.rbc,196,@bossTalk13,cp1252,"Now off with you, Admin!\nNo time to waste!",,à_traduire,
bc078c75942f,scripts/rocket hq/boss floor/post-pallet mission briefing v2 (right).rbc,49,@bossTalk,cp1252,Giovanni: You did what?!,,à_traduire,
cf62c78209c6,scripts/rocket hq/boss floor/post-pallet mission briefing v2 (right).rbc,52,@ronnieTalk,cp1252,"Ronnie: Well, Boss[.]\c\h08ó me and\n[player] are best buds, you know,\land I figured he'd use some help!",,à_traduire,
80226b635663,scripts/rocket hq/boss floor/post-pallet mission briefing v2 (right).rbc,56,@bossTalk2,cp1252,Giovannni: [.]\pThis girl was clearly connected to\nthese Red and Blue twerps.\pYet you not only interfere with\none of my Admins' investigation[.]\pBut proceed to openly reveal the\npurpose of his mission!\pHow could a dimwit like you pass\nthrough our initiation proce--,,à_traduire,
8cc3a21c102b,scripts/rocket hq/boss floor/post-pallet mission briefing v2 (right).rbc,59,@bossTalk3,cp1252,"Hang on[.]\pYou're that grunt who got the\npolice on our backs with the\lCerulean scandal, aren't you?\pIn Arceus's name[.]",,à_traduire,
ca7825340867,scripts/rocket hq/boss floor/post-pallet mission briefing v2 (right).rbc,63,@bossTalk4,cp1252,"Out of my sight, grunt!\pYou're damn lucky I don't let a\npack of wild Arcanine on you right\lthis second!\pScram!",,à_traduire,
0f507f4fdcb2,scripts/rocket hq/boss floor/post-pallet mission briefing v2 (right).rbc,68,@ronnieTalk2,cp1252,"Ronnie: Gee, [player].\c\h08ó\nBoss is real grumpy-like today.\pGuess I'll have to wait for him to\npromote me till he chills it[.]\pIf he'd only seen me at my best,\nthat'd show him something else!\p[.]\pWell, anyway[.] I got him all good\nand warmed up for you in there!\pHaha!\nCatch ya later, man.",,à_traduire,
7ea15ad70845,scripts/rocket hq/boss floor/post-pallet mission briefing.rbc,104,@bossTalk,cp1252,Giovanni: You did what?!,,à_traduire,
82e62b7543f7,scripts/rocket hq/boss floor/post-pallet mission briefing.rbc,107,@ronnieTalk,cp1252,"Ronnie: Well, Boss[.]\c\h08ó me and\n[player] are best buds, you know,\land I figured he'd use some help!",,à_traduire,
12cc406b77de,scripts/rocket hq/boss floor/post-pallet mission briefing.rbc,111,@bossTalk2,cp1252,Giovannni: [.]\pThis girl was clearly connected to\nthese Red and Blue twerps.\pYet you not only interfere with\none of my Admins' investigation[.]\pBut proceed to openly reveal the\npurpose of his mission!\pHow could a dimwit like you pass\nthrough our initiation proce--,,à_traduire,
d71836fcf55f,scripts/rocket hq/boss floor/post-pallet mission briefing.rbc,114,@bossTalk3,cp1252,"Hang on[.]\pYou're that grunt who got the\npolice on our backs with the\lCerulean scandal, aren't you?\pIn Arceus's name[.]",,à_traduire,
d5f06ed89d61,scripts/rocket hq/boss floor/post-pallet mission briefing.rbc,118,@bossTalk4,cp1252,"Out of my sight, grunt!\pYou're damn lucky I don't let a\npack of wild Arcanine on you right\lthis second!\pScram!",,à_traduire,
b24a36e75cfe,scripts/rocket hq/boss floor/post-pallet mission briefing.rbc,123,@ronnieTalk2,cp1252,"Ronnie: Gee, [player].\c\h08ó\nBoss is real grumpy-like today.\pGuess I'll have to wait for him to\npromote me till he chills it[.]\pIf he'd only seen me at my best,\nthat'd show him something else!\p[.]\pWell, anyway[.] I got him all good\nand warmed up for you in there!\pHaha!\nCatch ya later, man.",,à_traduire,
bbd6adb2cc0e,scripts/rocket hq/boss floor/post-pallet mission briefing.rbc,127,@bossTalk5,cp1252,"Giovanni: Well!\pI won't need a rundown of your\nmission, [player][.]\pYour friend here has told me more\nthan enough already.",,à_traduire,
265544438cdd,scripts/rocket hq/boss floor/post-pallet mission briefing.rbc,132,@bossTalk6,cp1252,"Er-hem!\c\h08ó\nNow, then[.]\pIf Oak is nowhere to be found,\nthen I'll have to set another team\lon it to locate him.\pI don't like one bit that he's\naway[.]\c\h08ó but what can we do?\pWe'll postpone his interrogation\nuntil we can get a hold of him.",,à_traduire,
d2f37a0d2f95,scripts/rocket hq/boss floor/post-pallet mission briefing.rbc,136,@bossTalk7,cp1252,"In the meantime[.]\pI have a new mission for you,\n[player].\c\h08ó Listen up.",,à_traduire,
7f93ba550cf6,scripts/rocket hq/boss floor/post-pallet mission briefing.rbc,140,@bossTalk8,cp1252,"Blaine, that stinking bald wimp of\na Gym Leader, has gone cold on us.\pDespite repeated attempts by us to\ncontact him, the old guy has\lstayed silent as a mouse.\pAnd[.]\c\h08ó he knows I don't tolerate\nthat kind of thing.",,à_traduire,
2f51a0c0492f,scripts/rocket hq/boss floor/post-pallet mission briefing.rbc,145,@bossTalk9,cp1252,Here's what you'll do:\pHead over to Cinnabar Island and\nget ahold of Blaine personally.\pTell him straight out: Between\nthe Porygon nonsense and all his\lchickening out lately[.],,à_traduire,
504d2ed23335,scripts/rocket hq/boss floor/post-pallet mission briefing.rbc,149,@bossTalk9.5,cp1252,He had better get his act together\nand do exactly what we tell him.\pOr we'll have that scalp of his\nso thoroughly scorched he'll\lfinally live up to his nickname!,,à_traduire,
9cb84af2595c,scripts/rocket hq/boss floor/post-pallet mission briefing.rbc,153,@bossTalk10,cp1252,"Give him a good little beating\nright away, if it's necessary[.]\pJust to let him know we mean\nbusiness.",,à_traduire,
0de01f03a744,scripts/rocket hq/boss floor/post-pallet mission briefing.rbc,157,@bossTalk11,cp1252,"Cinnabar Island is in the south-\nwest corner of Kanto, just across\lthe water from Pallet or Fuschia.\pGo talk to our scientist guy\nupstairs by the entrance.\pHe'll fix you the HM for Surf if\nyou tell him I sent you.",,à_traduire,
ecf84c43c4dd,scripts/rocket hq/boss floor/post-pallet mission briefing.rbc,161,@bossTalk12,cp1252,"That's all, [player].\c\h08ó\nNo dawdling around, now!\pShow that Blaine how Rockets deal\nwith people who chicken out!",,à_traduire,
fd584ab0afdf,scripts/rocket hq/boss floor/proton.rbc,12,@talk,utf-8,Proton: It's about time we did an\noperation against Silph.\pThat company president is so deep\nin with Lance and his government[.]\lIt's sickening.,,à_traduire,
3128843c814e,scripts/rocket hq/boss floor/ronnie.rbc,12,@talk,utf-8,"Ronnie: Been up to any exciting\nmischief, [player]?\pThese guys all suck, by the way.\nThey've got no gangster's hustle.",,à_traduire,
0ac8750eb371,scripts/rocket hq/boss floor/saffron mission briefing v2.rbc,14,@bosstalk,utf-8,"Giovanni: There you are, [player].\nLet's get on with it.",,à_traduire,
0b13d4ccca24,scripts/rocket hq/boss floor/saffron mission briefing.rbc,97,@bosstalk,cp1252,"Giovanni: There you are, [player].\nLet's get on with it.",,à_traduire,
5b62fff1c4cd,scripts/rocket hq/boss floor/saffron mission briefing.rbc,100,@bossTalk2,cp1252,"I assume all went well in your\nrecent mission, [player]?\pWe can expect Blaine to promptly\ndo as he's told from now on?\p[.]\c\h08ó\nSplendid work.",,à_traduire,
37f072467f87,scripts/rocket hq/boss floor/saffron mission briefing.rbc,104,@bossTalk2.5,cp1252,"Now, gentlemen.\pI've called you in here because\nwe're about to start Team Rocket's\lmost large-scale operation yet.\pListen very carefully.",,à_traduire,
78ed0f0921d4,scripts/rocket hq/boss floor/saffron mission briefing.rbc,108,@bossTalk3,cp1252,Thanks to the efforts of Archer\nhere in detaining Mr. Fuji[.]\pThe old man has actually given us\nmuch more than we bargained for.,,à_traduire,
7bfcc12f956f,scripts/rocket hq/boss floor/saffron mission briefing.rbc,111,@bossTalk3.5,cp1252,Fuji let slip that Silph Co. is in\nthe process of beta testing a\ltop-secret new invention that has\lbeen in development for years.,,à_traduire,
7c1b71eb8550,scripts/rocket hq/boss floor/saffron mission briefing.rbc,114,@bossTalk4,cp1252,"This new device, dubbed a ""Master\nBall"", is a Pokémon capture tool\lalleged to be orders of magnitude\lstronger than any other Poké Ball.\pThe primary use case of such a\ndevice should go without saying:\lCapturing Legendary Pokémon.",,à_traduire,
5df85b865d34,scripts/rocket hq/boss floor/saffron mission briefing.rbc,117,@bossTalk5,cp1252,"Whoever wields this Master Ball\ncould easily get the Legendary\lBirds under his solitary control[.]\pAnd, far more importantly[.]\c\h08ó\nPerhaps even[.] Mewtwo.",,à_traduire,
0f8e03af8fd9,scripts/rocket hq/boss floor/saffron mission briefing.rbc,120,@bossTalk6,cp1252,"Knowing Silph's predilections, we\ncan already guess that the\lgovernment will be the first and\lmost active Master Ball customer.\pLance doesn't seem to care much\nabout the Kanto Birds, but[.]\pHe would jump at the chance to\ncapture Mewtwo once and for all.",,à_traduire,
a1dc1924c81f,scripts/rocket hq/boss floor/saffron mission briefing.rbc,124,@bossTalk6.5,cp1252,[.]\pMewtwo[.]\c\h08ó under Lance's control[.]\c\h08ó\nIt would be a grotesque disaster.,,à_traduire,
eacf00400279,scripts/rocket hq/boss floor/saffron mission briefing.rbc,127,@bossTalk7,cp1252,"Were it back in Team Rocket's\nhands, where it rightfully\lbelongs, however[.]\pWe would be a real force to be\nreckoned with in Kanto.\pWe need to get ahold of this\nMaster Ball, and ensure that\lnobody else can do the same!",,à_traduire,
967418daf64e,scripts/rocket hq/boss floor/saffron mission briefing.rbc,130,@bossTalk8,cp1252,Our Silph Co. spies have been of\nmuch help acquiring information[.]\pBut this situation calls for much\nmore drastic measures.,,à_traduire,
eb22f42e9993,scripts/rocket hq/boss floor/saffron mission briefing.rbc,134,@bossTalk8.5,cp1252,That's why we will lead Team\nRocket towards a complete\loccuption of Silph headquarters\land of Saffron City at large!,,à_traduire,
d1a12bf58968,scripts/rocket hq/boss floor/saffron mission briefing.rbc,137,@bossTalk9,cp1252,"Station every grunt available to\nSilph's offices.\pLocate the company's highest-\nranked scientists and engineers,\land take them hostage.\pIf you find any information or\nmaterials pertaining to Master\lBall, seize them at once.",,à_traduire,
ae57fd66c546,scripts/rocket hq/boss floor/saffron mission briefing.rbc,140,@bossTalk10,cp1252,Once we've established complete\ncontrol of the premises[.]\pI'll come to personally make my\ndemands to the company president.\pWe will have that Master Ball!,,à_traduire,
37dfd11d2978,scripts/rocket hq/boss floor/saffron mission briefing.rbc,144,@bossTalk11,cp1252,"Do I make myself completely clear?\pThen make your way to Saffron City\nright this second, Rockets!\pWe'll update you on your specific\ntask in this operation on-site.\pThis is a big moment for Team\nRocket! Show no mercy!",,à_traduire,
a87cacf689ff,scripts/rocket hq/middle floor/Grunt 1.rbc,57,@talk,cp1252,"Ah[.] Fresh meat, is it?\nPink hair, no less.\pDon't you worry, bud, you'll fit\nright in with these punks here.",,à_traduire,
651ce19d988a,scripts/rocket hq/middle floor/Grunt 1.rbc,60,@talk2,cp1252,"Ah[.] The little rookie went and\ndid his first mission, did he?\pWell, did you have fun stealing\nCaterpie from Bug Catchers and\lgetting shoved around by Petrel's\lgrumpy ass?\pHuh-hey!\nGlory to you, pal.",,à_traduire,
5efde16e0bec,scripts/rocket hq/middle floor/Grunt 1.rbc,63,@talk3,cp1252,"Ah[.] Went to see the famous Poké-\nmaniac, did you?\pWell, was he as clever and as edgy\nas they say?\pShame about Lance's whole anti-\ncrime thing, but then[.]\pYou're a good little boy, aren't\nyou?",,à_traduire,
3f2715882b71,scripts/rocket hq/middle floor/Grunt 1.rbc,66,@talk4,cp1252,"Ah[.] Been on a nice little\nsmuggling trip, have you?\pHopefully the famed S.S. Anne CUT\nyou some slack, eh? Hahaha.",,à_traduire,
99a430e9fca3,scripts/rocket hq/middle floor/Grunt 1.rbc,69,@talk5,cp1252,"Ah[.] Battled it out with some\nghosts since last, did you?\pSounds exciting, but you sure\nmissed the action here.\pThoroughly whipped by a little\nboy, we were!",,à_traduire,
2fc41db46e81,scripts/rocket hq/middle floor/Grunt 1.rbc,72,@talk6,cp1252,"Ah[.] You've been across the region\nsince last, have you?\pWell, how was small-town life?\pDid you enjoy intruding on the\nhomes of innocent locals? Hahaha[.]",,à_traduire,
a1f53719b326,scripts/rocket hq/middle floor/Grunt 1.rbc,75,@talk7,cp1252,"Ah[.] You duked it out with the\nHot-Headed Quiz Master, did you?\pExcuse the cliché, but I sure hope\nyou had some Burn Heal! Hahaha[.]",,à_traduire,
93803b3bd0e0,scripts/rocket hq/middle floor/Grunt 1.rbc,78,@talk8,cp1252,"Ah[.] Boss gave little pink-hair a\nnice big promotion, did he?\pIt's just a shame about all of\nthose Trainers you already beat\land can never steal from again!\pHahahaha[.]",,à_traduire,
caf381e31cef,scripts/rocket hq/middle floor/Grunt 2.rbc,10,@dudetalk,utf-8,"Baby, you know I always loved me a\nbad girl.\pThe way you rob them Trainers with\nyour sneaky moves-- mm-mm-mmh!\pYou and me, girl, we could take on\nthe world together.\pLike Bonnie and Clyde, you know\nwhat I'm saying?",,à_traduire,
da92b08294a0,scripts/rocket hq/middle floor/Grunt 3.rbc,10,@talk,utf-8,(Sigh[.])\nIsn't that what they all say[.],,à_traduire,
67a8492050c2,scripts/rocket hq/middle floor/Grunt 4.rbc,11,@talk,utf-8,"Does it ever strike you as funny\nthat TMs use optical media?\pLike, you'd think flash drives\nwould work so much faster[.]",,à_traduire,
1914c8a55a90,scripts/rocket hq/middle floor/Grunt 5.rbc,11,@talk,cp1252,"What right have I to steal\ninnocent people's Pokémon?\pBy my own aesthetic values, I have\nevery right.\pBecause dude, I just look so\nfreaking badass doing it.",,à_traduire,
02da3b9d2865,scripts/rocket hq/middle floor/Grunt 6.rbc,10,@talk,utf-8,"Dude, I swear to God!\pI stole this Rapidash from a\nCooltrainer just the other day!\pI beat him, then I snatched it\nright from under his nose!",,à_traduire,
c71b0c2591de,scripts/rocket hq/middle floor/Grunt 7.rbc,10,@talk,utf-8,"My ass.\pYou couldn't even steal a thing\nfrom a Cooltrainer if he was\lblind, deaf and dead.\pYou got that from some spoiled\nlittle Youngster kid who had it\lfrom his dad, don't even try me.",,à_traduire,
7ef250f71da2,scripts/rocket hq/middle floor/Grunt 8.rbc,11,@talk,utf-8,"Aw, man[.] I lost my Coin Case\naround here somewhere.\pWhat am I going to do?\nI want that Porygon so bad, man!",,à_traduire,
e654d2ad4f8e,scripts/rocket hq/middle floor/Scientist.rbc,11,@talk,utf-8,"What are you looking at, kid?\nNever seen a gangster nerd before?",,à_traduire,
e1a0296aaea6,scripts/rocket hq/starter room/all other crates.rbc,23,@nothing,cp1252,There's nothing here[.],,à_traduire,
e1592f98a851,scripts/rocket hq/starter room/all other crates.rbc,27,@greedyStopper,cp1252,"Petrel: Hey, you! Only one Rattata\nper grunt, do you hear me?",,à_traduire,
b38b06af7951,scripts/rocket hq/starter room/all other crates.rbc,52,@want,cp1252,"So you want Rattata, the\nRat Pokémon as your starter?",,à_traduire,
f5b4ffeaa12b,scripts/rocket hq/starter room/all other crates.rbc,97,@yestext,cp1252,This Pokémon does not look very\nenergetic.,,à_traduire,
9c5a7120e723,scripts/rocket hq/starter room/all other crates.rbc,100,@notext,cp1252,"No? Well, that's too bad. You're\ngetting it anyway.",,à_traduire,
62fc714f89c2,scripts/rocket hq/starter room/all other crates.rbc,103,@receive,cp1252,[black_fr][player] received Rattata!,,à_traduire,
a5c982992b85,scripts/rocket hq/starter room/all other crates.rbc,106,@givenickname,cp1252,[black_fr]Would you like to give a\nnickname to Rattata?,,à_traduire,
d08bdd49aa40,scripts/rocket hq/starter room/all other crates.rbc,144,@petreltalk,cp1252,"Next in line, now!\nMove it, move it!",,à_traduire,
cb706bb4aa4c,scripts/rocket hq/starter room/crate 1.rbc,17,@nothing,utf-8,There's nothing here[.],,à_traduire,
00f296d92ef8,scripts/rocket hq/starter room/crate 1.rbc,21,@talk,utf-8,This crate has already been\nopened[.],,à_traduire,
0b166126ded9,scripts/rocket hq/starter room/elevator blocker.rbc,14,@talk,utf-8,"Petrel: Hey, grunt number two!\nWhere do you think you're going?\pGet back here and do as I tell\nyou!",,à_traduire,
957f68a77856,scripts/rocket hq/starter room/grunt1.rbc,10,@talk,utf-8,"Well, I guess I could've gotten\nworse[.]",,à_traduire,
3efe78c4f46b,scripts/rocket hq/starter room/grunt10.rbc,10,@talk,cp1252,"Oh, they're going to make us steal\nother people's Pokémon?\pI-I'm not so sure I'm all that\ncomfortable about that[.]",,à_traduire,
a88bd94920b1,scripts/rocket hq/starter room/grunt11.rbc,10,@talk,utf-8,I wonder if girls will like me\nmore now that I'll have Rattata.,,à_traduire,
038e93959a85,scripts/rocket hq/starter room/grunt12.rbc,10,@talk,utf-8,Black is really not my style.,,à_traduire,
3d0aca8e0bdc,scripts/rocket hq/starter room/grunt13.rbc,10,@talk,utf-8,"What the devil are you talking to\nme for?\pYou want to get us in trouble,\nman?",,à_traduire,
12e1ef72fe82,scripts/rocket hq/starter room/grunt2 (black market seller).rbc,17,@dumbTalk,cp1252,"Aw, shucks!\nI'm gonna get my very own Rattata!\pIf only dad could see me now[.]",,à_traduire,
fac15d466a58,scripts/rocket hq/starter room/grunt2 (black market seller).rbc,25,@angryTalk,cp1252,I hear ya.\pThere's got to be something we can\ndo to set things straight again[.],,à_traduire,
cdd2dce22c14,scripts/rocket hq/starter room/grunt2 (black market seller).rbc,236,@introTalk,cp1252,"Hey there, man. Listen up!\nYou've come to the right place.\pWe're tired of seeing all of these\nRockets cowering in fear at\lLance's new anti-crime measures,\lgoing all soft and refraining from\lstealing Pokémon just so people on\lthe street won't be mean to them.\pWe say screw that! Let's bring\nTeam Rocket back to its roots!\pThat's why we're setting up shop\nhere-- to reward the biggest and\lbaddest Rockets for keeping our\lname notorious throughout Kanto!\pThe higher the bounty on your\nhead, the greater the reward we'll\lgive you!",,à_traduire,
83828cf6c348,scripts/rocket hq/starter room/grunt2 (black market seller).rbc,240,@introTalk2,cp1252,"Well, what's your name?\c\h08ó\n[.][player]?\pWe'll look you up in the police\nregistry to see if you're worthy\lof our respect.",,à_traduire,
c31ac74cb3fc,scripts/rocket hq/starter room/grunt2 (black market seller).rbc,244,@regularTalk,cp1252,"Hey, man! Been stealing a lot of\ninnocent Trainers' Pokémon lately?\p[.]\c\h08ó\n[player], is it? Let me see[.]",,à_traduire,
a92c492e80ce,scripts/rocket hq/starter room/grunt2 (black market seller).rbc,247,@gt60talk,cp1252,"Holy moly!\c\h08ó\n[$][buffer1],000?!\p[.]\c\h08ó\nDude, I'm[.] humbled.\pYou've got to be one of the most\nvaluable Rockets we've got, man[.]\pAs thanks for your bringing so\nmuch notoriety back to Team\lRocket, we'll give you our most\lprized possession.\pI know it couldn't be in better\nhands!",,à_traduire,
a3a945b10f59,scripts/rocket hq/starter room/grunt2 (black market seller).rbc,251,@gt40talk,cp1252,"Well, I'll be damned!\c\h08ó\n[$][buffer1],000? Wow.\pDude, you've got to be one of the\nmost badass people we've got!\pWoe is the poor Trainer who dares\nmess with you, my man!\pThanks for helping us bring back\nTeam Rocket's reputation.",,à_traduire,
e9d5f4732a00,scripts/rocket hq/starter room/grunt2 (black market seller).rbc,254,@gt20talk,cp1252,"Oh, [$][buffer1],000!\c\h08ó\nI'm impressed.\pYou really don't give a flying\nyou-know-what, do you?\pHaha!\nI like you, bud.\pWe need more tough guys like you\naround here.",,à_traduire,
1fefd2a2489d,scripts/rocket hq/starter room/grunt2 (black market seller).rbc,258,@gt10talk,cp1252,"Hmmm[.] [$][buffer1],000.\c\h08ó\nThat's respectable.\pYou're no crazy renegade, but\nyou're on the right track!\pKeep it up, dude, and don't let\nnobody fool you with childish\ldelusions of morality!\pMight is right in the gangster\ngame, ya hear?",,à_traduire,
c6f5906183b8,scripts/rocket hq/starter room/grunt2 (black market seller).rbc,262,@notBadTalk,cp1252,"Hmm[.] [$][buffer1],000?\c\h08ó\pWell, that's hardly anything to\nbrag about.\pI say quit being a little wussy\nand get stealing some more, pal!\pWe'll have some goodies for you\nhere if you do.",,à_traduire,
40506bec7cb3,scripts/rocket hq/starter room/grunt2 (black market seller).rbc,266,@innocentTalk,cp1252,"What?\c\h08ó But there's no bounty on\nyour head at all!\pWhat's the matter, little buddy?\nScared of the cops?\c\h08ó Wah-wah.\pGeez, quit wasting our time and\nget stealing, man! C'mon!",,à_traduire,
397ededd0a33,scripts/rocket hq/starter room/grunt2 (black market seller).rbc,270,@noRoomTalk,cp1252,"But you haven't got any room for\nthis! Make some, c'mon!",,à_traduire,
06d82b94b263,scripts/rocket hq/starter room/grunt2 (black market seller).rbc,274,@hangOn,cp1252,Hang on just a mo'.,,à_traduire,
d13927e627cf,scripts/rocket hq/starter room/grunt2 (black market seller).rbc,277,@itemTalk,cp1252,"Here. Take this.\nYou've darn well earned it, man.",,à_traduire,
77b7df856d3a,scripts/rocket hq/starter room/grunt2 (black market seller).rbc,281,@extraTalk1,cp1252,"And take this too, if you would.",,à_traduire,
5b9c1e1bee18,scripts/rocket hq/starter room/grunt2 (black market seller).rbc,284,@extraTalk2,cp1252,"Oh, and this too.",,à_traduire,
70c1052fde62,scripts/rocket hq/starter room/grunt2 (black market seller).rbc,288,@extraTalk3,cp1252,We want you to have this too.,,à_traduire,
141063a3c36d,scripts/rocket hq/starter room/grunt2 (black market seller).rbc,293,@itemMsg,cp1252,[player] received the [buffer2]!,,à_traduire,
807beda70c30,scripts/rocket hq/starter room/grunt2 (black market seller).rbc,298,@putAway,cp1252,[player] put the [buffer2]\nin the Items pocket.,,à_traduire,
198b759579c0,scripts/rocket hq/starter room/grunt2 (black market seller).rbc,301,@noMoreTalk,cp1252,"Haha!\nWhat's good, [player]?\pWe've nothing more to give you in\nreturn for being a badass, sorry!\pBut keep on truckin'!\nFor us! For Giovanni!",,à_traduire,
d238df8a00b4,scripts/rocket hq/starter room/grunt3.rbc,42,@talk,cp1252,"Rattata?\nGeez, what a bummer.",,à_traduire,
4b13e1c7c984,scripts/rocket hq/starter room/grunt3.rbc,45,@talk2,cp1252,"Beg, steal, lie, cheat!\nAh, it's the life, grunt.",,à_traduire,
607b38ecb24b,scripts/rocket hq/starter room/grunt3.rbc,49,@talk3,cp1252,"Because the police are now\nencouraging us to be nice, these\lguys here have now set up a\lcounter-program to encourage us to\lbe bad.\pThese guys must be really\npassionate about crime, huh?",,à_traduire,
b8c05f80100f,scripts/rocket hq/starter room/grunt3.rbc,52,@talk4,cp1252,We're done for!\pWhat's going to happen to Team\nRocket now?,,à_traduire,
989d64e3adf6,scripts/rocket hq/starter room/grunt3.rbc,56,@talk5,cp1252,"Ever since that Red kid invaded\nHQ, I'm terrified to ever steal\lPokémon from little kids again!\p[.]What if they turn out to be\nexactly like him?",,à_traduire,
4ec25b759697,scripts/rocket hq/starter room/grunt4.rbc,34,@talk,utf-8,Does this outfit make me look\nmasculine?,,à_traduire,
7460bd8fb38a,scripts/rocket hq/starter room/grunt4.rbc,37,@talk2,utf-8,"Why did I join Team Rocket?\pWhy, to get stinkin' rich and do\nwhatever the hell I want!",,à_traduire,
3c75cb5c0d9b,scripts/rocket hq/starter room/grunt4.rbc,41,@talk3,utf-8,So now the police are rewarding us\nfor not doing crimes[.]\pAnd these guys here are rewarding\nus for doing MORE crimes.\pAh!\nI don't know what I should do!,,à_traduire,
1d72423272e7,scripts/rocket hq/starter room/grunt4.rbc,44,@talk4,utf-8,"It stings slightly less to have\nbeen beaten by a kid when I know\lBoss was, too.",,à_traduire,
2bdb294fcd4c,scripts/rocket hq/starter room/grunt5.rbc,27,@talk,cp1252,"Gotta act cool, gotta act cool,\ngotta act cool[.]",,à_traduire,
fa814455094f,scripts/rocket hq/starter room/grunt5.rbc,30,@talk2,cp1252,These freaking arrow tiles make me\ndizzy. Why are they even here?,,à_traduire,
09cd9d6b94d4,scripts/rocket hq/starter room/grunt5.rbc,34,@talk3,cp1252,Ha! None of the Poké Marts will\nlet me buy from them anymore[.]\pThank God I have this guy here\nwho sells me healing items.\pI don't think my Pokémon like them\na lot[.] but who cares about them?,,à_traduire,
429c0df46e6a,scripts/rocket hq/starter room/grunt6 (mart stand grunt).rbc,15,@dumbTalk,cp1252,Yes! My life's dream has finally\ncome true!\pI am now a true Pokémon gangster!\nAh[.] feels good.,,à_traduire,
0d90db0a43ca,scripts/rocket hq/starter room/grunt6 (mart stand grunt).rbc,25,@preTalk,cp1252,"I'm setting up a little business\nhere, grunt.\pCold hard cash is where it's at!",,à_traduire,
cf516180d58d,scripts/rocket hq/starter room/grunt6 (mart stand grunt).rbc,43,@what,cp1252,"Well? What do you want, pal?",,à_traduire,
689bd2f47b13,scripts/rocket hq/starter room/grunt6 (mart stand grunt).rbc,46,@goodBye,cp1252,"Yeah, get outta here, why don't\nya?",,à_traduire,
be90686d9d68,scripts/rocket hq/starter room/grunt7 (black market assistant).rbc,12,@dumbTalk,utf-8,"So this is what organized crime\nlooks like.\p[.]well, I don't know what I\nexpected.",,à_traduire,
49bcbaca7e9b,scripts/rocket hq/starter room/grunt7 (black market assistant).rbc,20,@angryTalk,utf-8,"Ah! Team Rocket is going soft, I\ncan feel it in my bones!\pWe just don't inspire the type of\nrespect in the Celadon streets\lthat we once did[.]",,à_traduire,
6acc37361ecf,scripts/rocket hq/starter room/grunt8.rbc,10,@talk,cp1252,"Come on, get moving already! I\nwant to steal me some Pokémon!",,à_traduire,
1c7cbefbb92b,scripts/rocket hq/starter room/grunt9.rbc,10,@talk,utf-8,Who's that tough guy calling a\npipsqueak?\pI'll show him a thing or two[.],,à_traduire,
aa80a1343eb4,scripts/rocket hq/starter room/guard1.rbc,11,@talk,utf-8,"Where do you think you're going?\pYou're supposed to report\nupstairs!\pDo as you're told, grunt.",,à_traduire,
9faed7a8073d,scripts/rocket hq/starter room/guard2.rbc,13,@talk,utf-8,"Wrong staircase, pal. Have you not\nbeen listening?",,à_traduire,
2bb84fdd7b0a,scripts/rocket hq/starter room/guard2.rbc,21,@talk2,utf-8,I'm afraid I can't let you enter\nthe Rocket Laboratory without\lsupervision.\pThe scientists there are working\nwith highly expensive and not to\lmention dangerous materials.\pShoo!,,à_traduire,
dbcf51af97b3,scripts/rocket hq/starter room/intro sequence.rbc,95,@petreltalk1,cp1252,"Petrel: Okay, ladies, listen up--\nI'm only going to say this once!\pYou are now officially Team Rocket\ngrunts!\pYes, that's right, but don't go\npatting yourselves on the back\ljust yet.\pUntil each of you have proven\nyourselves out in the field,\lyou're nothing but a bunch of\lpipsqueaks to me!",,à_traduire,
a961402ce793,scripts/rocket hq/starter room/intro sequence.rbc,111,@petreltalk2,cp1252,"Now, you are going to receive your\nfirst mission in a little bit.\pBut before then we have a couple\nof things we need to get sorted[.]",,à_traduire,
9538825685b1,scripts/rocket hq/starter room/intro sequence.rbc,121,@petreltalk3,cp1252,In the crates behind me you will\nfind your very own first Pokémon.,,à_traduire,
60f82aea2e60,scripts/rocket hq/starter room/intro sequence.rbc,134,@petreltalk4,cp1252,"Starting from the top left here, I\nwant each of you to come up, one\lby one, to get your little rodent.",,à_traduire,
900d600d81f6,scripts/rocket hq/starter room/intro sequence.rbc,138,@petreltalk4.5,cp1252,You will then proceed to the top\nfloor through the staircase on my\lright.\pOne of our friendly neighborhood\nscience geeks up there will then\lprovide you an HM for Fly.,,à_traduire,
4a3049c57201,scripts/rocket hq/starter room/intro sequence.rbc,149,@petreltalk5,cp1252,"Once you have this HM, and once\nyou've managed to summon enough\lballs to steal yourself a proper\lbird Pokémon[.]\pThen you Fly your sorry asses to\nMt. Moon as soon as conceivably\lpossible and await further\linstructions!",,à_traduire,
09d12673bc59,scripts/rocket hq/starter room/intro sequence.rbc,160,@petreltalk6,cp1252,Is that understood?,,à_traduire,
6e8d8865f5fc,scripts/rocket hq/starter room/intro sequence.rbc,177,@yessir,cp1252,"YES, SIR!",,à_traduire,
56d7b98badb8,scripts/rocket hq/starter room/intro sequence.rbc,189,@petreltalk7,cp1252,"Petrel: Well, then, get to it!",,à_traduire,
16565972b3db,scripts/rocket hq/starter room/intro sequence.rbc,206,@petreltalk8,cp1252,"Okay, next! Get moving, people!",,à_traduire,
86a202bde4b4,scripts/rocket hq/starter room/mart stand.rbc,26,@nothing,cp1252,There's nothing here[.],,à_traduire,
08dd99896d9e,scripts/rocket hq/starter room/mart stand.rbc,30,@greedyStopper,cp1252,"Petrel: Hey, you! Only one Rattata\nper grunt, do you hear me?",,à_traduire,
238e7cb4f9df,scripts/rocket hq/starter room/mart stand.rbc,55,@want,cp1252,"So you want Rattata, the\nRat Pokémon as your starter?",,à_traduire,
db7896ba218d,scripts/rocket hq/starter room/mart stand.rbc,100,@yestext,cp1252,This Pokémon does not look very\nenergetic.,,à_traduire,
a23aac0745a4,scripts/rocket hq/starter room/mart stand.rbc,103,@notext,cp1252,"No? Well, that's too bad. You're\ngetting it anyway.",,à_traduire,
aab70a50ef94,scripts/rocket hq/starter room/mart stand.rbc,106,@receive,cp1252,[black_fr][player] received Rattata!,,à_traduire,
fa3a8900c1e7,scripts/rocket hq/starter room/mart stand.rbc,109,@givenickname,cp1252,[black_fr]Would you like to give a\nnickname to Rattata?,,à_traduire,
fe0f3d9f5547,scripts/rocket hq/starter room/mart stand.rbc,147,@petreltalk,cp1252,"Next in line, now!\nMove it, move it!",,à_traduire,
8288ea9281b7,scripts/rocket hq/starter room/mart.rbc,18,@what,utf-8,"Well? What do you want, pal?",,à_traduire,
5a058cdb3af7,scripts/rocket hq/starter room/mart.rbc,21,@goodBye,utf-8,"Yeah, get outta here, why don't\nya?",,à_traduire,
008071b853e0,scripts/rocket hq/starter room/moveback if no rattata.rbc,15,@talk,utf-8,Petrel: Hey!\nGrunt number two!\pGet your ass back here and pick up\nyour Rattata!,,à_traduire,
4781ced139c7,scripts/rocket hq/starter room/petrel.rbc,14,@talk,utf-8,"What's with the dawdling, grunt?\nUp the stairs with you!",,à_traduire,
d6f221edb6f3,scripts/rocket hq/starter room/petrel.rbc,24,@talk2,utf-8,"Yes? Go get your Rattata, grunt!",,à_traduire,
66116fd22b00,scripts/rocket hq/starter room/rattata.rbc,36,@want,cp1252,"So you want Rattata, the\nRat Pokémon as your starter?",,à_traduire,
3e3192b31c33,scripts/rocket hq/starter room/rattata.rbc,76,@yestext,cp1252,This Pokémon does not look very\nenergetic.,,à_traduire,
5a9b01f39729,scripts/rocket hq/starter room/rattata.rbc,79,@notext,cp1252,"No? Well, that's too bad. You're\ngetting it anyway.",,à_traduire,
503ab23ec059,scripts/rocket hq/starter room/rattata.rbc,82,@receive,cp1252,[black_fr][player] received Rattata!,,à_traduire,
a9c0c023f876,scripts/rocket hq/starter room/rattata.rbc,85,@givenickname,cp1252,[black_fr]Would you like to give a\nnickname to Rattata?,,à_traduire,
12df5e9809bf,scripts/rocket hq/starter room/rattata.rbc,123,@petreltalk,cp1252,"Next in line, now! Move it, move\nit!",,à_traduire,
47803768ee88,scripts/rocket hq/starter room/rattata.rbc,146,@easterText,cp1252,"There's nothing here[.]\p[.]\c\h08ó\n[.]\p[.]\pOkay, fine.\nHave an easter egg.",,à_traduire,
b2862069d2bc,scripts/rocket hq/starter room/rattata.rbc,149,@nothing,cp1252,There's nothing here[.],,à_traduire,
78ce7f6100c4,scripts/rocket hq/starter room/rattata.rbc,153,@itemMsg,cp1252,[player] received a Rare Candy!,,à_traduire,
a273180caa80,scripts/rocket hq/starter room/rattata.rbc,157,@putAway,cp1252,[player] put the Rare Candy in the\nItems pocket.,,à_traduire,
ab6d102c2dcd,scripts/rocket hq/starter room/rattata.rbc,162,@greedyStopper,cp1252,"Petrel: Hey, you! Only one Rattata\nper grunt, do you hear me?",,à_traduire,
59356bdf5a98,scripts/rocket hq/starter room/rival.rbc,11,@talk,utf-8,"Man, I'm loving the gangster life\nalready.",,à_traduire,
dadd17cf6114,scripts/rocket hq/top floor/braggart.rbc,33,@talk,cp1252,"What?\nThere was another kid, too?\pI was just out by the Pokémon\nCenter and I didn't even notice.\pDude, I would have totally whipped\nhim if I was there, though.",,à_traduire,
45357f5b65c9,scripts/rocket hq/top floor/braggart.rbc,37,@talk3,cp1252,Jesus Christ.\pI've never been so thoroughly\nslaughtered in a Pokémon battle in\lmy life[.]\pThat kid[.]\nI've never seen anything like it.,,à_traduire,
e9f4ef796d5a,scripts/rocket hq/top floor/braggart.rbc,40,@talk4,cp1252,"You going out to Viridian City\ntoo, now?\pYeah, I heard some grunts over\nthere were getting frustrated with\lnot getting items that they're\lrobbing the mart over there!\pSounds totally rad!\nWish I'd been stationed there too.",,à_traduire,
67c35ca61ee9,scripts/rocket hq/top floor/braggart.rbc,43,@talk5,cp1252,"Hey, you keeping up with the\nlatest crime gossip?\pSounds like some funny-sounding\ngangs at Cycling Road west of here\lare causing all sorts of trouble.\pI heard their connected with the\ndodgy guys doing business in the\lUnderground Paths.\pShady stuff, if you ask me!",,à_traduire,
1dc3f7f1eeea,scripts/rocket hq/top floor/elevator blocker script.rbc,16,@talk,utf-8,"Hey, grunt! Don't you have a\nmission to do right about now?\pQuit screwing around the hideout,\nthen!\pYou don't want to get on Petrel's\nbad side[.]",,à_traduire,
174ff9ec324a,scripts/rocket hq/top floor/elevator blocker.rbc,35,@talk,utf-8,"If you're looking for Boss's\noffice, it's down on the bottom\lfloor through the elevator here.\pDon't know why you would be,\nthough.",,à_traduire,
c1af7ae7e312,scripts/rocket hq/top floor/elevator blocker.rbc,38,@talk2,utf-8,"Hey, grunt! Don't you have a\nmission to do right about now?\pQuit screwing around the hideout,\nthen!\pYou don't want to get on Petrel's\nbad side[.]",,à_traduire,
c40e2fbc6246,scripts/rocket hq/top floor/elevator blocker.rbc,41,@talk3,utf-8,"These are tough times to be a\ncriminal, man.\pThe world just won't accept us for\nit any longer, it seems[.]",,à_traduire,
98e781f021fa,scripts/rocket hq/top floor/elevator blocker.rbc,44,@talk4,utf-8,"Apparently the kid got ahold of\nthe key to use the elevator[.]\pThen he went down there and wiped\nthe floor with Boss.\p[.]\pWha-- don't look at me, I didn't\ngive it to him. Promise!",,à_traduire,
545503dcfb92,scripts/rocket hq/top floor/female grunt 2.rbc,47,@talk,cp1252,"How'd your first little robbery\ngo? Thrilling, wasn't it?\pWell, there's more where that came\nfrom.",,à_traduire,
00b33ce0ca18,scripts/rocket hq/top floor/female grunt 2.rbc,50,@talk2,cp1252,"So did we find any fossils, then?\p[.]\pWhat?\nWe lost them?\pYou telling me I got molested by\nall those random Zubat for\lnothing?\pGee, what a waste.",,à_traduire,
ea13ee1131c6,scripts/rocket hq/top floor/female grunt 2.rbc,53,@talk3,cp1252,Ever since Lance's TV announcement\nI've just started being nice to\leveryone I see so they won't judge\lme for being a Rocket.,,à_traduire,
5cbbdee77abd,scripts/rocket hq/top floor/female grunt 2.rbc,56,@talk4,cp1252,"Wow.\pSo that kid just like, broke his\nway into our hideout and beat all\lof us flat out?\p[.]\p(Huh, I guess I was right to hide\nout by the Pokémon Center that one\ltime at Mt. Moon[.])",,à_traduire,
6be47970402e,scripts/rocket hq/top floor/female grunt 2.rbc,59,@talk5,cp1252,Freaking hell[.]\pI still can't get over that crazy\nlittle Red kid[.],,à_traduire,
a5e867df4c06,scripts/rocket hq/top floor/female grunt 2.rbc,63,@talk6,cp1252,"Heading south, are you?\pI'd stay away from those gangs on\nCycling Road if I were you.\pThey'll see you're a Rocket and\nrush to entangle you in whatever\lpetty scuffle they've got going.\pNot worth the time, I say!",,à_traduire,
5cca08b94268,scripts/rocket hq/top floor/female grunt.rbc,10,@talk,utf-8,"Gee, I never fancied myself\nrobbing someone with a Rattata,\ldid you?\pOh yeah, the scientist dude is\ndown there by the computers on the\lleft.",,à_traduire,
8a00cbdba042,scripts/rocket hq/top floor/final burglar scientist.rbc,43,@standingTalk,cp1252,Hey! Hands off!\nI saw it first!,,à_traduire,
51e361c7325a,scripts/rocket hq/top floor/final burglar scientist.rbc,46,@shoutTalk,cp1252,"Hey, you!",,à_traduire,
b04e2bd48566,scripts/rocket hq/top floor/final burglar scientist.rbc,49,@shoutTalk2,cp1252,Hands off!\nI saw it first!,,à_traduire,
23a69f96f355,scripts/rocket hq/top floor/final burglar scientist.rbc,52,@defeat,cp1252,"All right, all right!\nTake it then, Mr. tough guy!",,à_traduire,
daad50f59278,scripts/rocket hq/top floor/final burglar scientist.rbc,55,@postBattleTalk,cp1252,(Snivel[.])\c\h08ó\nYou spoiled Executives[.]\pI've been here for years and they\nnever gave me as much as an HM[.],,à_traduire,
bb128a2e88e5,scripts/rocket hq/top floor/final level script.rbc,257,@bossTalk1,cp1252,Giovanni: [.],,à_traduire,
5ca1efef9223,scripts/rocket hq/top floor/final level script.rbc,268,@bossTalk2,cp1252,You bunch of incompetent fools!\nGiratina take you all!,,à_traduire,
478280df94b0,scripts/rocket hq/top floor/final level script.rbc,272,@bossTalk3,cp1252,"This[.]\c\h08ó child[.]\pHe wiped out every single one of\nyou, found his way to the\lPresident's room[.]\pAnd ran off with the Master Ball\nprototype.",,à_traduire,
9560708993ea,scripts/rocket hq/top floor/final level script.rbc,276,@bossTalk4,cp1252,"In front of your eyes, ladies\nand gentlemen!\pWhat do you have to say for\nyourselves?\lWhat?!",,à_traduire,
355c9e9b509a,scripts/rocket hq/top floor/final level script.rbc,285,@bossTalk5,cp1252,A public humiliation of this\nscale[.]\pCan anyone ever look at Team\nRocket the same way again..?,,à_traduire,
efcc35ae6bef,scripts/rocket hq/top floor/final level script.rbc,293,@bossTalk6,cp1252,"Tell me, you morons!\pAre we the mightiest gang of\nmobsters in this region?\pOr a bunch of little girls?!",,à_traduire,
bae93a868c2b,scripts/rocket hq/top floor/final level script.rbc,297,@ronnieTalk1,cp1252,"Ronnie: The mightiest gangsters\nin Kanto, that's what we are!\pAye, aye, Boss!\pWe'll show that little kid\nnext time, you betcha!",,à_traduire,
4e8a44043a86,scripts/rocket hq/top floor/final level script.rbc,305,@bossTalk7,cp1252,Giovanni: SILENCE!,,à_traduire,
6babfa11b025,scripts/rocket hq/top floor/final level script.rbc,309,@bossTalk8,cp1252,Giovanni: [.]\c\h08ó\nYou.,,à_traduire,
3e9b2709d946,scripts/rocket hq/top floor/final level script.rbc,312,@bossTalk9,cp1252,"You worthless, simple-minded\nlittle Bad Egg[.]\pI've given you more warning\nthan you deserve, Grunt[.]\pYet you seem to be relentless\nin your incompetence[.]",,à_traduire,
4730901c535e,scripts/rocket hq/top floor/final level script.rbc,316,@bossTalk10,cp1252,To take a Card Key that wasn't\neven yours to use[.]\pThen drop it right in front of\nthe child so he could ruin our\lplans as thoroughly as possible!,,à_traduire,
2a24cffa571d,scripts/rocket hq/top floor/final level script.rbc,321,@bossTalk11,cp1252,"Imbecile, moron!\pWere it not for you, that twerp\nmight have never reached us, and\lthe Master Ball would be in our\lhands right now!\pDo you understand?!",,à_traduire,
660f170f278e,scripts/rocket hq/top floor/final level script.rbc,325,@ronnieTalk2,cp1252,"Ronnie: N-no Boss[.]\c\h08ó\nIt wasn't like that, see--",,à_traduire,
64b2a2424f84,scripts/rocket hq/top floor/final level script.rbc,333,@bossTalk12,cp1252,Giovanni: ENOUGH!,,à_traduire,
19502bfe1aca,scripts/rocket hq/top floor/final level script.rbc,336,@bossTalk12.5,cp1252,That's enough!\p[.]\pI have had[.]\c\h08ó\nENOUGH!,,à_traduire,
987bc43f933b,scripts/rocket hq/top floor/final level script.rbc,348,@bossTalk13,cp1252,Giovanni: Nidoking!\c\h08ó\nPrepare for attack!,,à_traduire,
e229ffcb9215,scripts/rocket hq/top floor/final level script.rbc,362,@bossTalk14,cp1252,"Giovanni: Leave us!\c\h08ó\nLeave us, you worthless scum!\pYou're not worthy of the 'R'\nthat's printed on your chest!\pIf I ever see your face again,\nI'll grind it into Berry Powder!\pMark my words, I will!\pBegone!",,à_traduire,
7348b8644d39,scripts/rocket hq/top floor/final level script.rbc,366,@ronnieTalk3,cp1252,Ronnie: [.],,à_traduire,
bd60b22225d2,scripts/rocket hq/top floor/final level script.rbc,395,@bossTalk15,cp1252,Giovanni: [.]\c\h08ó\nHahahaha[.],,à_traduire,
5b1cdc29d810,scripts/rocket hq/top floor/final level script.rbc,405,@bossTalk16,cp1252,Giovanni: [.]\c\h08ó\nHahahahaha!,,à_traduire,
dbb59acce78f,scripts/rocket hq/top floor/final level script.rbc,409,@bossTalk17,cp1252,"No matter.\c\h08ó\nNo matter, boys and girls.\pBecause[.]\c\h08ó\nOne thing is for sure[.]\pThis Red twerp[.]\pHe has messed with us for the very\nlast time!",,à_traduire,
8c4b3c3e5870,scripts/rocket hq/top floor/final level script.rbc,412,@bossTalk18,cp1252,Hear me!\pWe will relocate Team Rocket's\nheadquarters to the Viridian Gym!\pEvacuate this building\nimmediately.,,à_traduire,
eb89480ca22e,scripts/rocket hq/top floor/final level script.rbc,416,@bossTalk19,cp1252,"Admins, Executives[.]\pThat means the next time your\nRocket Pager beeps[.]\pYou will report to Virdian Gym,\npronto!",,à_traduire,
caaca468f0ae,scripts/rocket hq/top floor/final level script.rbc,421,@bossTalk20,cp1252,When this child comes to seek his\nfinal Gym Badge[.]\pWe will be ready[.]\c\h08ó\nAll of us!\p[.]\pAnd by God[.]\c\h08ó\nWe will have our revenge!,,à_traduire,
10eaf94ec586,scripts/rocket hq/top floor/final level script.rbc,425,@bossTalk21,cp1252,"Do I make myself clear?\c\h08ó\nThen move, Team Rocket!",,à_traduire,
e66a78c62f35,scripts/rocket hq/top floor/grunt 1.rbc,48,@talk,cp1252,"I remember my first steal like it\nwas yesterday.\pThere's nothing more satisfying\nthan seeing the look on some poor\lguy's face as you rob him of his\llifelong companion and run away\llaughing.\pAhh[.] relish it while it lasts,\ngrunt.",,à_traduire,
c40060e4c235,scripts/rocket hq/top floor/grunt 1.rbc,51,@talk2,cp1252,I wonder what I'll have to do for\nthem to promote me to Rocket\lAdmin.\pI figure taking Pokémon from kids\nand old fogeys has to be the least\lof it. Sigh[.],,à_traduire,
ec1c09aa62ae,scripts/rocket hq/top floor/grunt 1.rbc,54,@talk3,cp1252,"Hey! They talked about Team Rocket\non TV!\pI wish I could go ""Hi, mom!"" or\nsomething in front of the camera.\pMaybe she wouldn't like it all\nthat much.",,à_traduire,
35f4c8f788c5,scripts/rocket hq/top floor/grunt 1.rbc,58,@talk4,cp1252,"Holy moly! I didn't even stand a\nchance against that kid!\pThat Charizard, man.\nI'm telling ya[.]",,à_traduire,
d6da243aca7b,scripts/rocket hq/top floor/grunt 1.rbc,61,@talk5,cp1252,Hey!\nThey promoted you!\pDoes it mean you're more bad than\nme? I'm jealous!,,à_traduire,
c549050418bb,scripts/rocket hq/top floor/grunt 1.rbc,64,@talk6,cp1252,I heard the Gym Leader in Fuchsia\nis friendly towards us Rockets.\pI sure wouldn't mind having that\ndude's ninja skills on my side[.],,à_traduire,
346690253984,scripts/rocket hq/top floor/grunt 2.rbc,33,@talk,cp1252,"Heh, you going out to steal your\nfirst Pokémon, are you?\pTake note: as a grunt you only\nhave authority enough to steal\lfrom children and old people.\pTry anyone else and they'll just\nblow you off!",,à_traduire,
9a4c86149177,scripts/rocket hq/top floor/grunt 2.rbc,36,@talk2,cp1252,"What are you looking at, punk?\nWant a piece of me?\p[.]\pHaha[.] what? Just practicing my\ntough-guy demeanor.",,à_traduire,
be2334e0d4a5,scripts/rocket hq/top floor/grunt 2.rbc,40,@talk3,cp1252,"Surely I'm not the only one who\nfinds it funny that the cops are\lrewarding me for being nice[.]\pOnly because I was bad before[.]\c\h08ó\n[.]\pLike, I just feel like there's\nsome moral contradiction here, but\lI just can't put my finger on it[.]",,à_traduire,
86d94f638ad6,scripts/rocket hq/top floor/grunt 2.rbc,43,@talk4,cp1252,"Dude, that kid was borderline\nmute. Almost didn't say a word.\lLike a sociopathic killer.\p[.]\pEither that, or he's just\ncompensating for his lack of\lsocial skills by being really good\lat Pokémon.",,à_traduire,
050943901098,scripts/rocket hq/top floor/petrel (post-red).rbc,11,@talk,utf-8,"Petrel: Well[.]\nWhat can I say, [player]?\pHe beat me.\nHe beat all of us.\p[.]\pYou going to see Boss?\pHeh. Be warned: He's in a bit of a\nfrenzy right now.",,à_traduire,
b9efb4dfa6af,scripts/rocket hq/top floor/petrel.rbc,11,@talk,utf-8,"There you are, [player].\nBoss would like to see you\lpersonally in his office down-\lstairs.\pYou had better take the elevator.\pI expect you to be on your best\nbehavior now-- no messing about!",,à_traduire,
78974f8919c8,scripts/rocket hq/top floor/playerstopper.rbc,25,@talk,utf-8,"Petrel: Not so fast, [player].\pBoss would like to see you\npersonally in his office down-\lstairs.\pYou had better take the elevator.\pI expect you to be on your best\nbehavior now-- no messing about!",,à_traduire,
30d6190ed1a9,scripts/rocket hq/top floor/red foreshadower.rbc,26,@talk,utf-8,"Dude, that Red kid was something\nelse, man!\pMade the spiky-haired kid look\nlike a whimp, I say!\pMan, if I was that strong as a\nlittle kid[.]\pHell, I'd be Champion by now[.]",,à_traduire,
9fb1febacf2e,scripts/rocket hq/top floor/red foreshadower.rbc,29,@talk2,utf-8,"I wonder what goes on in the\nRocket Laboratory.\pThey never let me go in there, and\nit's bugging me.\pDo you think they're making\nnuclear bombs? That would be cool.",,à_traduire,
400515592fd0,scripts/rocket hq/top floor/red foreshadower.rbc,32,@talk3,utf-8,Hahahaha!\nKnocked out by some little kid.\pMan[.] this is not how I imagined\ngangster life would be.,,à_traduire,
9503d0a73743,scripts/rocket hq/top floor/rival.rbc,41,@talk1,cp1252,"Hey, buddy, wait up!",,à_traduire,
5e2a0c224798,scripts/rocket hq/top floor/rival.rbc,52,@talk2,cp1252,"You're [player], aren't you?\pThat's right, I was right next to\nyou in the initiation ceremony\ldownstairs.\pThat stuff was badass, man.\pYou going out to steal your first\nPokémon? Cool.",,à_traduire,
614caa193b7a,scripts/rocket hq/top floor/rival.rbc,71,@talk3,cp1252,"You know, you don't strike me as\nthe kind of guy who'd go out and\ldecide to become a professional\lcrook all of a sudden.\pBet you never even nicked a candy\nbar from the Poké Mart before,\lam I right?\pHaha, but don't worry about it,\nman-- I'll teach you all you need\lto know!",,à_traduire,
b62c7c3a4772,scripts/rocket hq/top floor/rival.rbc,81,@talk4,cp1252,Hang on for just a second.,,à_traduire,
206da3041f79,scripts/rocket hq/top floor/rival.rbc,106,@talk5,cp1252,"One HM02, please! And be quick\nabout it!",,à_traduire,
4f48d1ad7bef,scripts/rocket hq/top floor/rival.rbc,128,@talk6,cp1252,"Name's Ronnie, by the way.",,à_traduire,
37a06f426d07,scripts/rocket hq/top floor/rival.rbc,131,@talk7,cp1252,"Man, I'm itching to steal me some\nPokémon! Should we go?",,à_traduire,
decee2bb8505,scripts/rocket hq/top floor/rival2.rbc,51,@talk1,cp1252,"Hey, buddy, wait up!",,à_traduire,
ed13b88b4554,scripts/rocket hq/top floor/rival2.rbc,63,@talk2,cp1252,"You're [player], aren't you?\pThat's right, I was right next to\nyou in the initiation ceremony\ldownstairs.\pThat stuff was badass, man.\pYou going out to steal your first\nPokémon? Cool.",,à_traduire,
fcc589464ffd,scripts/rocket hq/top floor/rival2.rbc,83,@talk3,cp1252,"You know, you don't strike me as\nthe kind of guy who'd go out and\ldecide to become a professional\lcrook all of a sudden.\pBet you never even nicked a candy\nbar from the Poké Mart before,\lam I right?\pHaha, but don't worry about it,\nman-- I'll teach you all you need\lto know!",,à_traduire,
52f5f4c43215,scripts/rocket hq/top floor/rival2.rbc,92,@talk4,cp1252,Hang on for just a second.,,à_traduire,
cd3065437753,scripts/rocket hq/top floor/rival2.rbc,116,@talk5,cp1252,"One HM02, please! And be quick\nabout it!",,à_traduire,
65aa0bbea3e2,scripts/rocket hq/top floor/rival2.rbc,141,@talk6,cp1252,"Name's Ronnie, by the way.",,à_traduire,
0c0ece56e4a5,scripts/rocket hq/top floor/rival2.rbc,150,@talk7,cp1252,"Man, I'm itching to steal me some\nPokémon! Should we go?",,à_traduire,
70d1e213b7e8,scripts/rocket hq/top floor/rival2.rbc,161,@stopmsg,cp1252,"Ronnie: Hey, man, where are you\ngoing?\pCome loot some Pokémon with me!",,à_traduire,
c2b5332937cd,scripts/rocket hq/top floor/ronnie (post-flashback) tile script.rbc,53,@ronnieTalk1,cp1252,"Hey [player]-- yo, yo, yo!",,à_traduire,
f6b25b09faa2,scripts/rocket hq/top floor/ronnie (post-flashback) tile script.rbc,56,@ronnieTalk2,cp1252,"Ronnie: Damn, boy[.]\nWhat's with the new get-up?\p[.]\pSay what?\c\h08ó They made little\n[player] an Admin now, did they?\pWell, no jokes. So now you can rob\nwomen and teenagers, is it?",,à_traduire,
021d515ef357,scripts/rocket hq/top floor/ronnie (post-flashback) tile script.rbc,59,@ronnieTalk3,cp1252,"Haha!\nCongrats, bud.\pYou know, given all my inborn\ngangster skills, it speaks to my\lmodesty that they didn't promote\lme too yet, doesn't it?",,à_traduire,
e2d9fcda5330,scripts/rocket hq/top floor/ronnie (post-flashback) tile script.rbc,63,@ronnieTalk4,cp1252,"Now-now[.]\nAny more juicy news?\p[.]\pOh, now! You're going to Pallet to\ninterrogate Professor Oak?\pDude, no way. That's too rad.\pYou know, they[.]\c\h08ó didn't give me a\nnew mission yet.",,à_traduire,
a38c05c95134,scripts/rocket hq/top floor/ronnie (post-flashback) tile script.rbc,67,@ellipses,cp1252,[.],,à_traduire,
59135dbe242a,scripts/rocket hq/top floor/ronnie (post-flashback) tile script.rbc,70,@ronnieTalk5,cp1252,"Why, now isn't that a prime\nopportunity?\pI'll come with you to Pallet Town\nand we'll beat up the old prof\ltogether!\pOh, man! Fate is too kind\nsometimes, isn't she, [player]?",,à_traduire,
81a8f1f41ab9,scripts/rocket hq/top floor/ronnie (post-flashback) tile script.rbc,75,@ronnietalk6,cp1252,"Well, Pallet Town[.] that's west\nKanto, isn't it?\pSo we either go south from Mt.\nMoon or through that pesky\lDiglett Cave off by Vermillion,\land we'll be on the right track.\pRight on!\nLet's get cracking!\pYou had better be the good cop,\n[player], 'cause I'm bad as hell!",,à_traduire,
4fa1dbadef2f,scripts/rocket hq/top floor/ronnie (post-red).rbc,12,@talk,utf-8,"Ronnie: D-dude[.]\pI don't even know how to tell you\nwhat just went down here[.]\pHe[.] he knocked us out.\nAll of us.\pYeah, dude. Even Boss.\nHell-- even me!\pThat little Red kid from Mt. Moon!\pLike, I totally want to tell you\nit was a close match, but[.]\pNo, not even close.\nThat kid is superhuman, man[.]",,à_traduire,
5169b13716eb,scripts/rocket hq/top floor/scientist.rbc,34,@talk,utf-8,"Another new recuit, is it?\pYeah, I've got that HM of yours\nright here; just a sec.",,à_traduire,
bff96dff871f,scripts/rocket hq/top floor/scientist.rbc,48,@talk2,utf-8,"Free Fly for all grunts, now, eh?\nMy, Giovanni's going soft.",,à_traduire,
96082224ffbf,scripts/rocket hq/top floor/scientist.rbc,60,@talk3,utf-8,"Here it is, pal. Don't go putting\nit to waste, now.",,à_traduire,
374d34f1f8a1,scripts/rocket hq/top floor/scientist.rbc,63,@talk4,utf-8,Now get out of here-- I've got\nwork to do.,,à_traduire,
9e0b6b99939f,scripts/rocket hq/top floor/scientist.rbc,110,@talk5,utf-8,(If there is anything I hate more\nthan being a supplier for rookies\lon recruitment day[.])\p(It is to be pestered by those\nvery same rookies while I'm TRYING\lTO WORK.)\p[.]\p(Maybe if I just ignore them\nthey'll go away on their own[.]),,à_traduire,
e62f5659a130,scripts/rocket hq/top floor/scientist.rbc,114,@talk6,utf-8,(Thank god that little kid beat\neverybody else and not just me[.]),,à_traduire,
3b83f2bd825b,scripts/rocket hq/top floor/scientist.rbc,117,@talk7,utf-8,"Hm..?\nBoss told you to talk to me?\p[.]\pOh, Surf is it now?\nGood lord, in all my days[.]",,à_traduire,
fbe02d8806e1,scripts/rocket hq/top floor/scientist.rbc,142,@talk8,utf-8,"When's he giving free HMs to us\nscientists, eh?\pThat's what I'd like to know[.]",,à_traduire,
0f9518007730,scripts/rocket hq/top floor/scientist.rbc,145,@talk9,utf-8,"Well, Surf it up, buddy.\pIn the meantime, I'll be at my\ndesk, as always[.]",,à_traduire,
2c91d6fe71c0,scripts/rocket hq/top floor/scientist2.rbc,33,@talk,utf-8,"Another new recuit, is it?\pYeah, I've got that HM of yours\nright here; just a sec.",,à_traduire,
9dc318af9732,scripts/rocket hq/top floor/scientist2.rbc,47,@talk2,utf-8,"Free Fly for all grunts, now, eh?\nMy, Giovanni's going soft.",,à_traduire,
ab55ea5b53c2,scripts/rocket hq/top floor/scientist2.rbc,60,@talk3,utf-8,"Here it is, pal. Don't go putting\nit to waste, now.",,à_traduire,
0bfe2ac4c7c8,scripts/rocket hq/top floor/scientist2.rbc,63,@talk4,utf-8,Now get out of here-- I've got\nwork to do.,,à_traduire,
f31aa3864c5c,scripts/rocket hq/top floor/wannabe admin.rbc,12,@talk2,cp1252,I wonder what I'll have to do for\nthem to promote me to Rocket\lAdmin.\pI figure taking Pokémon from kids\nand old fogeys has to be the least\lof it. Sigh[.],,à_traduire,
1c28627364d4,scripts/rocket hq/top floor/zubatwhiner.rbc,11,@talk,utf-8,"So did we find any fossils, then?\p[.]\pWhat?\nWe lost them?\pYou telling me I got molested by\nall those random Zubat for\lnothing?\pGee, what a waste.",,à_traduire,
49f9bbfe9cb8,scripts/rocket warehouse/TV blocker.rbc,23,@talk,utf-8,"Ronnie: Hey, dude!\nI can't see!\pHow about you find some other\nplace to watch that isn't right in\lfront of my face?",,à_traduire,
a6920393afea,scripts/rocket warehouse/TV broadcast v2.rbc,27,@TVtalk,utf-8,"Announcer: And now, in alarming\ncrime-related news[.]\pA renowned collector of technical\nmachines was earlier today a\lvictim of a vicious robbery while\laway from his Cerulean City home.\pPolice arrived at the scene\nshortly after the incident, but\lwere unable to catch the\lperpetrators before they made\ltheir escape.\pOur own Northern Kanto reporter\nFord Regular reports from the\lscene.",,à_traduire,
49e7b80d435e,scripts/rocket warehouse/TV broadcast.rbc,27,@TVtalk,utf-8,"Announcer: And now, in alarming\ncrime-related news[.]\pA renowned collector of technical\nmachines was earlier today a\lvictim of a vicious robbery while\laway from his Cerulean City home.\pPolice arrived at the scene\nshortly after the incident, but\lwere unable to catch the\lperpetrators before they made\ltheir escape.\pOur own Northern Kanto reporter\nFord Regular reports from the\lscene.",,à_traduire,
e757dae1a918,scripts/rocket warehouse/bill's parcel.rbc,25,@parcelGet,utf-8,"Yeah, you're the one who's going\nto see Bill, right?\pThe package thing is right here--\nhope it helps at least a little\lbit.",,à_traduire,
4369801d49ee,scripts/rocket warehouse/bill's parcel.rbc,28,@talk2,utf-8,How'd it go with that Bill dude?\nDid he like the freebies?,,à_traduire,
568f71e56c44,scripts/rocket warehouse/bill's parcel.rbc,31,@parcelMsg,utf-8,[player] received Bill's Parcel\nfrom the grunt.,,à_traduire,
bfcd8dc64332,scripts/rocket warehouse/generic dialogue/archer.rbc,19,@talk,utf-8,"Archer: Yes, [player]?\pPick up the package, and head on\nnorth to Bill's house now!",,à_traduire,
89266999571d,scripts/rocket warehouse/generic dialogue/archer.rbc,23,@talk2,utf-8,"Archer: You've done well, [player].\pNow pick up the drugs from the\nscientists and head on over to\lVermilion with you!",,à_traduire,
39c3c1ab9d77,scripts/rocket warehouse/generic dialogue/female grunt 1.rbc,27,@talk,utf-8,That Day-Care Man scares me[.]\pIt's like he's all nice one moment\nand freaking ruthless the next[.],,à_traduire,
f553339a81ce,scripts/rocket warehouse/generic dialogue/female grunt 1.rbc,30,@talk2,utf-8,Oh[.]\nThis can't possibly be good news[.],,à_traduire,
63f9b6f0caee,scripts/rocket warehouse/generic dialogue/female grunt 1.rbc,33,@talk3,utf-8,Lance and the police can't hold me\ndown!\pI'm going to keep stealing and\nrobbing till the day I die!,,à_traduire,
79b447a8b82d,scripts/rocket warehouse/generic dialogue/female grunt 2.rbc,19,@talk2,cp1252,"What's all the commotion?\pIt's not as if we joined Team\nRocket because we were after\lsocietal acceptance, is it?",,à_traduire,
35049d2f9b0f,scripts/rocket warehouse/generic dialogue/female grunt 2.rbc,23,@talk,cp1252,"When I was little, I wanted to go\nto Hoenn to be a Contest star.\pNow I'm a hard-edged Pokémon\ngangster. And I love it.\pWe do grow up, don't we?",,à_traduire,
9def2aa5ba8c,scripts/rocket warehouse/generic dialogue/grunt 1.rbc,27,@talk,utf-8,"I just have this feeling like I\nlook a little conspicuous walking\laround town with this big red ""R""\lon my chest.\pMaybe I'm just being paranoid[.]",,à_traduire,
0998bc45e7d6,scripts/rocket warehouse/generic dialogue/grunt 1.rbc,30,@talk2,utf-8,What's happening?\n[.]Is it something bad?,,à_traduire,
7328e300504e,scripts/rocket warehouse/generic dialogue/grunt 1.rbc,33,@talk3,utf-8,"Man, what am I going to do with my\nlife now?\p[.]\pWhat's mom going to say about me\nif she finds out?",,à_traduire,
de9d7e9c497c,scripts/rocket warehouse/generic dialogue/grunt 2.rbc,27,@talk,cp1252,Before I joined Team Rocket I used\nto always wonder what the Pokémon\lin the Day-Care did while their\lTrainers were away.\pHehehe[.]\nNow I'm glad I never did use it.,,à_traduire,
e06f4e1b5c5b,scripts/rocket warehouse/generic dialogue/grunt 2.rbc,30,@talk2,cp1252,"Oh, oh, oh, oh!\nWhat's going on?",,à_traduire,
56cd8e3bbe0f,scripts/rocket warehouse/generic dialogue/grunt 2.rbc,33,@talk3,cp1252,Ha!\pIt's not as if I can afford\nanything at the Poké Mart anyway[.],,à_traduire,
015f2ec87f85,scripts/rocket warehouse/generic dialogue/grunt 3.rbc,27,@talk,cp1252,Apparently Pokémon eggs are all\nthe rage in Johto and Hoenn.\pYet most people here seem as if\nthey don't even know they exist.\pHa! Which means we can take them\nall for ourselves without trouble.,,à_traduire,
b20f0b9a7e2c,scripts/rocket warehouse/generic dialogue/grunt 3.rbc,30,@talk2,cp1252,"I need to see, dammit!",,à_traduire,
4c2dd8558543,scripts/rocket warehouse/generic dialogue/grunt 3.rbc,33,@talk3,cp1252,Hm[.]\nMaybe I should just catch and\ltrain my own Pokémon like a normal\lTrainer now..?\p[.]\pArgh!\nI don't know what I should do!,,à_traduire,
494ef6b623ca,scripts/rocket warehouse/generic dialogue/grunt 4.rbc,11,@talk,utf-8,"Man, I hope that Lapras will lay\nan egg before too long[.]\pThose things are so rare, man[.]\nBe such a shame to let it go[.]",,à_traduire,
20abb69660b4,scripts/rocket warehouse/generic dialogue/grunt 5 (up top).rbc,11,@talk,utf-8,"That Machoke there belongs to some\nHiker who hasn't been back for it\lfor like a year.\pHaha!\pWell, he sure can't complain that\nit hasn't gotten enough exercise\lwhen he finally gets it back.",,à_traduire,
f70ef2b4dadc,scripts/rocket warehouse/generic dialogue/machoke.rbc,15,@talk,utf-8,Machoke: Gwawah[.],,à_traduire,
5fcad38bd1e6,scripts/rocket warehouse/generic dialogue/primeape.rbc,15,@talk,utf-8,Primeape: Pyayah..!,,à_traduire,
c58ef105509a,scripts/rocket warehouse/generic dialogue/ronnie.rbc,29,@talk,utf-8,"Ronnie: Oooh yeah!\pYou're missing out, [player]!\nThis burglery is where it's at!",,à_traduire,
13255877dbd0,scripts/rocket warehouse/generic dialogue/ronnie.rbc,32,@talk2,utf-8,"Ronnie: I need to see, I need to\nsee!",,à_traduire,
6b52808fe9d7,scripts/rocket warehouse/generic dialogue/ronnie.rbc,35,@talk3,utf-8,"Ronnie: Well, [player], what are we\ngoing to do now?\pWe're going to keep being badasses\nas always, right?\p[.]\pYou know, I heard these guys back\nat HQ in Celadon were setting up\lsome kind of rewards program for\lthe most infamous criminals in\lTeam Rocket.\pNice timing, right?\nI say screw taking Lance's bait!\pI'm gonna be as bad as I can\npossible be, dammit!",,à_traduire,
25e83cb07c5f,scripts/rocket warehouse/generic dialogue/scientist 1.rbc,10,@talk,utf-8,"Hmmm[.] yes[.] the exponential\nfunction[.] with the product of[.]\lthe square root of negative one[.]\land pi[.] as input, and[.] oh..!",,à_traduire,
f7a82be63e0b,scripts/rocket warehouse/generic dialogue/scientist 2.rbc,10,@talk,utf-8,"Hahahaha!\nOh my God, that's insane!\p[.]\p(Okay, just one more cat video and\nI'll get back to work, now[.])",,à_traduire,
2c0701378024,scripts/rocket warehouse/generic dialogue/scientist 3 (steroid giver).rbc,31,@talk,cp1252,"Yes, you're [player]?\pThe grunt who's carrying out the\nsmuggling deal with Lt. Surge?\pYeah, it took us ages to get it\nstrong enough, but here's the\lstuff he wanted.\pTreat it with care, now!",,à_traduire,
9b823b88a1da,scripts/rocket warehouse/generic dialogue/scientist 3 (steroid giver).rbc,34,@talk2,cp1252,"Synthesizing first-grade anabolics\nis a crafty art.\pEspecially when it's for a great\nbig brute of a man, I tell ya!",,à_traduire,
e93a7825c879,scripts/rocket warehouse/generic dialogue/scientist 3 (steroid giver).rbc,37,@talk3,cp1252,We are working to create drugs\nthat will make Pokémon stronger\land faster!,,à_traduire,
3d8ba18b561e,scripts/rocket warehouse/generic dialogue/scientist 3 (steroid giver).rbc,41,@steroidGet,cp1252,[player] received the Steroids from\nthe Rocket scientist.,,à_traduire,
d3da6609d4ab,scripts/rocket warehouse/generic dialogue/scientist 4.rbc,11,@talk,utf-8,I am taking my revenge on all the\nkids who picked on me in high\lschool by becoming the ultimate\levil scientist!,,à_traduire,
6e05214d32f2,scripts/rocket warehouse/generic dialogue/scientist 5.rbc,11,@talk,cp1252,"Ah[.]\nPokémon[.]\pIf you can't exploit them for\nprofit, what's the use of them?",,à_traduire,
5d88d4f2bd6f,scripts/rocket warehouse/generic dialogue/scientist 6 (psyduck scientist).rbc,12,@talk,utf-8,"I suppose you're wondering why we\nput a Psyduck inside this fence\land not in the pond over there?\pYeah, don't worry about it;\nit lacks the intelligence to even\lrealize it's out of water, see.\pIt's pretty funny.",,à_traduire,
6e29fa268328,scripts/rocket warehouse/introductory level script.rbc,149,@DCtalk,cp1252,"Greetings, sir.\pSome fresh meat here for you, in\nmore ways than one.",,à_traduire,
443a73532a36,scripts/rocket warehouse/introductory level script.rbc,154,@adminEllipses,cp1252,Archer: [.],,à_traduire,
586a6b06327d,scripts/rocket warehouse/introductory level script.rbc,166,@adminTalk,cp1252,"Archer: What have we got here?\nA male Nidoran, is it?\pWell, it may be cute, but it\ncertainly won't be of any use for\lmanual labor, hmm?",,à_traduire,
52ecf7edbfe7,scripts/rocket warehouse/introductory level script.rbc,170,@DCtalk2,cp1252,"No, indeed.\pBut if I recall correctly it\nshould be pretty-- er[.]\lversatile in the breeding\ldepartment.",,à_traduire,
1bf61533b7c6,scripts/rocket warehouse/introductory level script.rbc,178,@adminTalk2,cp1252,Archer: That so?,,à_traduire,
388b4312f7ad,scripts/rocket warehouse/introductory level script.rbc,181,@adminTalk3,cp1252,"You, grunt!\pGo throw this little fella in the\nbreeding pit.\pTry get it close to that Cubone\nwe've got there too-- we could\luse a few more Cubone eggs.",,à_traduire,
f8f59b984640,scripts/rocket warehouse/introductory level script.rbc,185,@yessir,cp1252,"Yes, sir!",,à_traduire,
452a0e43fe07,scripts/rocket warehouse/introductory level script.rbc,235,@DCtalk3,cp1252,"Well, I'll be on my way.",,à_traduire,
865226370451,scripts/rocket warehouse/introductory level script.rbc,252,@adminTalk4,cp1252,"Archer: Well, then!\n[.]and you are..?",,à_traduire,
9e7c1c9d1de0,scripts/rocket warehouse/introductory level script.rbc,260,@adminTalk5,cp1252,"Archer: [.]\c\h08ó\nAh, so you're [player].\pWelcome to Cerulean-- the city of\nbeautiful flowing water, or\lwhatever the hell it is.\pMake yourself at home in our\nhumble little Rocket base, but\lplease don't feed the Pokémon, if\lyou'd be so kind.",,à_traduire,
f8bc4c34a2b7,scripts/rocket warehouse/introductory level script.rbc,265,@adminTalk6,cp1252,"I got the message from Boss about\nyour mission.\pBill's house is just north of the\ncity along Route 25, right on the\lother side of Nugget Bridge.\pIt's pretty big-- you won't miss\nit.",,à_traduire,
f7e812dee41d,scripts/rocket warehouse/introductory level script.rbc,269,@adminTalk7,cp1252,"I had a box of a few rarities put\ntogether per Boss's request.\pHonestly, if I were Bill, I'd take\nthe job in a heartbeat if the\lstuff in there was what I was\lbeing offered, but then I've heard\lhe is a bit of a picky weirdo.",,à_traduire,
33209c0f0759,scripts/rocket warehouse/introductory level script.rbc,274,@adminTalk7.5,cp1252,You can go collect the parcel up\nin the storage room over there.,,à_traduire,
14c34f0f8d3b,scripts/rocket warehouse/introductory level script.rbc,277,@adminTalk8,cp1252,"Now if you'll excuse me, I'll have\nto give these rookies here a crash\lcourse in the art of a good\lburglery.\pThis part is always good fun.",,à_traduire,
fecc889a0e16,scripts/rocket warehouse/introductory level script.rbc,399,@ronTalk1,cp1252,"Ronnie: You guys! You're not gonna\nbelieve this:\lThe cops are in town!\pThey're up by the old TM\ncollector's house-- I swear, we\lonly barely got away before they\lhad us in cuffs just now!",,à_traduire,
67bd197a27d6,scripts/rocket warehouse/introductory level script.rbc,402,@gruntTalk1,cp1252,"No kidding, man-- what do you\nthink we're all so worked up over?",,à_traduire,
c7089bed6ecd,scripts/rocket warehouse/introductory level script.rbc,405,@gruntTalk2,cp1252,"Jeez, what are we going to do?\nYou think they're onto us?",,à_traduire,
7e3c3e40ec4d,scripts/rocket warehouse/introductory level script.rbc,408,@gruntTalk3,cp1252,"But they couldn't have seen us!\nWe were real stealth-like!\pThey've got no reason to think it\nwas us and not some other old\lburglar, have they?",,à_traduire,
ef74d14ea0ad,scripts/rocket warehouse/introductory level script.rbc,411,@gruntTalk4,cp1252,"Come on!\pYou can't know if at least one of\nus didn't slip up and get spotted\lat some point!\pI mean, I'm sure it doesn't take a\ngenius of a bystander to spot a\lcrew of Rockets running around and\la house being robbed and somehow\lconnect the two, does it?",,à_traduire,
25dd5cc90da4,scripts/rocket warehouse/introductory level script.rbc,416,@ARTalk1,cp1252,"Archer: That's enough.\c\h08ó\nPlease be quiet, all.\pThere should be no reason for\nalarm.\pThe police have arrived at the\nscene a lot quicker than they\lusually do, granted, but there's\lno reason for them to suspect us\lin particular just yet.",,à_traduire,
3568d7282da9,scripts/rocket warehouse/introductory level script.rbc,420,@ARTalk2,cp1252,"And, even if they did, well[.]\pWe've got enough influence in the\nKanto police department to ensure\lthe repercussions for us will be\lminimal.",,à_traduire,
b444cb52020f,scripts/rocket warehouse/introductory level script.rbc,423,@ARTalk3,cp1252,"No, this is a far too\nlow-impact episode for them to\ltake any definite action.\p[.]\pUnless, of course--",,à_traduire,
fb9fca399f92,scripts/rocket warehouse/introductory level script.rbc,426,@yell,cp1252,"Hey, guys! Check this out!\nIt's on the TV!\pGet over here, quick!",,à_traduire,
039e79fe8591,scripts/rocket warehouse/introductory level script.rbc,707,@rivalTalk,cp1252,"Ronnie: There you are, [player]!\nDude, you better get over here!\pEverybody's all in a frenzy about\nsome strong-ass Trainer that came\lin here just now.\pI just got here, so I haven't got\na clue what happened, but it\lsounds pretty darn exciting.\pCome on!",,à_traduire,
332d43d6d3e7,scripts/rocket warehouse/introductory level script.rbc,711,@gruntOneTalk,cp1252,"I'm telling you, he beat me\nstraight out without even breaking\la sweat!\pIt's like I barely got the chance\nto even make a move before he was\lall up in my face demanding I give\lhim prize money!",,à_traduire,
1eb9a9139366,scripts/rocket warehouse/introductory level script.rbc,715,@gruntTwoTalk,cp1252,"Tell me about it. That spiky-\nhaired kid was ruthless, man.\pWhere do you think he came from?\pMust have been some rich little\nchild prodigy who ran away from\lPokémon school or something.\lDisgusting.",,à_traduire,
0b9bce5b8b30,scripts/rocket warehouse/introductory level script.rbc,720,@gruntTwoTalkExtra,cp1252,And where the hell did he get all\nthose uber-powerful Pokémon?\pThat's some irresponsible\nparenting right there if you ask\lme.,,à_traduire,
b1311a1ff90b,scripts/rocket warehouse/introductory level script.rbc,724,@rivalTalk2,cp1252,Ronnie: What?,,à_traduire,
1f28f62044ae,scripts/rocket warehouse/introductory level script.rbc,729,@rivalTalk3,cp1252,"You guys are telling me you got\nyour asses handed to you by some\lkid?\pWho taught you guys how to battle,\nhuh? Your moms?",,à_traduire,
a08e4358811e,scripts/rocket warehouse/introductory level script.rbc,747,@rivalTalk4,cp1252,"I'm not buying this, [player].",,à_traduire,
c414ee094d82,scripts/rocket warehouse/introductory level script.rbc,751,@rivalTalk5,cp1252,I'll go hunt down this twerp and\nwe'll see who's the real prodigy\laround here. Geez.,,à_traduire,
4cae98df8506,scripts/rocket warehouse/introductory level script.rbc,755,@gruntOneTalkTwo,cp1252,"Suit yourself, pal.\pI'm gonna go hit the Pokémon\nCenter for a while.\pCan't find any damn fossils\naround here anyway.",,à_traduire,
d379e62758d8,scripts/rocket warehouse/introductory level script.rbc,759,@gruntTwoTalkTwo,cp1252,Roger that.,,à_traduire,
b0ca1a96d8ad,scripts/rocket warehouse/introductory level script.rbc,799,@gruntThreeTalk,cp1252,I-I think the Pokémon Center\nsounds pretty nice right about\lnow.,,à_traduire,
f0c92bfc9df2,scripts/rocket warehouse/introductory level script.rbc,823,@rivalTalk6,cp1252,"Talk about a bunch of wussies.\pYou're not scared of some little\nkid Trainer, are you, [player]?",,à_traduire,
11bfe1e5a971,scripts/rocket warehouse/introductory level script.rbc,827,@rivalTalkYes,cp1252,"[.]\pDude, stop contradicting me; this\nis not very productive!\pAnyway, you better harden up,\nthen!\pSee, [player], a true gangster is\nicy and fearless like a renegade!\pYou could learn a thing or two\nfrom me, I'm telling you.",,à_traduire,
849d67e5809d,scripts/rocket warehouse/introductory level script.rbc,831,@rivalTalkNo,cp1252,"See, that's what I'm talking\nabout, man!\pI knew you were a cool dude like\nthat.",,à_traduire,
7d97d4e23613,scripts/rocket warehouse/introductory level script.rbc,835,@rivalTalk7,cp1252,"Come on!\pSpiky-haired little twerpy kids or\nancient old Pokémon bones-- I'm\lnot leaving this damn cave till I\lfind something that'll make Petrel\lsee me for the dedicated master\lcriminal that I am!\pLet's go, damn it!",,à_traduire,
0099b0808a58,scripts/rocket warehouse/mission-end level script.rbc,206,@TVtalk,cp1252,Announcer: The regional police\nforce is reportedly working around\lthe clock to implement Lance's new\lanti-crime program.\pWe will bring you more news on its\nprogress as it arrives.,,à_traduire,
99bef6742ae4,scripts/rocket warehouse/mission-end level script.rbc,209,@adminTalk1,cp1252,Archer: [.],,à_traduire,
9d270ad7aefa,scripts/rocket warehouse/mission-end level script.rbc,212,@hysteria1,cp1252,Oh no!\nThey're onto us!,,à_traduire,
671583c00997,scripts/rocket warehouse/mission-end level script.rbc,215,@hysteria2,cp1252,I knew those cops meant trouble!\nNow what are we going to do?!,,à_traduire,
158c0fbcd303,scripts/rocket warehouse/mission-end level script.rbc,219,@hysteria3,cp1252,"Man, I don't want to go to jail!",,à_traduire,
bbf4e50a8bc0,scripts/rocket warehouse/mission-end level script.rbc,224,@gruntTalk1,cp1252,Ronnie!\nYou worthless piece of crap!\pNow we've got the police and the\ngovernment on our heels all\lbecause you couldn't keep yourself\lfrom robbing every little girl you\lcame across!,,à_traduire,
2973ae59b3e8,scripts/rocket warehouse/mission-end level script.rbc,227,@gruntTalk2,cp1252,"Yeah, you punk!\pWhy couldn't you just stick to the\nmission like the rest of us, huh?\pYou always had to be the hothead,\ndidn't you?",,à_traduire,
3af9a4fde3be,scripts/rocket warehouse/mission-end level script.rbc,230,@ronTalk1,cp1252,"Ronnie: B-but guys!\nGimme a break!\pHow was I supposed to know that\nbrat was the collector guy's\ldaughter?\pI mean, I was just doing exactly\nwhat all of you do!\pMatter of fact, I bet your\nstinking asses would have done\lexactly what I did if you'd have\lhad half the chance, you dumb\llittle--",,à_traduire,
ac6d0e6fe719,scripts/rocket warehouse/mission-end level script.rbc,233,@adminTalk2,cp1252,"Archer: That's enough, grunt.\c\h08ó\nBe quiet.",,à_traduire,
6fc45d22c5dd,scripts/rocket warehouse/mission-end level script.rbc,250,@adminTalk3,cp1252,"Archer: Lance, that son of a\nGranbull[.]\pPretending like he hasn't known\nabout our operations for ages\lalready.\pRidiculous[.]",,à_traduire,
a831070d8406,scripts/rocket warehouse/mission-end level script.rbc,261,@adminTalk4,cp1252,Archer: Grunts!\pThe day Lance gives a Rattata's\nass about Kanto's safety will be\lthe day I die.\pBut he has clearly decided that\nnow is a good time to seem like a\ldo-gooder for the press.,,à_traduire,
1bf563cad0ca,scripts/rocket warehouse/mission-end level script.rbc,265,@adminTalk5,cp1252,What exactly this means for us I\nam going to have to discuss with\lBoss.\pThe bloody pulp to which you and\nyour family will be beaten should\lyou ever reveal any confidential\linformation to the police should\lnot be news to you anyway.,,à_traduire,
f229f1c1dcba,scripts/rocket warehouse/mission-end level script.rbc,269,@adminTalk5.5,cp1252,"Besides that, I don't really care\nwhether any one of you get the\lpolice on your tail or not.\pYou rob or refrain from robbing as\nyou see fit, and then[.]\pYou personally suffer whatever\nconsequences come from that.",,à_traduire,
88430241e1e8,scripts/rocket warehouse/mission-end level script.rbc,280,@adminTalk6,cp1252,"Archer: I might also add that\nhowever ""morally impervious"" Lance\lthinks his special cops are[.]\pI've yet to meet a Kanto policeman\nwho's totally immune to bribery[.]",,à_traduire,
a64b7d6a333b,scripts/rocket warehouse/mission-end level script.rbc,284,@adminTalk7,cp1252,"Anyhow[.]\pThe bottom line is: Keep doing as\nyou've been told, grunts!\pYou still get to be Pokémon\ngangsters, just don't be stupid\labout it, all right?",,à_traduire,
f118d84b8db5,scripts/rocket warehouse/mission-end level script.rbc,287,@2adminTalk1,cp1252,"Archer: Well!\pI won't pretend like my capacity\nfor giving praise to anyone at all\lwas not a little hampered just\lnow, but I'll try my best.",,à_traduire,
daae88cf5ef0,scripts/rocket warehouse/mission-end level script.rbc,297,@2adminTalk2,cp1252,"Great work on your mission,\n[player].\pYou've saved our Porygon supply,\nand you've done it even without\lhaving to expend more resources\lthan we can afford.\pI am going to personally commend\nyou to Boss for a job well done.",,à_traduire,
204683c7bdd6,scripts/rocket warehouse/mission-end level script.rbc,302,@2adminTalk3,cp1252,So[.] it is in good conscience that\nI trust you with another high-\lstakes mission.\pI'll get right down to it.,,à_traduire,
98f39d905a93,scripts/rocket warehouse/mission-end level script.rbc,306,@2adminTalk4,cp1252,"We are involved in a smuggling\ndeal with a certain Gym Leader\ldown in Vermilion City.\pHeh.\nYes, that's right.\pGiven his rather public status as\na Kanto veteran from the war, it\lshould come as no surprise that\lSurge happens to be a Rocket\lsympathizer.",,à_traduire,
74038edeb4f4,scripts/rocket warehouse/mission-end level script.rbc,318,@2adminTalk5,cp1252,Anyway[.]\pThe good lieutenant has managed to\nget a number of rare Johto Pokémon\lsmuggled into the S.S. Anne liner\lthat's just about to dock at the\lVermilion harbor.\pHe'll be handing them over to us\nin exchange for some goods that\lour scientists have synthesized in\lthe lab are here in the other\lroom.,,à_traduire,
f792533477a9,scripts/rocket warehouse/mission-end level script.rbc,322,@2adminTalk6,cp1252,"Go pick them up, and then head\nsouth of here through Saffron to\lget to Vermilion City.\pThe Rocket admin we've stationed\nthere is a bit of a downer, but\lyou should probably meet up with\lhim just to lend yourself a bit\lmore credibility when dealing with\lSurge.",,à_traduire,
525c81f1c5fc,scripts/rocket warehouse/mission-end level script.rbc,325,@2adminTalk7,cp1252,"Did you get all of that?\c\h08ó\nThat's a good lad.\pPick up those drugs from our\nscientists, and off to Vermillion\lwith you!",,à_traduire,
94948005450f,scripts/rocket warehouse/post-mission level script.rbc,48,@ronTalk1,utf-8,"Ronnie: You guys! You're not gonna\nbelieve this:\pThe cops are in town!\pThey're up by the old TM\ncollector's house-- I swear, we\lonly ",,à_traduire,
a67da478276f,scripts/rocket warehouse/post-mission level script.rbc,52,@gruntTalk1,utf-8,"No kidding, man-- what do you\nthink we're all so worked up over?",,à_traduire,
f7e183aceac4,scripts/rocket warehouse/post-mission level script.rbc,55,@gruntTalk2,utf-8,"Jeez, what are we going to do?\nYou think they're onto us?",,à_traduire,
1d9283710dfb,scripts/rocket warehouse/post-mission level script.rbc,58,@gruntTalk3,utf-8,"But they couldn't have seen us!\nWe were real stealth-like!\pThey've got no reason to think it\nwas us and not some other old\lburglar, have they?",,à_traduire,
1625a4818dc5,scripts/rocket warehouse/post-mission level script.rbc,61,@gruntTalk4,utf-8,"Come on! You can't know if at\nleast one of us didn't slip up and\lget spotted at some point!\pI mean, I'm sure it doesn't take a\ngenius of a bystander ",,à_traduire,
af51653b26b6,scripts/rocket warehouse/post-mission level script.rbc,65,@adminTalk1,utf-8,"Archer: That's enough.\nPlease be quiet, all.\pThere should be no reason for\nalarm.\pThe police have arrived at the\nscene a lot quicker than they\lusually do, but there's no reason\lfor them to suspect us in\lparticular just yet.",,à_traduire,
2e74ca8580e6,scripts/rocket warehouse/post-mission level script.rbc,68,@adminTalk2,utf-8,"And, even if they did, well[.]\pWe've got enough influence in the\nKanto police department to ensure\lthe repercussions for us will be\lminimal.",,à_traduire,
de5f56052044,scripts/rocket warehouse/post-mission level script.rbc,71,@adminTalk3,utf-8,"No, this is a far too\nlow-impact episode for them to\ltake any definite action.\p[.]\pUnless, of course--",,à_traduire,
41c8996aa02c,scripts/rocket warehouse/post-mission level script.rbc,74,@gruntYell,utf-8,"Hey, guys! Check this out!\nIt's on the TV!\pGet over here, quick!",,à_traduire,
48eec9e2950d,scripts/route 1/mart employee.rbc,11,@talk,cp1252,"Er-hem!\nHello there, Rocket!\pI work at the Poké Mart in\nViridian City!\pAnd I'll have you know[.]\pOur employees are specially\ntrained to deter robberies!\pSo don't you even think about\ngoing there and snatching\lsomething you didn't pay for!\pIt won't work!\nNo, sir!",,à_traduire,
3358c80f80bc,scripts/route 1/npc guy.rbc,4,@talk,utf-8,Those ledges[.]\pI know of only one man who can\njump up them from the other side[.]\pAnd he keeps pestering me whenever\nI walk beside a tree in the road!,,à_traduire,
70c27ebd4cf0,scripts/route 10/picnicker no2.rbc,13,@after,cp1252,Did you come here to kill Cubone?\nYou should be ashamed of yourself.,,à_traduire,
6b90f3187415,scripts/route 10/picnicker.rbc,13,@after,cp1252,What in the world is a Rocket\ndoing up in the mountains?\pThere's no money to be made here!,,à_traduire,
62faebbe97c9,scripts/route 10/pokemaniac.rbc,4,@challenge,cp1252,"Hey, man!\nWant to see my Pokémon?",,à_traduire,
27b4969c2602,scripts/route 10/zapdos blocker.rbc,11,@talk,cp1252,"Stop right there, Rocket!\pAs part of Lance's anti-crime\ninitatives, I've been sent here to\lguard nesting places of certain\lPokémon of national importance!\p[.]\pGuard them from thugs like you,\nthat is! Move right along!",,à_traduire,
957ff936b6d3,scripts/route 11/AIDS.rbc,11,@talk,utf-8,"Yes, for Pete's sake..!\nI'm one of Prof. Oak's Aides!\p[.]\pI just don't see why everybody\nthinks that's so funny!",,à_traduire,
7915a3a44a37,scripts/route 11/engineer.rbc,4,@talk,utf-8,Spread the word to save energy!\p[.]\pJust 'cause you're a criminal\ndoesn't mean you can't live green!,,à_traduire,
b989c80520ec,scripts/route 11/gambler no4.rbc,13,@after,utf-8,I lied.\nI've actually lost many times.\pI just want you to think I'm cool.,,à_traduire,
8f9d0be25f5f,scripts/route 11/gate guard 1.rbc,18,@talk,cp1252,"So there's this big fat Pokémon\nblocking the way here.\pBut, I mean[.] it's not my job to\nmove it! I'm just a guard.",,à_traduire,
2badd188303d,scripts/route 11/gate guard 1.rbc,22,@talk2,cp1252,"Hmm[.] my colleagues from the\nSaffron gates told me to ignore\lany pink-haired guys in Team\lRocket uniforms[.]\p[.]Oh!\pWell, I guess there's nobody\nhere, then.",,à_traduire,
08896fb43ec3,scripts/route 11/guard 2.rbc,11,@talk,utf-8,"Hmm?\nYou're a Rocket?\pWell[.] catching you guys[.]\nThat's somebody else's job.\pI'm just a gate guard, okay?\nNobody can blame me!",,à_traduire,
1e7c865286e6,scripts/route 11/talking youngster.rbc,11,@talk,cp1252,It's funny that the road through\nhere is so narrow that just one\lPokémon lying in the way blocks\loff all traffic.,,à_traduire,
297ad59c449e,scripts/route 11/youngster no4.rbc,13,@after,cp1252,There's a fat Pokémon that comes\ndown from the mountains.\pKind of like your mom!,,à_traduire,
0f6e0abbc525,scripts/route 11/youngster.rbc,13,@after,utf-8,"M-my mommy told me cheaters never\nwin, you know[.]",,à_traduire,
55dff05c705b,scripts/route 12 (silence bridge)/fisherman no2.rbc,4,@challenge,utf-8,I hear there's a rivalry going on\nbetween the Fishing Brothers.,,à_traduire,
f19ef7249e72,scripts/route 12 (silence bridge)/fisherman no2.rbc,7,@defeat,utf-8,"I mean, that's just what I've\nheard.",,à_traduire,
e34c5c3104ee,scripts/route 12 (silence bridge)/fisherman no2.rbc,10,@after,utf-8,Gossip is poinsonous to the mind!\nI will indulge in it no more.,,à_traduire,
2f4efd0caf3f,scripts/route 12 (silence bridge)/fisherman.rbc,4,@challenge,cp1252,The Fishing Fool versus the\nPokémon Gangster!,,à_traduire,
4c886a8d0166,scripts/route 12 (silence bridge)/fisherman.rbc,7,@after,cp1252,"You're a Fishing Fool, see,\nbecause you're only hooking\lMagikarp.",,à_traduire,
ef3b1d0335a1,scripts/route 12 (silence bridge)/fishing guru diary.rbc,132,@talk,cp1252,"Hey, you! Go nose around in some\nother people's private business!\pThat diary is for my eyes only,\nyou hear me?",,à_traduire,
183eecd4b706,scripts/route 12 (silence bridge)/fishing guru diary.rbc,136,@diary,cp1252,"Dear Diary,\pI have at last managed to perfect\nthe formula for creating the most\lSUPER Rod known to man.\pIt will outperform both of my\nbrothers' Rods by a mile, and no\lTrainer who tries it will ever go\lback to using another.\p[.]\pThe Rod is made from[.]\c\h08ó\nSturdy but regular materials[.]\pFirm grip[.]\c\h08ó\nFast action[.]\pIn addition[.]\pI infused its hook and sinker with[.]\c\h08ó\nthe odor of a female Gyarados.\pBecause Gyarados, as any fisherman\nknows, is the sea Pokémon with the\lgreatest sex appeal of all, it[.]\c\h08ó",,à_traduire,
70402af964ee,scripts/route 12 (silence bridge)/fishing guru diary.rbc,140,@talk2,cp1252,"Oh, no!\c\h08ó\nTh-that thing there's private!",,à_traduire,
6bed81a59113,scripts/route 12 (silence bridge)/fishing guru diary.rbc,144,@talk3,cp1252,"Blast it all!\c\h08ó\nMy brother sent you, didn't he?\p[.]\c\h08ó\nThat good-for-nothing coward[.]\pNow he'll have my secret!\nWhat will I do..?!",,à_traduire,
cbef4a7034bc,scripts/route 12 (silence bridge)/fishing guru diary.rbc,148,@talk4,cp1252,"Hang on[.]\pMy brother in Fuschia told me he\nhad a pink-haired spy sent on him.\pHe said the spy was sympathetic,\nand promised not to leak his\lsecrets[.]\pI-is it true?\pDo you promise not to tell the\nFishing Guru my secrets?",,à_traduire,
54d01e314b84,scripts/route 12 (silence bridge)/fishing guru diary.rbc,152,@talk5,cp1252,"Oh, thank you!\c\h08ó So there is justice\nin the world after all[.]\pYou know, I got this from a cousin\nof mine in the Lake of Rage.\pTake it as a sign of my gratitude.",,à_traduire,
c15bf3991f6f,scripts/route 12 (silence bridge)/fishing guru diary.rbc,156,@magikarpGet,cp1252,[player] obtained a Shiny Magikarp!,,à_traduire,
f4738ef0f61f,scripts/route 12 (silence bridge)/fishing guru diary.rbc,160,@nicknameorno,cp1252,Would you like to give a nickname\nto Magikarp?,,à_traduire,
238b88d1429f,scripts/route 12 (silence bridge)/fishing guru diary.rbc,163,@pcmsg,cp1252,[buffer2] was sent to Box [buffer3]\nin Bill's PC.,,à_traduire,
566596f780af,scripts/route 12 (silence bridge)/fishing guru diary.rbc,167,@talk6,cp1252,I know who you are!\pYou're that spy the Fishing Guru\nsent on my brother in Fuschia!\pDarn it!\nHe warned me about you[.]\pWell[.] You're not getting away\nthat easily this time!\pI'll defend my Rod till my last\nbreath!,,à_traduire,
8cb444dee5a8,scripts/route 12 (silence bridge)/fishing guru diary.rbc,171,@defeatText,cp1252,I-it's not right..!,,à_traduire,
fce3cbb3dd86,scripts/route 12 (silence bridge)/fishing guru diary.rbc,175,@talk7,cp1252,"No..?\p[.]\pW-well, fine!\pI'll just have to force you to\nstay quiet, then, won't I?",,à_traduire,
5da88a535e40,scripts/route 12 (silence bridge)/fishing guru diary.rbc,179,@talk8,cp1252,You evil little..!\pI'll have my brother in court for\nthis!,,à_traduire,
ff4c7ac20148,scripts/route 12 (silence bridge)/fishing guru diary.rbc,183,@diary2,cp1252,The Fisherman's diary lies closed\non the table.,,à_traduire,
22211ee21edc,scripts/route 12 (silence bridge)/fishing guru.rbc,44,@yesTalk,utf-8,"Good for you, buddy!\p[.]\p(If this thug-looking guy thinks\nhe'll get a free Rod off of me\ljust for saying he likes fishing,\lhe's one entitled dude[.])",,à_traduire,
c066444561d1,scripts/route 12 (silence bridge)/fishing guru.rbc,47,@angryTalk,utf-8,"Well, are you happy now, spy?\pI will come up with an even better\nRod than my brother, you watch!",,à_traduire,
f570698b4cfa,scripts/route 12 (silence bridge)/fishing guru.rbc,50,@distractedTalk,utf-8,"Oh, man[.]\nThat was one big-ass Magikarp[.]\pHoo-hoo! Better write it down so I\ndon't forget.",,à_traduire,
1f6b99f294c0,scripts/route 12 (silence bridge)/fishing guru.rbc,54,@happyTalk,utf-8,"Well, hello there!\nHow is that Magikarp doing?",,à_traduire,
8a78cc4a5bb6,scripts/route 12 (silence bridge)/gate lass.rbc,11,@talk,utf-8,I've heard many rumors about you\nRockets from Lavender.\pIs it all true? Are you really the\nroot of all evil?,,à_traduire,
65cb1132661f,scripts/route 12 (silence bridge)/guard.rbc,4,@talk,cp1252,The people over in Lavender would\nrather I didn't let you people\lpass through here.\pBut c'mon[.] I'm not the arbiter of\nPokémon justice.\pI'm just a humble guard. Waiting\npatiently for my lunch break[.],,à_traduire,
36718d46e586,scripts/route 12 (silence bridge)/guitarist.rbc,10,@challenge,cp1252,"Hey, that big fat Pokémon that\nused to be in the way here\lsuddenly disappeared!",,à_traduire,
ed12496dab19,scripts/route 12 (silence bridge)/guitarist.rbc,13,@postBattle,cp1252,The sleeping Pokémon took off\nright around the same time I saw\lthis mute little cap-wearing kid\lwalk past[.],,à_traduire,
e2eee7fae3dc,scripts/route 12 (silence bridge)/jes.rbc,4,@defeat,utf-8,Jes: [.] phew! Thank goodness.\nDodged that commitment.,,à_traduire,
b0cb93a84597,scripts/route 13 (maze)/beauty 1.rbc,10,@postBattle,utf-8,You could've warned me you were\none of those naughty guys[.],,à_traduire,
3a07c93916fa,scripts/route 13 (maze)/bird tamer.rbc,10,@defeat,utf-8,"Uh[.] actually, maybe not!",,à_traduire,
0b0e2a2534c8,scripts/route 13 (maze)/bird tamer.rbc,13,@postBattle,utf-8,"I should look more carefully at\nwhom I challenge to battle.\pStay away from me and my birds,\ncriminal!",,à_traduire,
80d90e63f6c2,scripts/route 13 (maze)/picnicker 1 (from right).rbc,10,@postBattle,utf-8,I wish Carbos could have sped me\nup enough to run away from you!,,à_traduire,
e29b6cefdc13,scripts/route 13 (maze)/picnicker 2.rbc,10,@postBattle,utf-8,I want to become a good Trainer.\nNot like you bad guys!,,à_traduire,
27d01018e88c,scripts/route 13 (maze)/picnicker 3.rbc,10,@challenge,utf-8,W-wow..!\nAre you a real criminal?,,à_traduire,
ca6e62883af3,scripts/route 13 (maze)/picnicker 3.rbc,13,@postBattle,utf-8,"It was true, wasn't it?\pOh, why do I have to always play\nwith fate like this[.]",,à_traduire,
2413db567601,scripts/route 13 (maze)/picnicker 4.rbc,10,@defeat,utf-8,I regret it already!,,à_traduire,
5b99e558f177,scripts/route 13 (maze)/picnicker 4.rbc,14,@postBattle,utf-8,Aaaah! I wish they never had made\nyour acquaintance[.],,à_traduire,
0ba4fc85eeb1,scripts/route 14/biker 1 (from bottom).rbc,10,@challenge,utf-8,"You should come out to Cycling\nRoad sometime, Rocket!\pMy brothers over there will show\nyou what real gang life is like!",,à_traduire,
fa40fd275527,scripts/route 14/biker 2.rbc,10,@challenge,utf-8,"I'm here scouting for new gang\nmembers for my boss from the\lBottoms gang on Cycling Road!\pYou interested, Rocket?",,à_traduire,
8dc23618e25e,scripts/route 14/biker 2.rbc,13,@postBattle,utf-8,"Forget it, man!\pWe don't want any wannabe city\ngangsters like you!",,à_traduire,
95f635fd894c,scripts/route 14/biker 3.rbc,10,@postBattle,utf-8,"You know, maybe I would have\njoined you Rockets too if only you\lhad motorbikes!\pI just can't live without 'em!",,à_traduire,
24dc1b4e5815,scripts/route 14/bird tamer 1 (from top).rbc,10,@postBattle,utf-8,"Of course, if you keep on being a\nno-good criminal, nobody's going\lto want to sell you any TMs!",,à_traduire,
90fe6fbe5d72,scripts/route 14/bird tamer 2.rbc,10,@postBattle,utf-8,"Keep your fingers off of my birds,\nRocket!",,à_traduire,
2d04ca22b833,scripts/route 14/bird tamer 3.rbc,10,@challenge,utf-8,They have TMs on sale at the\nCeladon Dept. Store.\pBut they won't sell 'em to bandits\nlike you!,,à_traduire,
ba44491f59aa,scripts/route 14/bird tamer 3.rbc,13,@postBattle,utf-8,"Come into the light, Rocket!\pThose policemen in the cities will\ngive you TMs if you stay good!",,à_traduire,
b23d88121b75,scripts/route 14/bird tamer 4.rbc,10,@postBattle,cp1252,"All right, all right, I get it!\nFly is old news for you!\pYou had the balls to steal a bird\nPokémon from the start, all right!",,à_traduire,
b974f4f82890,scripts/route 14/bird tamer 5.rbc,10,@postBattle,utf-8,"Well, it doesn't matter if you've\nheard of them or not!\pLance would never let a thug like\nyou come near a Legendary Bird!",,à_traduire,
8277d9057bc1,scripts/route 15/aide (gate).rbc,11,@talk,utf-8,"Just to avoid all this ridicule, I\nkeep telling Prof. Oak to start\lcalling me his ""assistant"".\pNo use! For ever I will be just\none of Prof. Oak's AIDES!",,à_traduire,
fb25d0ecbb12,scripts/route 15/beauty 2.rbc,10,@postBattle,cp1252,"Oh, bother!\pSeems like my pretty little\nPokémon couldn't protect me from a\lcriminal like you[.]",,à_traduire,
98823429009d,scripts/route 15/biker 1 (from right).rbc,10,@challenge,utf-8,"Hey there, Rocket! C'mon!\nI just got these off some loser!",,à_traduire,
cfa57a74a522,scripts/route 15/biker 2.rbc,10,@challenge,utf-8,"Fork over all of your cash when\nyou lose to me, Rocket!",,à_traduire,
57070c03b704,scripts/route 15/bird tamer 1 (from bottom-right).rbc,10,@postBattle,utf-8,My birds were shivering with fear\nat your evil!,,à_traduire,
2e81072db453,scripts/route 15/guard (gate).rbc,4,@talk,utf-8,"Oh, gosh!\pYou're from Team Rocket, aren't\nyou?\pYou'll want to keep in mind the\nSafari Zone Warden here doesn't\ltake too kindly to your sort!",,à_traduire,
cd167b36c1bb,scripts/route 15/picnicker 1 (from bottom-right).rbc,10,@postBattle,cp1252,B-but[.] the Pokémon weren't even\nmine..!,,à_traduire,
f1bb6cca9a6c,scripts/route 15/picnicker 2.rbc,10,@postBattle,utf-8,"I'll go play with some nicer, less\nshady Trainers now!",,à_traduire,
b7b8c826edc2,scripts/route 15/picnicker 3.rbc,10,@challenge,utf-8,"I'm afraid of Bikers[.]\nAre you friendlier, mister?",,à_traduire,
53035be02a74,scripts/route 15/picnicker 3.rbc,13,@postBattle,utf-8,Wahh!\pThose Bikers were nothing compared\nto you[.],,à_traduire,
afa5de467a97,scripts/route 15/picnicker 4.rbc,10,@postBattle,cp1252,Not stealing Pokémon!,,à_traduire,
618d1ccf0a3d,scripts/route 16 (cycling road top)/aide (gate).rbc,11,@talk,utf-8,"My friends from school asked me\nwhat I'm doing with my life now.\pI told them: I'm one of Prof.\nOak's AIDES!\p[.]\pThey couldn't stop laughing, not a\nsingle one of them[.]\lTalk about humiliating!",,à_traduire,
898ec7c03d8a,scripts/route 16 (cycling road top)/jed (couple trainer 1).rbc,10,@challenge,cp1252,"Jed: Say, my love, what became of\nthat fat Pokémon sleeping in the\lroad?",,à_traduire,
86be24648b69,scripts/route 16 (cycling road top)/jed (couple trainer 1).rbc,13,@postBattle,cp1252,"Jed: Such a big beast, and\nsuddenly it is no more!",,à_traduire,
b466e7d5cf2b,scripts/route 16 (cycling road top)/lea (couple trainer 2).rbc,10,@challenge,utf-8,"Lea: Was I dreaming, my love?\pI saw a little boy playing a flute\nand then a loud grumble..!",,à_traduire,
7c71cc7eea44,scripts/route 16 (cycling road top)/lea (couple trainer 2).rbc,14,@postBattle,utf-8,"Lea: That little boy played such a\nnice, soothing tune.\pSometimes I wish Jed would take up\nan instrument, too[.]",,à_traduire,
45558ffb08bd,scripts/route 16 (cycling road top)/secret house lady.rbc,34,@talk,utf-8,"Oh, dear.\nYou've found my secret retreat.\pIt's all because of that psycho\ntree-cutting sailor guy, isn't it?\pHe's driving me straight insane!\p[.]\pOh, but Rocket! You can't tell\nanyone about this place!\pI guess you can Fly already, so\nI'll make it up for you with this.",,à_traduire,
2952744f8bfe,scripts/route 16 (cycling road top)/secret house lady.rbc,37,@itemMsg,utf-8,[player] received a Rare Candy!,,à_traduire,
fbd4ce9ad27c,scripts/route 16 (cycling road top)/secret house lady.rbc,41,@putAway,utf-8,[player] put the Rare Candy in the\nItems pocket.,,à_traduire,
91ca0ee2d197,scripts/route 16 (cycling road top)/secret house lady.rbc,45,@noRoomTalk,utf-8,You've no room for this gift!,,à_traduire,
db406e095df8,scripts/route 16 (cycling road top)/secret house lady.rbc,48,@talk2,utf-8,"I need my peace and quiet, okay?!\pThis was such a perfect, secret\nplace too, you know?",,à_traduire,
51a51b57cb51,scripts/route 16 (cycling road top)/tops biker 1.rbc,12,@talk,utf-8,"Yo!\pWe're the Tops!\nRoute 16 is our turf, ya get me?\pYou messin' with one of us, you\nmessin' with the whole gang!",,à_traduire,
9a0c46128ad7,scripts/route 16 (cycling road top)/tops biker 2.rbc,12,@talk,utf-8,"Yo, yo, yo!\nRocket man!\pYou and me both know, the Tops be\nthe only gang that rule this here\lCycling Road!\pBut man!\nWe got respect for y'all. Respect.",,à_traduire,
b4fcb14b8007,scripts/route 16 (cycling road top)/tops biker 3.rbc,12,@talk,utf-8,"I just want ya to know, homie.\pWhen you step into Route 16, my\nman[.]\pYou stepped into the territory\nof the Tops.\pHere we go by Tops' rules, and\nwe keep it real!\pBetter recognize!",,à_traduire,
cad7641d2838,scripts/route 16 (cycling road top)/tops biker 4.rbc,12,@talk,utf-8,"There just ain't no comparing the\nTops to the Bottoms, you know?\pWe're just[.] superior!\nOn every level, man!",,à_traduire,
50322873966b,scripts/route 16 (cycling road top)/tops biker 5.rbc,12,@talk,utf-8,"What do we do in the Tops, you\naskin'?\pWell, we ride our bikes!\nWe hang around here on Route 16[.]\pMake sure there ain't no trouble;\nno disrespect goin' around!",,à_traduire,
3d86ffdbaa1d,scripts/route 16 (cycling road top)/tops biker 6.rbc,12,@talk,utf-8,"Why we standin' around in a\nformation that looks kinda like a\lheart, you askin'?\pI tell ya!\p'Cause we're the heartiest bunch\nof Bikers you ever seen!",,à_traduire,
57fa32e50649,scripts/route 16 (cycling road top)/tops biker leader.rbc,68,@preTalk,cp1252,"I'm the boss of the Tops, you got\nthat, man?\pYou're a Rocket, ain't ya?\p[.]\pYeah, I don't got no business with\nyou lot right now.\pBut I respect you people.\nMaybe sometime down the line.",,à_traduire,
b32dcf720f9a,scripts/route 16 (cycling road top)/tops biker leader.rbc,72,@talk,cp1252,"Hey, you one of them Team Rockets,\nain't ya, bud?\pLook, if you got the guts, there's\na thing you can do for us.\pGot some conflict with the other\ngang down here.\pHelp us out, we'll pay you back\nbig-time. Eh?",,à_traduire,
478f97c504ef,scripts/route 16 (cycling road top)/tops biker leader.rbc,75,@yesTalk,cp1252,"That's what I'm talking about,\nman.\pSo there's this gang of nobodies,\nright, down on Route 18.\pCall themselves the ""Bottoms"".\nI mean, get a load of that, eh?\pAnyway, so usually we don't give\nhalf a crap about those losers.\pLately, though these Bottoms have\nbeen showin' us some serious\ldisrespect!\pI mean, they been gettin' on our\nturf, talkin' smack about us[.]\pReal threats to[.]\nTo our brotherhood here, you know?\pI tell ya what's worse[.]\nI don't know how they do it, but[.]\pLately there's been all this\ntrouble with our bikes not\lworking, then somebody put paint\lin our hairspray cans, and stuff[.]\pThose freaking Bottoms, they got\nsome sabotaging effort against us\lgoing, I know it!\pI want you to go down to Route 18\nand teach those loonies to show us\lsome respect!\pShow them if they don't stop\nmessin' with us Tops[.]\lThere's gonna be hell to pay!",,à_traduire,
d2659ac2b329,scripts/route 16 (cycling road top)/tops biker leader.rbc,78,@noTalk,cp1252,Hah! I guess you Rockets were just\na bunch of cowards after all[.],,à_traduire,
03f5257079d3,scripts/route 16 (cycling road top)/tops biker leader.rbc,81,@midQuestTalk,cp1252,"Well, man?\pDid you go confront those good-\nfor-nothing Bottoms down on Route\l18?",,à_traduire,
929a1090a708,scripts/route 16 (cycling road top)/tops biker leader.rbc,84,@postBossTalk,cp1252,"Oh, there you are, Rocket!\nSo how'd it go?\pYou teach those Bottoms a lesson?\p[.]\pYou're the man, dude!\nThat's what it's about.\p[.]\c\h08ó\nOh, huh..?\pHe went all smug-looking and\nlaughed real giddy to himself\lafter you beat him?\p[.]\pAh! It's just as I thought! Those\ncronies are hiding something!\pWe gotta get to the bottom of how\nthey've been sabotaging us[.]\pIt's really getting on my nerves!",,à_traduire,
248ec7db69c2,scripts/route 16 (cycling road top)/tops biker leader.rbc,87,@postJulienTalk,cp1252,"Ah..!\nIt's you!\pDamn it all, this guy Julien came\nup here just a while ago and told\lus you're no good, Rocket!\pHe told us you're the one who's\nbeen messin' with us in secret!\p[.]\pHell, man[.]\nI don't know what to believe.\pBut[.] When a powerful guy like\nthat Julien says to stay away from\lyou no matter what[.]\pI ain't gonna be one to take no\nchances!\pYou're not welcome here among us\nTops, you got that? Scram!",,à_traduire,
cc66eb1dd24e,scripts/route 16 (cycling road top)/tops biker leader.rbc,90,@postImpostorTalk,cp1252,"Well, I'll be!\pThat new guy[.] He was one of the\nBottoms all along?\pNo wonder we couldn't see where\nthat sabotage was comin' from[.]\pThose lousy, cheatin' Bottoms[.]\nThey're in for it now!\p[.]\pOh, but we owe you one big-time,\nbuddy!\pThe way you helped us set things\nstraight[.] You've damn well earned\lour resepct.\pTake this, Rocket. It's quite a[.]\nsymbolic posession of ours.",,à_traduire,
a95f3e3a5ede,scripts/route 16 (cycling road top)/tops biker leader.rbc,93,@postQuestTalk,cp1252,"HM04 is Strength, ya know!\pA move one badass like you oughtta\nknow, I think!\pYou know[.]\pWe never did manage to find any\nheavy things 'round parts to push\laround[.]\pHahaha[.]\nBut I bet you will, eh?",,à_traduire,
cc2d19ba83c8,scripts/route 16 (cycling road top)/tops impostor.rbc,66,@talk,cp1252,"W-we're the Tops, man!\pThe most badass group of riders\nyou ever did see!",,à_traduire,
3de5c7ddec72,scripts/route 16 (cycling road top)/tops impostor.rbc,69,@talk2,cp1252,"[.]\p[.]\pW-what do you want, man?\nI don't got no beef with you..!\p[.]\pArgh[.] You're picking on me just\nbecause I'm new, aren't you?\pI-I[.]\c\h08ó I think you oughtta show me\nsome respect!",,à_traduire,
ea3bff1cffa3,scripts/route 16 (cycling road top)/tops impostor.rbc,74,@defeatText,cp1252,"Aw, man..!\nBlew it!",,à_traduire,
bb0930bb1bc5,scripts/route 16 (cycling road top)/tops impostor.rbc,79,@talk3,cp1252,"[.]\pWell, I guess the game's up, then,\nis it?",,à_traduire,
4e92ff972260,scripts/route 16 (cycling road top)/tops impostor.rbc,84,@talk4,cp1252,"[.]\pL-look, guys..!\c\h08ó\nMy boss made me do it, 'kay?\pI only messed with you all 'cause\nI had to, you know, and[.]\p[.]\pAnd, and[.]\p[.]\pWaaaaah!\nPlease don't hurt me!",,à_traduire,
ae649e911b82,scripts/route 17 (cycling road proper)/biker 1 (from top).rbc,10,@challenge,utf-8,"I'm mighty proud of my bod,\nRocket! Come on!",,à_traduire,
ca8ac1e3b9db,scripts/route 17 (cycling road proper)/biker 3.rbc,10,@challenge,utf-8,"There's no getting rich quick in\nbattling stingy criminals like\lyou, is there?",,à_traduire,
ae021510e1b4,scripts/route 17 (cycling road proper)/biker 5.rbc,10,@postBattle,cp1252,Maybe some Pokémon need element\nStones to evolve.\pBut damn it!\pThat stupid Department Store in\nCeladon won't let me buy anything\lfrom them anymore!,,à_traduire,
b68f355c9998,scripts/route 17 (cycling road proper)/biker 7.rbc,10,@postBattle,utf-8,"You're not gettin' involved with\nany of these Tops or Bottoms, huh?\pPathetic!\nThey'll never stop quarreling[.]",,à_traduire,
17e5a923e090,scripts/route 17 (cycling road proper)/bottoms falcon 1.rbc,10,@challenge,utf-8,"Hey, better watch it!\pI'm a falcon from the Bottoms gang\non Route 18!",,à_traduire,
64d6e20fe8a0,scripts/route 17 (cycling road proper)/bottoms falcon 1.rbc,14,@defeat,utf-8,Disrespect!,,à_traduire,
dc123f431fb4,scripts/route 17 (cycling road proper)/bottoms falcon 1.rbc,17,@postBattle,utf-8,You Rockets have no clue what real\ngang life is like.,,à_traduire,
0431262b918c,scripts/route 17 (cycling road proper)/bottoms falcon 2.rbc,10,@challenge,utf-8,"We represent the Bottoms!\pIf you fail to see how we're the\nmost badass gang in Kanto[.]\lBrother, you must be blind!",,à_traduire,
62c6a3fffb1c,scripts/route 17 (cycling road proper)/bottoms falcon 2.rbc,13,@defeat,utf-8,It ain't right!,,à_traduire,
09bc43762cc6,scripts/route 17 (cycling road proper)/bottoms falcon 2.rbc,16,@postBattle,utf-8,"We respect you, you respect us.\nHow's that, Rocket?",,à_traduire,
3f2c60b3ba66,scripts/route 17 (cycling road proper)/bottoms falcon 3.rbc,10,@challenge,utf-8,"We're the Bottoms!\pYou messing with one of us, you're\nmessing with us all!",,à_traduire,
79c6071b77fd,scripts/route 17 (cycling road proper)/bottoms falcon 3.rbc,13,@defeat,utf-8,You punk-ass[.],,à_traduire,
c0be86534c0d,scripts/route 17 (cycling road proper)/bottoms falcon 3.rbc,16,@postBattle,utf-8,"We're a powerful bunch, I'll have\nyou know!",,à_traduire,
43c8ca9566a1,scripts/route 17 (cycling road proper)/bottoms falcon 4.rbc,10,@challenge,utf-8,"As a falcon from the Bottoms, I\ncan't look a meddling Rocket in\lthe eye without gettin' the need\lto set things straight!",,à_traduire,
74145070c74e,scripts/route 17 (cycling road proper)/bottoms falcon 4.rbc,14,@defeat,utf-8,"What's your problem, man?",,à_traduire,
3a843b6a1f8b,scripts/route 17 (cycling road proper)/bottoms falcon 4.rbc,18,@postBattle,utf-8,Most of us Bottoms think you\nRockets are a snobby bunch.,,à_traduire,
2e65ad99f810,scripts/route 18 (cycling road bottom)/bird tamer 2.rbc,10,@postBattle,utf-8,"Go bother somebody else's birds,\nyou filthy thug!",,à_traduire,
88799222bfd1,scripts/route 18 (cycling road bottom)/bird tamer 3.rbc,10,@postBattle,utf-8,"I wish I had the guts to steal me\na bike like you, Rocket.",,à_traduire,
34da3dcf7849,scripts/route 18 (cycling road bottom)/bottoms grunt 1.rbc,27,@talk,utf-8,"Scram, Rocket!",,à_traduire,
7c5e767d8a73,scripts/route 18 (cycling road bottom)/bottoms grunt 1.rbc,30,@postBossTalk,utf-8,"Don't go thinking you're some\nhotshot now, Rocket!",,à_traduire,
a875a51777b2,scripts/route 18 (cycling road bottom)/bottoms grunt 1.rbc,34,@postJulienTalk,utf-8,"Damn[.]\nAll right, you're good.",,à_traduire,
404c2e78cc2d,scripts/route 18 (cycling road bottom)/bottoms grunt 2.rbc,27,@talk,utf-8,"What do you want from us, little\nsuit-gangster?",,à_traduire,
f4337d760c7b,scripts/route 18 (cycling road bottom)/bottoms grunt 2.rbc,31,@postBossTalk,utf-8,"You may have beaten boss, but that\ndon't mean you have my respect!",,à_traduire,
f2ac3460be4e,scripts/route 18 (cycling road bottom)/bottoms grunt 2.rbc,34,@postJulienTalk,utf-8,"Respect, Rocket.\nYou're pretty strong, ain't ya?",,à_traduire,
7c3ea60c0da8,scripts/route 18 (cycling road bottom)/bottoms grunt 3.rbc,27,@talk,utf-8,We Bottoms have more important\nstuff to do than waste our time\lwith Rockets!,,à_traduire,
78f029d0575e,scripts/route 18 (cycling road bottom)/bottoms grunt 3.rbc,31,@postBossTalk,utf-8,"Hmph! I bet you cheated in the\nbattle against boss, too!",,à_traduire,
c6ec990cdd87,scripts/route 18 (cycling road bottom)/bottoms grunt 3.rbc,34,@postJulienTalk,utf-8,No jokes[.]\nNever thought I'd see Julien beat.,,à_traduire,
c59d91500713,scripts/route 18 (cycling road bottom)/bottoms grunt 4.rbc,27,@talk,utf-8,"Get lost! Our boss ain't got no\nappointment with you, Rocket!",,à_traduire,
37bf8a31e005,scripts/route 18 (cycling road bottom)/bottoms grunt 4.rbc,31,@postBossTalk,utf-8,"You think you're so tough, don't\nyou, Rocket?",,à_traduire,
c0249c69a2be,scripts/route 18 (cycling road bottom)/bottoms grunt 4.rbc,35,@postJulienTalk,utf-8,You just knocked out[.]\nJulien[.] My goodness[.],,à_traduire,
428e4cfe8d1e,scripts/route 18 (cycling road bottom)/bottoms grunt 5.rbc,20,@talk,utf-8,Team Rocket is a gang of wussies\ncompared to the Bottoms!,,à_traduire,
1d3cab82d1e6,scripts/route 18 (cycling road bottom)/bottoms grunt 5.rbc,23,@postJulienTalk,utf-8,"Gotta hand it to you, Rocket[.]\pThat shady guy Julien[.]\nIt takes guts to go against him[.]",,à_traduire,
5e77688dd663,scripts/route 18 (cycling road bottom)/bottoms grunt 6.rbc,27,@talk,utf-8,"We don't got no business with you!\nGet outta here, Rocket!",,à_traduire,
a9f016ff5d69,scripts/route 18 (cycling road bottom)/bottoms grunt 6.rbc,31,@postBossTalk,utf-8,You try to mess with our boss\nagain[.] You'll get a piece of me!,,à_traduire,
c26709a9f6cb,scripts/route 18 (cycling road bottom)/bottoms grunt 6.rbc,35,@postJulienTalk,utf-8,"I guess some of you Rockets turn\nout half-decent Trainers, huh?",,à_traduire,
88e32a941202,scripts/route 18 (cycling road bottom)/bottoms leader.rbc,41,@preJulienTalk,cp1252,"What are you looking at, Rocket?\pYou got what you came for, didn't\nyou? (Snigger[.])",,à_traduire,
7d64d091bc02,scripts/route 18 (cycling road bottom)/bottoms leader.rbc,45,@postJulienTalk,cp1252,"[.]\c\h08ó\nW-wow[.]\pI'll be damned, Rocket[.]\c\h08ó\nYou beat Julien?!\pThat guy's one of the scariest\nfellows we deal with[.]\pHe knows folks in high places, and\nalways gets his way, you know.\pIf he's really gone for good now,\nwe owe you one, Rocket.\pTake this as a sign of respect\nfrom us Bottoms.",,à_traduire,
a3ae915587b5,scripts/route 18 (cycling road bottom)/bottoms leader.rbc,49,@postGiftTalk,cp1252,"You cool, Rocket.\nUs Bottoms have got your back.",,à_traduire,
75410353b6da,scripts/route 18 (cycling road bottom)/bottoms leader.rbc,53,@noRoomTalk,cp1252,You dummy!\nYou've no room for it!,,à_traduire,
d909c7e358f7,scripts/route 18 (cycling road bottom)/bottoms leader.rbc,57,@itemMsg,cp1252,[player] received the Black Belt!,,à_traduire,
970983fe782e,scripts/route 18 (cycling road bottom)/bottoms leader.rbc,60,@putAway,cp1252,[player] put the Black Belt in\nthe Items pocket.,,à_traduire,
c71656fb2b96,scripts/route 18 (cycling road bottom)/julien.rbc,113,@friendlyTalk,cp1252,"Why[.]\nI know you, bud!\pWe had ourselves a nice talk in my\njoint in the Underground Path!\pYou know, I'm real glad we came to\nan understanding that time!\pSo[.] what's my gig and what am I\ndoing hanging with these hotshot\lBottoms?\pHaha! Kanto's underworld is small,\nlet me tell ya. Connections!\pWell, you'd know all about it,\nwouldn't you, Rocket?\p[.]\pHm?\pOh, those Tops sent you down here,\ndid they?\p[.]\pHahaha[.]\pYeah, I know all about the gig\nthese Bottoms are pulling on them.",,à_traduire,
966e2edae305,scripts/route 18 (cycling road bottom)/julien.rbc,116,@friendlyTalk2,cp1252,"Look, I[.]\pThese Bottoms are my trusted\npartners, see, and I don't like to\lbust on nobody, but[.]\pYou're my homeboy, so I'll say I\ncan make an exception, eh?\p[.]\pThey've got an impostor going.\pOne of the Bottoms bought a\ndifferent kind of jacket, drove\lon up to Route 16 and pretended to\lbe a rookie so he'd join the Tops!\pNow he's there in among them,\nmessing with their bikes and with\ltheir swagger when they're not\llooking, and those Tops are none\lthe wiser!\p[.]\pYou'll know who the poor kid is\n'cause he'll be the one twitching\llike mad trying to fit in!\pYou go up to Route 16 and unmask\nthat little mole, and I think\lthose Tops will find their\lproblems suddenly going away[.]\pHahaha[.]\nHey, you're welcome, Rocket.",,à_traduire,
7f1d7a1fafbb,scripts/route 18 (cycling road bottom)/julien.rbc,119,@postFriendlyTalk,cp1252,"Hey, you're welcome, Rocket.\pYou'll know who the impostor on\nRoute 16 is 'cause he'll be the\lone twitching like mad trying to\lfit in!",,à_traduire,
98d70d03719e,scripts/route 18 (cycling road bottom)/julien.rbc,123,@angryTalk,cp1252,"Hey[.]\nI know you!\pYou're that Rocket dude who came\nand made trouble up in my joint in\lthe Underground Path!\pDon't you go thinking I'd forget a\nthing like that, now!\p[.]\pOh[.] hah! So that's what you're\ndoing here, is it?\pTrying to help these Tops up here\nwith some gang dispute?\l(Snigger[.])\pKid, I got enough influence in the\nKanto underworld to end a strife\llike this with the flick of my\lwrist, you know that?",,à_traduire,
5ff558caeb9b,scripts/route 18 (cycling road bottom)/julien.rbc,126,@angryTalk2,cp1252,"But see[.]\nI don't feel like doing that.\pI got a deal going with these\nBottoms, and if they want to keep\lmessing with those Tops of yours,\lI say they're welcome to!\pMatter of fact, I think[.]\nTroublemaker like you[.]\pDeserves to get taught lesson that\nyou ought to have learned last\ltime you meddled in my affairs!\c\h0B[Ke]À\pThis time it's all out, kid.\nI'll have you in the ground!",,à_traduire,
2b62c46a78c5,scripts/route 18 (cycling road bottom)/julien.rbc,130,@defeatText,cp1252,Disgusting!,,à_traduire,
75200b83f0c9,scripts/route 18 (cycling road bottom)/julien.rbc,134,@angryTalk3,cp1252,"Gah!\nYou never learn, do you..?\pI'm done with you for good now,\nyou got that?\p[.]\pAnd what else?\nOh, yeah[.]\pI think on my way outta here, I'll\nstop by those Tops and tell 'em\lthe Bottoms member that's been\lmessing with them all this time[.]\pIs this little pink-haired Rocket\npunk!\pTrusted businessman like me[.]\nIt's your word against mine, pal.\pHahaha[.]\nSee you in hell, Rocket.",,à_traduire,
6acb3a08b7f2,scripts/route 18 (cycling road bottom)/main bottoms guard + leader.rbc,84,@preQuestTalk,cp1252,"Quit your glaring, Rocket!\pYou got no business with us\nBottoms, and I damn well don't\lthink you want it!\pStay out of our way!",,à_traduire,
6ff80f9da3e1,scripts/route 18 (cycling road bottom)/main bottoms guard + leader.rbc,88,@guardTalk,cp1252,"Huh? You came to mess with us\nBottoms?\p[.]\nYou want to see our boss?\pThat's gotta be a joke, you little\ncity gangster wimp!\pLook, we put some of our falcons\nout on duty on Route 17.\pIf you can't even show you got the\nhustle to beat them, our boss\lwon't give you the time of day!",,à_traduire,
e353cd673653,scripts/route 18 (cycling road bottom)/main bottoms guard + leader.rbc,92,@guardTalk2,cp1252,"Hmph!\nYou got guts, Rocket!\pYou want to talk to our boss?\nFine.\pWhen he beats you to a pulp for\nwasting his time, it's on you.\p[.]\pI'm keeping my eye on you, pal!",,à_traduire,
09209aab675a,scripts/route 18 (cycling road bottom)/main bottoms guard + leader.rbc,96,@talk,cp1252,"Well, well, well!\pSo you're the nervy Rocket who's\nbeen knocking out our falcons from\lRoute 17?\pAll right, all right, you got my\nattention, kid; what do you want?\p[.]\pOh, I shoulda known.\nThe tops sent ya?\pThey sent you down to set things\nstraight, did they?\pWell, all right[.]\pThing you gotta know about the way\nthings work around here, mister\lhigh-brow city criminal[.]\pIs there's only one way we really\nsettle things for good.\p[.]\pCold, hard, muscle-fuelled battle.\c\h08ó\n[.]\c\h08óPokémon Battle.",,à_traduire,
8c6eebe88e44,scripts/route 18 (cycling road bottom)/main bottoms guard + leader.rbc,99,@defeatText,cp1252,"You're quite a little rascal,\naren't you?",,à_traduire,
06063fca2df2,scripts/route 18 (cycling road bottom)/main bottoms guard + leader.rbc,102,@talk2,cp1252,"[.]\nDamn it all[.]\pAll right, Rocket!\pEven with a thug like you, we\nnever violate our code of honor.\pWe'll stay out of the Tops' turf\nand keep our smack-talking to our-\lselves, ya hear?\pYou can run tell that to the Tops\nleader and he'll be real happy.\p[.]\pNow, these accusations about some\nsabotage or other[.]\pHahahaha[.]\pI can't say I know anything about\nit, bud.\pMaybe it'll stop someday, maybe it\nwon't? I don't know.\pI done everything within my power\nhere, so don't you look at me!\p[.]\c\h08ó\nHehehehehe[.]",,à_traduire,
745c6e4974f0,scripts/route 18 (cycling road bottom)/main bottoms guard + leader.rbc,105,@postBossTalk,cp1252,"Well, you fancy Rocket thug[.]\pMaybe you ain't all such a sissy\nafter all.",,à_traduire,
4cd3efe3ac5b,scripts/route 19/female swimmer 1 (from bottom-left).rbc,10,@postBattle,cp1252,"That doesn't mean you can have any\nof my Pokémon, you thug!",,à_traduire,
10daeb8af26a,scripts/route 19/female swimmer 3.rbc,10,@postBattle,cp1252,But I'd rather get sunburnt that\nhave my Pokémon stolen! Shoo!,,à_traduire,
f1f1519b9c39,scripts/route 19/lia (sibling 2).rbc,10,@postBattle,utf-8,"Lia: Do you have a younger\nbrother?\pI shudder to think what lessons he\nwould learn from you, Rocket!",,à_traduire,
73ce5e9782d8,scripts/route 19/luc (sibling 1).rbc,10,@postBattle,utf-8,Luc: My sis protects me from bad\npeople like you..!,,à_traduire,
5bfa65b20bca,scripts/route 19/male swimer 1 (from bottom).rbc,10,@postBattle,utf-8,"I'm supposed to guard these ladies\nhere from people like you, huh?\pWell, I'm not off to a very good\nstart[.]",,à_traduire,
33f78e8af261,scripts/route 19/male swimmer 3.rbc,10,@postBattle,utf-8,"For you, jail, I hope!",,à_traduire,
faeee161bc42,scripts/route 19/male swimmer 4.rbc,10,@postBattle,cp1252,"I guess you have to fish for sea\nPokémon.\pI would never steal them, as you\ndo!",,à_traduire,
5f08cff3ea05,scripts/route 19/male swimmer 6.rbc,10,@postBattle,utf-8,"What is this, has Team Rocket gone\naquatic?",,à_traduire,
ac8761ebe3eb,scripts/route 19/male swimmer 7.rbc,10,@defeat,utf-8,"Oh, no, no, no!",,à_traduire,
029dafeaecbd,scripts/route 19/male swimmer 7.rbc,14,@postBattle,utf-8,"Damn it, Rocket!\nI didn't mean it like that!",,à_traduire,
ef3b4e018e87,scripts/route 2/aide (gate).rbc,11,@talk,utf-8,"Run for your life!\nI have AID--\p[.]\pEr[.] I mean, I'm one of Prof.\nOak's aides, of course.",,à_traduire,
ab7a4fa6129b,scripts/route 2/flashlight seller.rbc,52,@talk,utf-8,"Hey there, good fellow! Nice\nweather we're having, ain't it?\pNow, I got this hunch, see[.]\pI think you came here because\nyou're looking for a certain HM\lthat lights up caves[.] hmm?\p[.]\pHaha! How did I know?\pWell, let's just call it a\nbusinessman's intuition!\pAnyhow, my dear friend, I good\ngood news for ya!\pWhat with my ingenuity and\nentrepreneurial drive, there\lain't no need for space-taking,\ldamage-less moves any longer!\pWith our very own meticulously\ncrafted Flashlight, you can light\leven the darkest of caves!",,à_traduire,
72f14fb2d500,scripts/route 2/flashlight seller.rbc,55,@yesOrNo,utf-8,"[.]\pFor a mere [$]1,000 it can be\nyours! What say you, dear friend?",,à_traduire,
55bab493f1eb,scripts/route 2/flashlight seller.rbc,59,@noTalk,utf-8,"No?\nHmph! Well, have it your way.\p(These stingy Kantoneans wouldn't\nknow a good deal if it tapped them\lupside the head, dammit[.])\p(How's a man to make a living\naround here?)",,à_traduire,
75372c18e464,scripts/route 2/flashlight seller.rbc,63,@notEnoughTalk,utf-8,"Eh?\pBut you haven't even got that kind\nof money, chum!\pThis is business. Commerce, man.\nThere's no free lunch, you get me?",,à_traduire,
a207c73a2ee0,scripts/route 2/flashlight seller.rbc,67,@yesTalk,utf-8,"Hey!\nThat's the spirit!\pExplore those caves, my friend!\pWith the power of electricity,\ntamed at your very fingertips, to\lguide the way!",,à_traduire,
b184cf1b5d8f,scripts/route 2/flashlight seller.rbc,71,@itemGet,utf-8,[player] received the Flashlight!,,à_traduire,
5f509e3a71a1,scripts/route 2/flashlight seller.rbc,75,@postBuyTalk,utf-8,Hehe[.]\pYou might wonder how I get away\nwith selling what is basically\l19th century technology at such\loutrageous prices.\pSimple-- because nobody else in\nthis wacky region are selling it!\pHaha!,,à_traduire,
75dce3d0d832,scripts/route 2/guitarist (gate).rbc,4,@talk,cp1252,"Why do you think a move like Flash\nwas ever invented?\pTo waste a slot in your Pokémon's\navailable moves, probably!",,à_traduire,
d952071e66a0,scripts/route 2/hiker.rbc,4,@talk,utf-8,"I went inside Rock Tunnel, but it's\npitch-black and scary in there.\p[.]\pBut I don't want to learn Flash!\nIt's such a useless move[.]",,à_traduire,
364ffda9fe0c,scripts/route 2/lady (gate).rbc,4,@text,utf-8,I've seen this little red-haired\nkid around the forest sometimes.\pHe seems sad about something or\nother.,,à_traduire,
06aefc84f26d,scripts/route 2/leto (2nd interact).rbc,125,@talk,cp1252,"My-my, what's this? Did the good\nTrainer change his mind? Haha!",,à_traduire,
8d1378ee61f6,scripts/route 2/leto (2nd interact).rbc,141,@talk2,cp1252,"Behold!\nI have returned!\pLeto, aspiring master Cutter, at\nyour service!\pDo you wish me to Cut down all the\ntrees around Pewter and Viridian?",,à_traduire,
3465461f9f4a,scripts/route 2/leto (2nd interact).rbc,144,@yesOrNo,cp1252,"A mere [$]1000, and you will bear\nwitness to my Cutting prowess!",,à_traduire,
fc4d24b2241c,scripts/route 2/leto (2nd interact).rbc,147,@yesTalk,cp1252,"Ah! Sir, I daresay you made an\nexcellent choice!\pNow, if you'll allow me[.]",,à_traduire,
eb7ca0a8c6b8,scripts/route 2/leto (2nd interact).rbc,169,@noTalk,cp1252,"No?\c\h08ó\nWhy, f-fine, then.\pI can see that this region is not\nyet cultured enough to appreciate\lthe fine art of a proper Cut!\pWell, should the good sir ever\nchange his mind, I will never be\lfar away from any of this region's\lexquisite trees, rest assured!\pHmph! Good day.",,à_traduire,
3e990c41d74d,scripts/route 2/leto (2nd interact).rbc,172,@notEnoughTalk,cp1252,"What?\nInsufficient funds?\pSir, my asking price is akin to\ngiving it away, I assure you!\pBut[.] if the uncultured folk of\nKanto find it too great an expense\lfor witnessing the finest of fine\lart, then what is a man to do?\pWell, should the good sir ever\nearn the necessary means to afford\lmy services, I will never be\lfar away from any of this region's\lexquisite trees, rest assured!\pHmph! Good day.",,à_traduire,
94cbbe048840,scripts/route 2/leto (2nd interact).rbc,175,@goodBye,cp1252,"Oh, my Lord..!\nWhat a Cut!\pIt nigh on brings a tear to my\neye, dear Trainer[.] every time!\pWell[.] should you ever need my\nCutting skills again, by this\lregion's most beautiful trees is\lwhere you'll you find me!\pUntil we meet again!",,à_traduire,
1c31c94b4d5c,scripts/route 2/leto V3 (2nd interact).rbc,118,@talk,cp1252,"My-my, what's this? Did the good\nTrainer change his mind? Haha!",,à_traduire,
db89833fcdc8,scripts/route 2/leto V3 (2nd interact).rbc,122,@talk2,cp1252,"Behold!\nI have returned!\pLeto, aspiring master Cutter, at\nyour service!\pDo you wish me to Cut down all the\ntrees around Pewter and Viridian?",,à_traduire,
ba665956ad9b,scripts/route 2/leto V3 (2nd interact).rbc,126,@yesOrNo,cp1252,"A mere [$]1000, and you will bear\nwitness to my Cutting prowess!",,à_traduire,
93cf60efba52,scripts/route 2/leto V3 (2nd interact).rbc,129,@yesTalk,cp1252,"Ah! Sir, I daresay you made an\nexcellent choice!\pNow, if you'll allow me[.]",,à_traduire,
63c9e3308aa2,scripts/route 2/leto V3 (2nd interact).rbc,141,@noTalk,cp1252,"No?\c\h08ó\nWhy, f-fine, then.\pI can see that this region is not\nyet cultured enough to appreciate\lthe fine art of a proper Cut!\pWell, should the good sir ever\nchange his mind, I will never be\lfar away from any of this region's\lexquisite trees, rest assured!\pHmph! Good day.",,à_traduire,
3395040aa64f,scripts/route 2/leto V3 (2nd interact).rbc,144,@notEnoughTalk,cp1252,"What?\nInsufficient funds?\pSir, my asking price is akin to\ngiving it away, I assure you!\pBut[.] if the uncultured folk of\nKanto find it too great an expense\lfor witnessing the finest of fine\lart, then what is a man to do?\pWell, should the good sir ever\nearn the necessary means to afford\lmy services, I will never be\lfar away from any of this region's\lexquisite trees, rest assured!\pHmph! Good day.",,à_traduire,
e0ee722582dc,scripts/route 2/leto V3 (2nd interact).rbc,147,@goodBye,cp1252,"Oh, my Lord..!\nWhat a Cut!\pIt nigh on brings a tear to my\neye, dear Trainer[.] every time!\pWell[.] should you ever need my\nCutting skills again, by this\lregion's most beautiful trees is\lwhere you'll you find me!\pUntil we meet again!",,à_traduire,
8ddc9f455818,scripts/route 2/leto V4 (2nd interact).rbc,111,@talk,cp1252,"My-my, what's this? Did the good\nTrainer change his mind? Haha!",,à_traduire,
757f3893a27f,scripts/route 2/leto V4 (2nd interact).rbc,129,@talk2,cp1252,"Behold!\nI have returned!\pLeto, aspiring master Cutter, at\nyour service!\pDo you wish me to Cut down all the\ntrees around Pewter and Viridian?",,à_traduire,
bd59c44a9cbe,scripts/route 2/leto V4 (2nd interact).rbc,133,@yesOrNo,cp1252,"A mere [$]1000, and you will bear\nwitness to my Cutting prowess!",,à_traduire,
58f1f5a4a09b,scripts/route 2/leto V4 (2nd interact).rbc,136,@yesTalk,cp1252,"Ah! Sir, I daresay you made an\nexcellent choice!\pNow, if you'll allow me[.]",,à_traduire,
9f8750e050e2,scripts/route 2/leto V4 (2nd interact).rbc,148,@noTalk,cp1252,"No?\c\h08ó\nWhy, f-fine, then.\pI can see that this region is not\nyet cultured enough to appreciate\lthe fine art of a proper Cut!\pWell, should the good sir ever\nchange his mind, I will never be\lfar away from any of this region's\lexquisite trees, rest assured!\pHmph! Good day.",,à_traduire,
d4ff67fb9655,scripts/route 2/leto V4 (2nd interact).rbc,151,@notEnoughTalk,cp1252,"What?\nInsufficient funds?\pSir, my asking price is akin to\ngiving it away, I assure you!\pBut[.] if the uncultured folk of\nKanto find it too great an expense\lfor witnessing the finest of fine\lart, then what is a man to do?\pWell, should the good sir ever\nearn the necessary means to afford\lmy services, I will never be\lfar away from any of this region's\lexquisite trees, rest assured!\pHmph! Good day.",,à_traduire,
892ef0820214,scripts/route 2/leto V4 (2nd interact).rbc,154,@goodBye,cp1252,"Oh, my Lord..!\nWhat a Cut!\pIt nigh on brings a tear to my\neye, dear Trainer[.] every time!\pWell[.] should you ever need my\nCutting skills again, by this\lregion's most beautiful trees is\lwhere you'll you find me!\pUntil we meet again!",,à_traduire,
d10d5523320c,scripts/route 2/leto V4.rbc,115,@greetings,cp1252,"Oh, my! Is there a tree there in\nyour path?\pRest assured, it is no cause for\ndismay! Help is near!",,à_traduire,
b4ae27106c92,scripts/route 2/leto V4.rbc,134,@talk,cp1252,"Verily, 'tis I[.] Leto, Cutting\naficionado, at your service!",,à_traduire,
84f82e901850,scripts/route 2/leto V4.rbc,139,@talk2,cp1252,"Would you like to bear witness to\nthese Cutting wonders of mine?\pI will annihilate for you all\ntrees around Pewter and Viridian,\lso they can hamper this Pokémon\ladventure of yours no more!",,à_traduire,
0091503d99b2,scripts/route 2/leto V4.rbc,143,@yesOrNo,cp1252,"[.]\c\h08ófor a modest fee of [$]1000,\nnaturally.",,à_traduire,
6538fcb829c2,scripts/route 2/leto V4.rbc,146,@yesTalk,cp1252,"Ah! Sir, I daresay you made an\nexcellent choice!\pNow, if you'll allow me[.]",,à_traduire,
f092967fd9d2,scripts/route 2/leto V4.rbc,158,@noTalk,cp1252,"No?\c\h08ó\nWhy, f-fine, then.\pI can see that this region is not\nyet cultured enough to appreciate\lthe fine art of a proper Cut!\pWell, should the good sir ever\nchange his mind, I will never be\lfar away from any of this region's\lexquisite trees, rest assured!\pHmph! Good day.",,à_traduire,
bfbfd8df0126,scripts/route 2/leto V4.rbc,161,@notEnoughTalk,cp1252,"What?\nInsufficient funds?\pSir, my asking price is akin to\ngiving it away, I assure you!\pBut[.] if the uncultured folk of\nKanto find it too great an expense\lfor witnessing the finest of fine\lart, then what is a man to do?\pWell, should the good sir ever\nearn the necessary means to afford\lmy services, I will never be\lfar away from any of this region's\lexquisite trees, rest assured!\pHmph! Good day.",,à_traduire,
5f71a21bf332,scripts/route 2/leto V4.rbc,164,@goodBye,cp1252,"Oh, my Lord..!\nWhat a Cut!\pIt nigh on brings a tear to my\neye, dear Trainer[.] every time!\pWell[.] should you ever need my\nCutting skills again, by this\lregion's most beautiful trees is\lwhere you'll you find me!\pUntil we meet again!",,à_traduire,
77c9e9ea587f,scripts/route 2/leto the cutter V2 (2nd interact).rbc,106,@talk,cp1252,"My-my, what's this? Did the good\nTrainer change his mind? Haha!",,à_traduire,
8dd3eeaf569b,scripts/route 2/leto the cutter V2 (2nd interact).rbc,120,@talk2,cp1252,"Behold!\nI have returned!\pLeto, aspiring master Cutter, at\nyour service!\pDo you wish me to Cut down all the\ntrees around Pewter and Viridian?",,à_traduire,
af3195fda33d,scripts/route 2/leto the cutter V2 (2nd interact).rbc,123,@yesOrNo,cp1252,"A mere [$]1000, and you will bear\nwitness to my Cutting prowess!",,à_traduire,
f13085915604,scripts/route 2/leto the cutter V2 (2nd interact).rbc,126,@yesTalk,cp1252,"Ah! Sir, I daresay you made an\nexcellent choice!\pNow, if you'll allow me[.]",,à_traduire,
0b56d2d9441e,scripts/route 2/leto the cutter V2 (2nd interact).rbc,148,@noTalk,cp1252,"No?\c\h08ó\nWhy, f-fine, then.\pI can see that this region is not\nyet cultured enough to appreciate\lthe fine art of a proper Cut!\pWell, should the good sir ever\nchange his mind, I will never be\lfar away from any of this region's\lexquisite trees, rest assured!\pHmph! Good day.",,à_traduire,
03a3022fad44,scripts/route 2/leto the cutter V2 (2nd interact).rbc,151,@notEnoughTalk,cp1252,"What?\nInsufficient funds?\pSir, my asking price is akin to\ngiving it away, I assure you!\pBut[.] if the uncultured folk of\nKanto find it too great an expense\lfor witnessing the finest of fine\lart, then what is a man to do?\pWell, should the good sir ever\nearn the necessary means to afford\lmy services, I will never be\lfar away from any of this region's\lexquisite trees, rest assured!\pHmph! Good day.",,à_traduire,
b2859be9446e,scripts/route 2/leto the cutter V2 (2nd interact).rbc,154,@goodBye,cp1252,"Oh, my Lord..!\nWhat a Cut!\pIt nigh on brings a tear to my\neye, dear Trainer[.] every time!\pWell[.] should you ever need my\nCutting skills again, by this\lregion's most beautiful trees is\lwhere you'll you find me!\pUntil we meet again!",,à_traduire,
f9a684f0488c,scripts/route 2/leto the cutter V2.rbc,111,@greetings,cp1252,"Oh, my! Is there a tree there in\nyour path?\pRest assured, it is no cause for\ndismay! Help is near!",,à_traduire,
7e55e953e247,scripts/route 2/leto the cutter V2.rbc,126,@talk,cp1252,"Verily, 'tis I[.] Leto, Cutting\naficionado, at your service!",,à_traduire,
9b19affa8a00,scripts/route 2/leto the cutter V2.rbc,131,@talk2,cp1252,"Would you like to bear witness to\nthese Cutting wonders of mine?\pI will annihilate for you all\ntrees around Pewter and Viridian,\lso they can hamper this Pokémon\ladventure of yours no more!",,à_traduire,
ed7521522d44,scripts/route 2/leto the cutter V2.rbc,135,@yesOrNo,cp1252,"[.]\c\h08ófor a modest fee of [$]1000,\nnaturally.",,à_traduire,
4a0129e86b21,scripts/route 2/leto the cutter V2.rbc,138,@yesTalk,cp1252,"Ah! Sir, I daresay you made an\nexcellent choice!\pNow, if you'll allow me[.]",,à_traduire,
4317389fe804,scripts/route 2/leto the cutter V2.rbc,160,@noTalk,cp1252,"No?\c\h08ó\nWhy, f-fine, then.\pI can see that this region is not\nyet cultured enough to appreciate\lthe fine art of a proper Cut!\pWell, should the good sir ever\nchange his mind, I will never be\lfar away from any of this region's\lexquisite trees, rest assured!\pHmph! Good day.",,à_traduire,
7e352e0ab136,scripts/route 2/leto the cutter V2.rbc,163,@notEnoughTalk,cp1252,"What?\nInsufficient funds?\pSir, my asking price is akin to\ngiving it away, I assure you!\pBut[.] if the uncultured folk of\nKanto find it too great an expense\lfor witnessing the finest of fine\lart, then what is a man to do?\pWell, should the good sir ever\nearn the necessary means to afford\lmy services, I will never be\lfar away from any of this region's\lexquisite trees, rest assured!\pHmph! Good day.",,à_traduire,
e1aac0ea17dd,scripts/route 2/leto the cutter V2.rbc,166,@goodBye,cp1252,"Oh, my Lord..!\nWhat a Cut!\pIt nigh on brings a tear to my\neye, dear Trainer[.] every time!\pWell[.] should you ever need my\nCutting skills again, by this\lregion's most beautiful trees is\lwhere you'll you find me!\pUntil we meet again!",,à_traduire,
1f0bef8e494c,scripts/route 2/leto the cutter V3.rbc,109,@greetings,cp1252,"Oh, my! Is there a tree there in\nyour path?\pRest assured, it is no cause for\ndismay! Help is near!",,à_traduire,
db815c0dc7d0,scripts/route 2/leto the cutter V3.rbc,126,@talk,cp1252,"Verily, 'tis I[.] Leto, Cutting\naficionado, at your service!",,à_traduire,
bf488b50bd3c,scripts/route 2/leto the cutter V3.rbc,131,@talk2,cp1252,"Would you like to bear witness to\nthese Cutting wonders of mine?\pI will annihilate for you all\ntrees around Pewter and Viridian,\lso they can hamper this Pokémon\ladventure of yours no more!",,à_traduire,
940ed3e6a7d2,scripts/route 2/leto the cutter V3.rbc,135,@yesOrNo,cp1252,"[.]\c\h08ófor a modest fee of [$]1000,\nnaturally.",,à_traduire,
fb4c91f5c89f,scripts/route 2/leto the cutter V3.rbc,138,@yesTalk,cp1252,"Ah! Sir, I daresay you made an\nexcellent choice!\pNow, if you'll allow me[.]",,à_traduire,
a06826366aea,scripts/route 2/leto the cutter V3.rbc,150,@noTalk,cp1252,"No?\c\h08ó\nWhy, f-fine, then.\pI can see that this region is not\nyet cultured enough to appreciate\lthe fine art of a proper Cut!\pWell, should the good sir ever\nchange his mind, I will never be\lfar away from any of this region's\lexquisite trees, rest assured!\pHmph! Good day.",,à_traduire,
0287e5869818,scripts/route 2/leto the cutter V3.rbc,153,@notEnoughTalk,cp1252,"What?\nInsufficient funds?\pSir, my asking price is akin to\ngiving it away, I assure you!\pBut[.] if the uncultured folk of\nKanto find it too great an expense\lfor witnessing the finest of fine\lart, then what is a man to do?\pWell, should the good sir ever\nearn the necessary means to afford\lmy services, I will never be\lfar away from any of this region's\lexquisite trees, rest assured!\pHmph! Good day.",,à_traduire,
2bee5e7b93d8,scripts/route 2/leto the cutter V3.rbc,156,@goodBye,cp1252,"Oh, my Lord..!\nWhat a Cut!\pIt nigh on brings a tear to my\neye, dear Trainer[.] every time!\pWell[.] should you ever need my\nCutting skills again, by this\lregion's most beautiful trees is\lwhere you'll you find me!\pUntil we meet again!",,à_traduire,
ffe03bf2de67,scripts/route 2/leto the cutter.rbc,122,@greetings,cp1252,"Oh, my! Is there a tree there in\nyour path?\pRest assured, it is no cause for\ndismay! Help is near!",,à_traduire,
c10cf5eca04e,scripts/route 2/leto the cutter.rbc,138,@talk,cp1252,"Verily, 'tis I[.] Leto, Cutting\naficionado, at your service!",,à_traduire,
396abd36aa42,scripts/route 2/leto the cutter.rbc,143,@talk2,cp1252,"Would you like to bear witness to\nthese Cutting wonders of mine?\pI will annihilate for you all\ntrees around Pewter and Viridian,\lso they can hamper this Pokémon\ladventure of yours no more!",,à_traduire,
6983ac2f3ad1,scripts/route 2/leto the cutter.rbc,147,@yesOrNo,cp1252,"[.]\c\h08ófor a modest fee of [$]1000,\nnaturally.",,à_traduire,
f40f42e0500d,scripts/route 2/leto the cutter.rbc,150,@yesTalk,cp1252,"Ah! Sir, I daresay you made an\nexcellent choice!\pNow, if you'll allow me[.]",,à_traduire,
65668219fded,scripts/route 2/leto the cutter.rbc,172,@noTalk,cp1252,"No?\c\h08ó\nWhy, f-fine, then.\pI can see that this region is not\nyet cultured enough to appreciate\lthe fine art of a proper Cut!\pWell, should the good sir ever\nchange his mind, I will never be\lfar away from any of this region's\lexquisite trees, rest assured!\pHmph! Good day.",,à_traduire,
dd82a3e923b6,scripts/route 2/leto the cutter.rbc,175,@notEnoughTalk,cp1252,"What?\nInsufficient funds?\pSir, my asking price is akin to\ngiving it away, I assure you!\pBut[.] if the uncultured folk of\nKanto find it too great an expense\lfor witnessing the finest of fine\lart, then what is a man to do?\pWell, should the good sir ever\nearn the necessary means to afford\lmy services, I will never be\lfar away from any of this region's\lexquisite trees, rest assured!\pHmph! Good day.",,à_traduire,
73fc449363e5,scripts/route 2/leto the cutter.rbc,178,@goodBye,cp1252,"Oh, my Lord..!\nWhat a Cut!\pIt nigh on brings a tear to my\neye, dear Trainer[.] every time!\pWell[.] should you ever need my\nCutting skills again, by this\lregion's most beautiful trees is\lwhere you'll you find me!\pUntil we meet again!",,à_traduire,
ba6433407898,scripts/route 2/model.rbc,11,@talk,utf-8,Ah[.]\nI can't feel my legs[.],,à_traduire,
c17e14d952e7,scripts/route 2/old man (gate).rbc,4,@text,utf-8,Have you noticed the skinny trees\non the roadside?\pThis wild man who looks like a\nsailor keeps jumping out of the\lwoodworks offering to Cut them!,,à_traduire,
17abbc62a25a,scripts/route 2/photographer.rbc,11,@talk,utf-8,"Marvellous, marvellous, honey!\nNow bend down just a little more[.]",,à_traduire,
cd6bc74b898a,scripts/route 2/scientist.rbc,4,@talk,utf-8,"Gah!\pWhy are barging into my house,\nRocket? I won't have it!\pIs this acceptable behavior where\nyou're from?!",,à_traduire,
51548067ff09,scripts/route 2/viridian blocker.rbc,19,@talk,utf-8,"Just like that, Sarah!\nStick it out like a Lickitung!\p[.]\nHey, out the way, guy!\pWe're in the middle of an\nimportant shoot here!",,à_traduire,
d278e5d56ad3,scripts/route 2/youngster (gate).rbc,4,@text,cp1252,"Many Pokémon live only in forests \nand caves.\pYou need to be persistent and look\neverywhere to get different kinds.\p[.]\pP-please don't steal mine, okay?",,à_traduire,
309cfce88994,scripts/route 20 (seafoam islands)/female swimmer 1 (from left).rbc,10,@challenge,cp1252,"I'm not surprised to see a thug\nlike you around these parts!\pTell me, did you come to burgle\nthe Pokémon Mansion?",,à_traduire,
8498eca77c19,scripts/route 20 (seafoam islands)/female swimmer 1 (from left).rbc,13,@postBattle,cp1252,"Stay away from me, criminal!",,à_traduire,
43bc8298b8dc,scripts/route 20 (seafoam islands)/female swimmer 2.rbc,10,@postBattle,utf-8,Eeeek!\nCall the police!,,à_traduire,
a44e54bcf839,scripts/route 20 (seafoam islands)/female swimmer 3.rbc,10,@postBattle,utf-8,"Go float away somewhere else, you\nhooligan!",,à_traduire,
6f04c5e45828,scripts/route 20 (seafoam islands)/female swimmer 4.rbc,10,@postBattle,utf-8,It's a good thing they keep\noutlaws like you out of here!\pYou might disturb the beautiful\nbird that lives in the cavern!,,à_traduire,
629bf2958439,scripts/route 20 (seafoam islands)/male swimmer 3.rbc,10,@challenge,cp1252,That's a nice Pokémon you're\nriding!\pI sure hope you didn't steal it\nfrom some poor little girl!,,à_traduire,
442a80121cd4,scripts/route 20 (seafoam islands)/male swimmer 3.rbc,13,@postBattle,cp1252,"Well, stolen or not[.]\nIt looks pretty darn cool.",,à_traduire,
47042cd6254f,scripts/route 20 (seafoam islands)/picnicker.rbc,10,@postBattle,cp1252,"Well, did you take a lot of loot\nfrom that Pokémon Mansion, Rocket?",,à_traduire,
c6d5d676c1a4,scripts/route 21 (pallet-cinnabar)/fisherman 2.rbc,10,@postBattle,utf-8,I seem to only catch Magikarp!\pAnd here I thought the Rod I got\nfrom the Guru in Vermillion was\lthe very best Rod there is[.],,à_traduire,
5d86e8f6c5c3,scripts/route 21 (pallet-cinnabar)/fisherman 3.rbc,10,@postBattle,utf-8,I heard the Fishing brothers\naround Kanto have some well-kept\lsecrets about how to hook fish!\pWhat I wouldn't give to figure out\nthose[.],,à_traduire,
a9e91666b396,scripts/route 21 (pallet-cinnabar)/swimmer 2.rbc,10,@postBattle,cp1252,Where'd you steal those Pokémon?,,à_traduire,
4c1f0fae343c,scripts/route 22/lance battle.rbc,142,@talk,cp1252,Out of my way if you know what's\ngood for you!,,à_traduire,
bcd652b44a13,scripts/route 22/lance battle.rbc,145,@talk2,cp1252,Lance: Giovanni?!,,à_traduire,
78a978de95c4,scripts/route 22/lance battle.rbc,148,@talk3,cp1252,"No[.]\c\h08ó You're just one of his more\nwell-dressed goons, aren't you?\pOff to loot some exotic Pokémon from\ntravelling Victory Road Trainers?\pI'll say[.]\c\h08ó that's a real menace to\nsafety for League challengers!",,à_traduire,
e607bcf86cba,scripts/route 22/lance battle.rbc,151,@talk4,cp1252,And most decidedly[.]\c\h08ó\nNot my problem anymore!,,à_traduire,
0aed8c709faf,scripts/route 22/lance battle.rbc,154,@talk5,cp1252,"[.]\c\h08ó\nWell..?\pHaven't you heard, bum?\c\h08ó\nHa!\pThen I'll spare you the effort of\nburgling the newsstand tomorrow!",,à_traduire,
bebbddf280ce,scripts/route 22/lance battle.rbc,157,@talk6,cp1252,It's over!\c\h08ó\nI'm no longer Champion!,,à_traduire,
bb0a4f668747,scripts/route 22/lance battle.rbc,160,@talk7,cp1252,"A decade of unchallenged reign[.]\c\h08ó\nGone, in an instant!\pBy some[.]\pGod, I can't even say it!\c\h08ó\nWhat will my grandfather think..?!\pSome little kid from some middle-\nof-nowhere town!",,à_traduire,
e3224fb97a9d,scripts/route 22/lance battle.rbc,163,@talk8,cp1252,It's[.]\c\h08ó\nPositively absurd[.],,à_traduire,
2e8aa210d3b2,scripts/route 22/lance battle.rbc,166,@hey,cp1252,Hey!,,à_traduire,
0272469b7d58,scripts/route 22/lance battle.rbc,169,@talk9,cp1252,"And what are you so smug about it\nfor?\pDon't you go thinking this is\nsome political victory for you\lsilly bunch of anarchists, now!\pEntitled, delusional delinquents\nis all Team Rocket ever was..!\pThis changes nothing!",,à_traduire,
3d899202e958,scripts/route 22/lance battle.rbc,172,@talk10,cp1252,"Agh[.] I thought nothing could\naggravate me any further today,\lbut you've done it, punk!\pI don't care if the region\nsoon breaks apart now this\lfarmboy is Champion[.]\pI'll show you how a real leader\ndeals with criminals like you!\c\h0B[Ke]À",,à_traduire,
fee5113614ab,scripts/route 22/lance battle.rbc,175,@defeatText,cp1252,I'm hallucinating!,,à_traduire,
d2ba2fcab3ce,scripts/route 22/lance battle.rbc,178,@stolenTalk,cp1252,M-my [buffer2]!\c\h08ó\nHow could this happen..?\pI'll need to have it replaced..!,,à_traduire,
1cb9274de64e,scripts/route 22/lance battle.rbc,181,@talk11,cp1252,Unbelievable[.]\c\h08ó\nPunk like you[.]\pAh[.]\c\h08ó\nI need to find my composure again[.]\pI'm letting my emotions ruin my\nbattle strategy[.],,à_traduire,
97f35600a32e,scripts/route 22/lance battle.rbc,184,@talk12,cp1252,"[.]\c\h08ó\nI'll have you know, Mr. Mafioso[.]\pI could've taken you all out long\nago.\pI knew about your little Game\nCorner hideout.\pIt's not as if my new anti-crime\nlaws did anything to stop you.\p[.]\c\h08ó\nI didn't mean them to.",,à_traduire,
42ac8451b82c,scripts/route 22/lance battle.rbc,187,@talk13,cp1252,"I wanted to wait. For you to cause\na real public spectacle.\pArrest and punish you as headline\nnews, to make a statement[.]\pTo please the crowds, restore their\nfaith in me.\pAnd to show my doubters just how\nmad all gangs like yours are[.]\pThat still long for returning to a\npre-war Kanto..!",,à_traduire,
95a09b9f48ea,scripts/route 22/lance battle.rbc,190,@talk14,cp1252,"Your Silph Co. invasion was the\nperfect opportunity[.]\pI was going to rush in at the last\nminute, give your boss a beating\land save the day[.]\pBut by the time I arrived[.]\pIt seemed someone had already\nbeaten me to it[.]",,à_traduire,
be15932f7237,scripts/route 22/lance battle.rbc,193,@talk15,cp1252,"Well!\c\h08ó\nWhat's done is done.\pI'm not finished with Kanto yet.\nI still have a position to defend.\pI'm a member of the Elite Four now,\nyou see. New responsibilities.",,à_traduire,
57898194f0eb,scripts/route 22/lance battle.rbc,196,@talk16,cp1252,[.]\c\h08ó\nHmph!\pSo excuse me while I go change the\nnew Champion's diapers..!,,à_traduire,
953ba5a231cf,scripts/route 22/league blocker (beta 3).rbc,17,@talk,cp1252,"Halt!\nYou can pass here only if you--\p[.]\pWait! You're no real Trainer at\nall, are you?\pGoodness, what would become of the\nPokémon League if we let petty\lcriminals like you in there!\pDon't make me laugh!\nLeave this place, Rocket!",,à_traduire,
7c9d480ebc3f,scripts/route 22/league blocker.rbc,116,@talk,cp1252,"Halt! You can pass here only if\nyou have the Boulderbadge!\p[.]\c\h08ó\nWait a minute, you!\pAre you even a real Trainer?\nShow me your license!",,à_traduire,
c3d39d79e6a0,scripts/route 22/league blocker.rbc,119,@noCardTalk,cp1252,[.]\pNo? I thought so! I've dealt with\npeople like you before[.]\pBe gone! We don't allow criminals\nin the Pokémon League.,,à_traduire,
ae54102ba8c4,scripts/route 22/league blocker.rbc,123,@hasCardTalk,cp1252,"[.]\pMy, there it is!\c\h08ó\nApologies, Mr. Smith.\pAs I was saying, you can pass here\nonly if you have the Boulderbadge.",,à_traduire,
8a2cf1406da9,scripts/route 22/league blocker.rbc,126,@noBadgeTalk,cp1252,You don't have the Boulderbadge\nyet.\pYou have to have it to get to\nthe Pokémon League.,,à_traduire,
f61cbb8059c0,scripts/route 22/league blocker.rbc,129,@hasBadgeTalk,cp1252,"Oh! That is the Boulderbadge!\c\h17\c\h0BÀÀ\c\h08[ME]\c\h18\pOkay, then.\nPlease, go right ahead.",,à_traduire,
fa5479b200c3,scripts/route 22/league blocker.rbc,132,@noCardTalk2,cp1252,"[.]\pH-hey now! I can see you're a bit\ntougher than most thugs[.]\lB-but rules are rules!\pIf you don't leave, I'll see to it\nthat the League is defended myself!",,à_traduire,
7dea6330bc5b,scripts/route 22/league blocker.rbc,135,@battleQuestion,cp1252,"[.]\pH-hey now! I've never seen such an\naggressive challenger[.]\pI thought you did look a little\nintimidating at first[.]\p[.]\c\h08ó\nMr. Smith, I implore you!\pYou will go get the Boulderbadge\nby legitimate means, won't you?",,à_traduire,
8b82586ed54a,scripts/route 22/league blocker.rbc,138,@noBattleTalk,cp1252,"Oh, thank goodness! I swear I\nnever doubted you one second.\pWell, best of luck against those\nGym Leaders, sir!",,à_traduire,
e0ecc9c75754,scripts/route 22/league blocker.rbc,141,@noBadgeTalk2,cp1252,"..!\c\h08ó\nW-what do you mean, ""no""?\pRules are rules, I'm afraid, and\nif you insist on entering anyway[.]\pI-I'll have to defend them myself!",,à_traduire,
0ddb44b07527,scripts/route 22/league blocker.rbc,144,@defeatText,cp1252,This is unheard of!,,à_traduire,
6bd2b90c0e32,scripts/route 22/league blocker.rbc,147,@passedWithBadgeTalk,cp1252,"Go right ahead, Mr. Smith.\nThe Pokémon League awaits.",,à_traduire,
44cf3187e552,scripts/route 22/league blocker.rbc,150,@passedWithoutBadgeTalk,cp1252,"If I can't keep you out, so be it!\nBut you won't get far!",,à_traduire,
ba76f35e6b73,scripts/route 23 (victory road entry)/healing channeler.rbc,36,@talk,cp1252,"Greetings, tamer of the monsters\nof the pocket.\pSpirits warn me great nuisance\nlies ahead for your kind.\pWith white magic I shall heal you!\c\h08ó\n[.]and a few potions, too. Eh?",,à_traduire,
d1372fee365c,scripts/route 23 (victory road entry)/healing channeler.rbc,39,@saidYes,cp1252,HARE MUSHNA!\c\h08ó\nMUSHNA MUSHNA!,,à_traduire,
fd90f6591412,scripts/route 23 (victory road entry)/healing channeler.rbc,42,@saidNo,cp1252,CURSE YOU!\nSuch negative vibrations!,,à_traduire,
5cbf6aade312,scripts/route 23 (victory road entry)/healing channeler.rbc,45,@postTalk,cp1252,"The spirits' premonitions about\npeople and the world never fail me.\pSo go on with your kindhearted\nquest to spread love, o Trainer!",,à_traduire,
ede3101d6a36,scripts/route 23 (victory road entry)/league guard (generic).rbc,201,@talk,cp1252,Halt!,,à_traduire,
7cf7a695a388,scripts/route 23 (victory road entry)/league guard (generic).rbc,204,@withCardTalk,cp1252,You can pass here only if you have\nthe [buffer1].,,à_traduire,
42d228c3fc8d,scripts/route 23 (victory road entry)/league guard (generic).rbc,207,@noBadgeTalk,cp1252,"You don't have the [buffer1]\nyet.\p[.]\c\h08ó\nHey..! Rules are rules, Trainer!\pYou will go get the [buffer1]\nby legitimate means, won't you..?",,à_traduire,
bdcb8ce32787,scripts/route 23 (victory road entry)/league guard (generic).rbc,210,@hasBadgeTalk,cp1252,Oh! That is the [buffer1]!\nGo right ahead.,,à_traduire,
e12f3aea5ce9,scripts/route 23 (victory road entry)/league guard (generic).rbc,213,@battleTalk,cp1252,Then I'm afraid this is as far as\nyou go!,,à_traduire,
1e736659b5e2,scripts/route 23 (victory road entry)/league guard (generic).rbc,216,@noBattleTalk,cp1252,"Very well! I'll see you when you've\nearned your Badge, Mr. Smith.",,à_traduire,
06dd759ed7fd,scripts/route 23 (victory road entry)/league guard (generic).rbc,219,@firstGuardBattle,cp1252,Only licensed Pokémon Trainers can\nchallenge the Pokémon League!\pThis is as far as you go!,,à_traduire,
cedc5caed243,scripts/route 23 (victory road entry)/league guard (generic).rbc,222,@secondGuardBattle,cp1252,We guard the League against the\nstrongest Trainers in Kanto-Johto!\pDealing with fraudsters like you\nis an insult!,,à_traduire,
d13c5f4a4c14,scripts/route 23 (victory road entry)/league guard (generic).rbc,225,@thirdGuardBattle,cp1252,The influx of travelling Trainers\nto see the new Champion does not\lmean we're slacking off!\pThe League is no place for types\nlike you!,,à_traduire,
2c7a0a26bc66,scripts/route 23 (victory road entry)/league guard (generic).rbc,228,@fourthGuardBattle,cp1252,"The Pokémon Gym challenge was made\nto be fair for all, you crook[.]\pWho do you think you are, that the\nrules don't apply to you?!",,à_traduire,
d056f84e1bca,scripts/route 23 (victory road entry)/league guard (generic).rbc,231,@fifthGuardBattle,cp1252,I was trained especially to deal\nwith mobsters like you[.]\pHow I miss the kids who just walk\naway when I tell them no..!,,à_traduire,
89f15e7dbb4e,scripts/route 23 (victory road entry)/league guard (generic).rbc,234,@sixthGuardBattle,cp1252,"I don't mind you Rockets that much,\nfrankly, but keep it low[.]\pAhem!\c\h08ó\nStand back, criminal!",,à_traduire,
3957990edfa5,scripts/route 23 (victory road entry)/league guard (generic).rbc,237,@seventhGuardBattle,cp1252,"Ha! Even if you could bully\nyourself all this way[.]\pYou're walking straight into the\njaws of the Elite Four, Rocket!\pMark my words[.]\nYou'll be in jail by sundown!",,à_traduire,
37dac6d4e3c9,scripts/route 23 (victory road entry)/league guard (generic).rbc,240,@firstGuardDefeat,cp1252,Unacceptable!,,à_traduire,
f71c773c5a25,scripts/route 23 (victory road entry)/league guard (generic).rbc,243,@secondGuardDefeat,cp1252,I've done my part!,,à_traduire,
a77bce192aa3,scripts/route 23 (victory road entry)/league guard (generic).rbc,246,@thirdGuardDefeat,cp1252,It's a disgrace!,,à_traduire,
80a970f2817b,scripts/route 23 (victory road entry)/league guard (generic).rbc,249,@fourthGuardDefeat,cp1252,What a way to live!,,à_traduire,
85415c1779fd,scripts/route 23 (victory road entry)/league guard (generic).rbc,252,@fifthGuardDefeat,cp1252,Where's the sense in being polite?,,à_traduire,
25c00e6fce74,scripts/route 23 (victory road entry)/league guard (generic).rbc,255,@sixthGuardDefeat,cp1252,"Um, and[.]\nShame on you!",,à_traduire,
c3b54a7a972e,scripts/route 23 (victory road entry)/league guard (generic).rbc,258,@seventhGuardDefeat,cp1252,"And you'll be toast on Victory\nRoad, besides!",,à_traduire,
956ce9fcb9cd,scripts/route 23 (victory road entry)/league guard (generic).rbc,261,@postBattleTalk,cp1252,The Elite Four will teach you a\nlesson[.] just you wait!,,à_traduire,
37a475230577,scripts/route 23 (victory road entry)/league guard (generic).rbc,264,@postBadgeTalk,cp1252,"Go right ahead, Mr. Smith.\nThe Pokémon League awaits.",,à_traduire,
c82eeb25ee99,scripts/route 23 (victory road entry)/league guard (generic).rbc,267,@preBossTalk,cp1252,"Rules are rules, Trainer!",,à_traduire,
96d5d6ab9ff4,scripts/route 24 (nugget bridge)/blue battle v2 (left).rbc,61,@bluTalk,cp1252,"Oh my!\nWhat's this? More Rockets?\pI thought I got you all back at\nMt. Moon!\pOh well, I suppose beating a\ncouple of more of you guys\lcouldn't hurt if that's what it\ltakes, am I right?",,à_traduire,
2db1c3b1f838,scripts/route 24 (nugget bridge)/blue battle v2 (left).rbc,65,@bluTalk2,cp1252,"I say, after knocking out all the\nother wimps on this bridge, I\lcould use a challenge!\pBring it on, Mr. Rocket!",,à_traduire,
923e303942d5,scripts/route 24 (nugget bridge)/blue battle v2 (left).rbc,69,@winTalk,cp1252,"All right, all right, take it\neasy! You won, okay?",,à_traduire,
9c630ed765a0,scripts/route 24 (nugget bridge)/blue battle v2 (left).rbc,72,@ellipses,cp1252,Blue: [.],,à_traduire,
159c7f93e70a,scripts/route 24 (nugget bridge)/blue battle v2 (left).rbc,75,@bluTalk3,cp1252,"You know what, this is not even[.]\nfair.\p[.]\n\c\h08óWhy, though?\pDo I just not have the right\nPokémon?\pNo, that can't be. I just have to\ntrain harder.\pI-I need to get better, stronger.\nDarn it! Still not good enough[.]",,à_traduire,
a8fef1a78def,scripts/route 24 (nugget bridge)/blue battle v3 (right).rbc,61,@bluTalk,cp1252,"Oh my!\nWhat's this? More Rockets?\pI thought I got you all back at\nMt. Moon!\pOh well, I suppose beating a\ncouple of more of you guys\lcouldn't hurt if that's what it\ltakes, am I right?",,à_traduire,
1d59a1622f70,scripts/route 24 (nugget bridge)/blue battle v3 (right).rbc,65,@bluTalk2,cp1252,"I say, after knocking out all the\nother wimps on this bridge, I\lcould use a challenge!\pBring it on, Mr. Rocket!",,à_traduire,
a61c8c9df1d6,scripts/route 24 (nugget bridge)/blue battle v3 (right).rbc,69,@winTalk,cp1252,"All right, all right, take it\neasy! You won, okay?",,à_traduire,
b9cdced5c901,scripts/route 24 (nugget bridge)/blue battle v3 (right).rbc,72,@ellipses,cp1252,Blue: [.],,à_traduire,
6879d37f7329,scripts/route 24 (nugget bridge)/blue battle v3 (right).rbc,75,@bluTalk3,cp1252,"You know what, this is not even[.]\nfair.\p[.]\n\c\h08óWhy, though?\pDo I just not have the right\nPokémon?\pNo, that can't be. I just have to\ntrain harder.\pI-I need to get better, stronger.\nDarn it! Still not good enough[.]",,à_traduire,
d0ede52b6579,scripts/route 24 (nugget bridge)/blue battle.rbc,60,@bluTalk,cp1252,"Oh my!\nWhat's this? More Rockets?\pI thought I got you all back at\nMt. Moon!\pOh well, I suppose beating a\ncouple of more of you guys\lcouldn't hurt if that's what it\ltakes, am I right?",,à_traduire,
c868dd5c6d55,scripts/route 24 (nugget bridge)/blue battle.rbc,64,@bluTalk2,cp1252,"I say, after knocking out all the\nother wimps on this bridge, I\lcould use a challenge!\pBring it on, Mr. Rocket!",,à_traduire,
6bdb54013da1,scripts/route 24 (nugget bridge)/blue battle.rbc,68,@winTalk,cp1252,"All right, all right, take it\neasy! You won, okay?",,à_traduire,
b5c815c95c7a,scripts/route 24 (nugget bridge)/blue battle.rbc,71,@ellipses,cp1252,Blue: [.],,à_traduire,
88b25570fd77,scripts/route 24 (nugget bridge)/blue battle.rbc,74,@bluTalk3,cp1252,"You know what, this is not even[.]\nfair.\p[.]\n\c\h08óWhy, though?\pDo I just not have the right\nPokémon?\pNo, that can't be. I just have to\ntrain harder.\pI-I need to get better, stronger.\nDarn it! Still not good enough[.]",,à_traduire,
4c78eab52f05,scripts/route 24 (nugget bridge)/bug catcher.rbc,12,@defeat,utf-8,"Hang on[.] you're not a Rocket, are\nyou?",,à_traduire,
1437781b46e4,scripts/route 24 (nugget bridge)/bug catcher.rbc,15,@after,utf-8,B-but[.] the challenge wasn't meant\nfor bad guys[.],,à_traduire,
d60a85935a48,scripts/route 24 (nugget bridge)/camper no2.rbc,14,@challenge,utf-8,Wait[.]\pWas the guy at the end of the\nbridge a Rocket all along?,,à_traduire,
e391d7de88b2,scripts/route 24 (nugget bridge)/camper no2.rbc,17,@defeat,utf-8,I'm scared!,,à_traduire,
fec24e974590,scripts/route 24 (nugget bridge)/camper no2.rbc,21,@after,utf-8,I should have just stayed in my\nsafe spot here in the grass[.],,à_traduire,
21501092d2c8,scripts/route 24 (nugget bridge)/camper.rbc,14,@challenge,utf-8,"Okay! I'm No. 5!\nI'll--\pOh, what's the use?\pYou're going to beat me anyway,\naren't you?",,à_traduire,
c5cb81f2d5b6,scripts/route 24 (nugget bridge)/camper.rbc,17,@defeat,utf-8,What a drag.,,à_traduire,
63afe3ff30cd,scripts/route 24 (nugget bridge)/camper.rbc,20,@after,utf-8,I have every regret in the world[.],,à_traduire,
07d59ec55e5a,scripts/route 24 (nugget bridge)/plain-clothed grunt v2.rbc,28,@talk,utf-8,"That's it, man! I've had it!\pAll day I've been standing around,\nwaiting for some half-decent\lTrainer to come along so I can\loffer him a place in Team Rocket,\lonly to find that half of them\lcan't even beat the first couple\lof twerps on this damn bridge!\pLook, it's been twelve god-\nforsaken hours, and I can't feel\lmy legs.\pTell Archer I went for a long\noverdue coffee break, all right?\lJesus.",,à_traduire,
b4b1f074c7a4,scripts/route 24 (nugget bridge)/plain-clothed grunt.rbc,27,@talk,utf-8,"That's it, man! I've had it!\pAll day I've been standing around,\nwaiting for some half-decent\lTrainer to come along so I can\loffer him a place in Team Rocket,\lonly to find that half of them\lcan't even beat the first couple\lof twerps on this damn bridge!\pLook, it's been twelve god-\nforsaken hours, and I can't feel\lmy legs.\pTell Archer I went for a long\noverdue coffee break, all right?\lJesus.",,à_traduire,
353e8dda37f1,scripts/route 24 (nugget bridge)/plain-clothed grunt.rbc,31,@talk2,utf-8,"Mmm-mm! That was one hell of\na moccha latte, if I may say so\lmyself.\pSurely nothing out of the\nordinary happened here while I was\lgone..?",,à_traduire,
23eb81af0dbc,scripts/route 25 (sea cottage)/bill.rbc,115,@talk1,cp1252,"Hey, guy.\pYeah, I'm Bill all right.\nWhat do you want?\p[.]\pOh, Team Rocket, is it? My, it's\nbeen a while.\pYeah, sorry, but I'm not\ninterested. I've got my research\lto attend to, right?\pI'm not Giovanni's little tech boy\nconsultant anymore.",,à_traduire,
91ac1850c6fb,scripts/route 25 (sea cottage)/bill.rbc,119,@sigh,cp1252,Bill: [.]\c\h08ó\n(Sigh)\c\h08ó,,à_traduire,
87c18c81e1dc,scripts/route 25 (sea cottage)/bill.rbc,122,@talk2,cp1252,"All right, what's it about?\nThe job.\p[.]\pOh, Porygon, is it? Figures.\p[.]\nHmm?\pYeah, of course I know how to make\nthe things-- who do you take me\lfor?\pJust show me the stuff they gave\nyou to tempt me with already.",,à_traduire,
3a2bd31d107c,scripts/route 25 (sea cottage)/bill.rbc,125,@noParcelTalk,cp1252,What? You don't even have\nanything for me?\pThen why are you wasting my time?,,à_traduire,
9fd8e416dd49,scripts/route 25 (sea cottage)/bill.rbc,128,@comeBack,cp1252,"Come back when you've got some\nactual rewards for me in return\lfor Giovanni's dirty work.\pThen I might be negotiable to\nconsider it, all right?",,à_traduire,
e82bbd163c01,scripts/route 25 (sea cottage)/bill.rbc,132,@parcelDelivery,cp1252,[player] delivered Bill's Parcel.,,à_traduire,
e93193c0cac2,scripts/route 25 (sea cottage)/bill.rbc,136,@talk3,cp1252,"Bill: [.]\pDamn it, Giovanni, why do you keep\ntreating me like I'm some amateur\lcollector?\pI mean, a shiny Magikarp, really?\pOh, and some Rare Candies, too.\nSpectacular.\p[.]\pAnd what's this? A ticket to some\n""exclusive"" party on the S.S.\lAnne liner? Please.\pI've got all the high-end\nconnections I need, and alcohol\lonly dulls my concentration.",,à_traduire,
b34aa3686400,scripts/route 25 (sea cottage)/bill.rbc,139,@talk4,cp1252,"Okay, here comes the actual\ninteresting part.\p[.]\pHmm[.]\n[.]\p""As thanks for your cooperation,""\nbla-bla-bla[.] ""we'll offer you a\lregular salary of[.]"" such-and-\lsuch[.]\pWell, okay, that's respectable.\pBut you do realize I could get\nthat much working at freaking\lSilph. Right, Giovanni? Geez.",,à_traduire,
b2df84fc9eb2,scripts/route 25 (sea cottage)/bill.rbc,142,@talk5,cp1252,"Bill: [.]\c\h08ó\pHere's a thing you've got to know\nabout me, pal: I only care about\ltwo things in life:\p\c\h08óScience and rare Pokémon.\c\h08ó\c\h08ó\nThat's it.\pThose two things are the alpha and\nomega of my life.\pMoney, power, status, politics--\nthese mean nil to me, do you see\lthat?",,à_traduire,
be652c77ace0,scripts/route 25 (sea cottage)/bill.rbc,146,@talk6,cp1252,"Bill: If I take the job, you tell\nGiovanni it'll be on the following\lconditions:\pFirst, Team Rocket is to send\nme a regular sample of the rarest\lPokémon you acquire-- be that\lthrough breeding, stealing,\lcatching, cloning, or however it\lis you guys do it.\pI'd rather I didn't know, to be\nhonest.",,à_traduire,
ccf5a218d684,scripts/route 25 (sea cottage)/bill.rbc,149,@talk7,cp1252,"Second, since I know you guys have\nspies in Silph Co., I want you to\lgive me any and all intel you can\lgather on their newest invention.\pRumors have been going around the\ntechnology newsgroups for weeks\labout Silph being on the brink of\la prototype for some innovative\lnew Pokémon capture device.\pIf this is going to be as big as\nthey say, I can hardly afford to\lmiss it.\pNow, I'd go there and\ninvestigate the thing myself, but\lfrankly I'd sooner eat a dead Muk\lthan work for a big conglomerate\llike Silph.",,à_traduire,
d303d016c582,scripts/route 25 (sea cottage)/bill.rbc,152,@talk8,cp1252,"Well, did you get all that?\c\h08ó Good.\nBecause those are my terms.\pFor the time being at least. I\nsuppose I might just change\lmy mind.\pGo back and tell all of that to\nyour little superiors if you'd be\lso kind. I've got work to do.",,à_traduire,
c332a9cefa09,scripts/route 25 (sea cottage)/bill.rbc,155,@postStoryTalk,cp1252,"Bill: Hmm..?\nAnything else to report?\pNo? Then leave a genius to his\nwork, please.",,à_traduire,
4eb3cfa60aa3,scripts/route 25 (sea cottage)/cerulean shortcut blocker.rbc,56,@Mtalk,utf-8,"Oh, Dan!\pI think we've finally found a\nsecluded area all to ourselves!\pI-I'm a little scared, but I\nthink[.] I think I'm ready.",,à_traduire,
f60fa738fbfd,scripts/route 25 (sea cottage)/cerulean shortcut blocker.rbc,60,@Dtalk,utf-8,"There's no need to worry, love.\nI will be with you all the way.\pMary, I[.] I've been waiting for\nthis moment since I first saw you\lrunning around in the grass with\lyour Jigglypuff all that time ago.\pI knew in my heart that one day I\nwould take you here and make--",,à_traduire,
43342ba74aba,scripts/route 25 (sea cottage)/cerulean shortcut blocker.rbc,71,@Dtalk2,utf-8,"But for the love of--!\pIs it just not possible to get\noneself a few moments' privacy in\lthis day and age?!\pMy goodness, the nerve[.]",,à_traduire,
a619787c39a4,scripts/route 25 (sea cottage)/cerulean shortcut blocker.rbc,74,@Dtalk3,utf-8,"[.]\pAnyway[.] where were we, honey..?",,à_traduire,
d4a7b08e25f5,scripts/route 25 (sea cottage)/cerulean shortcut blocker.rbc,77,@Dtalk4,utf-8,"Anyway[.] where were we, honey..?",,à_traduire,
d26d245dc6e4,scripts/route 25 (sea cottage)/cerulean shortcut blocker.rbc,80,@Dtalk5,utf-8,"[.] Yes, honey.\nVery[.] romantic.\pI-I like standing by the cape with\nyou too[.]",,à_traduire,
449d2bea75e5,scripts/route 25 (sea cottage)/cleifairy.rbc,13,@talk,cp1252,Clefairy: Pi pippippi!\c\h08ó\p[.]\p(This Pokémon appears to be\ncowering in terror[.]),,à_traduire,
fc6c5d668d67,scripts/route 25 (sea cottage)/hiker.rbc,10,@challenge,utf-8,"I just got down from Mt. Moon, but\nI've still got gas in my a--\ler[.] I mean, in the tank!",,à_traduire,
d12e183d2475,scripts/route 25 (sea cottage)/leaveblocker.rbc,91,@sigh,cp1252,Bill: [.]\c\h08ó\n(Sigh)\c\h08ó,,à_traduire,
8c72756b0bfe,scripts/route 25 (sea cottage)/leaveblocker.rbc,94,@talk,cp1252,"All right, what's it about?\nThe job.",,à_traduire,
c573e503f0e8,scripts/route 25 (sea cottage)/leaveblocker.rbc,105,@talk2,cp1252,"Oh, Porygon, is it? Figures.\p[.]\nHmm?\pYeah, of course I know how to make\nthe things-- who do you take me\lfor?\pJust show me the stuff they gave\nyou to tempt me with already.",,à_traduire,
57ef40a7ce92,scripts/route 25 (sea cottage)/leaveblocker.rbc,108,@2talk1,cp1252,Bill: [.]\c\h08ó\c\h08ó\nTell you what.,,à_traduire,
015bdc67b325,scripts/route 25 (sea cottage)/leaveblocker.rbc,118,@2talk2,cp1252,"What's your name?\p[.]\p[player]?\pYou know, I admire your\npersistence, [player].\pI want you to have something.",,à_traduire,
b161150bed42,scripts/route 25 (sea cottage)/leaveblocker.rbc,135,@2talk3,cp1252,There we go.,,à_traduire,
3da04bbc105a,scripts/route 25 (sea cottage)/leaveblocker.rbc,147,@phoneGet,cp1252,[player] received the Cell Phone\nfrom Bill.,,à_traduire,
88883931a75f,scripts/route 25 (sea cottage)/leaveblocker.rbc,150,@2talk4,cp1252,"Bill: I want you to be my Team\nRocket contact, [player].\pYes, that is equally a condition\nof my taking the Porygon job, but\lone that'll be just between you\land me, do you understand?",,à_traduire,
31c64a0fb441,scripts/route 25 (sea cottage)/leaveblocker.rbc,154,@2talk5,cp1252,"That's a cellular telephone.\pQuite a little marvel of\ntechnology, I know.\pI'll be calling you on there once\nin a while to check in on you and\lhave you tell me if you Rocket\lguys have done or discovered\lanything that might interest me\llately.\pIs that all right with you?\c\h08ó\nSplendid.",,à_traduire,
322e56f4790f,scripts/route 25 (sea cottage)/leaveblocker.rbc,177,@2talk6,cp1252,"In fact, come to think of it,\nthere's one particularly rare\lPokémon that I have long been on\lthe lookout for-- one that I think\lyou guys could help me locate.\pIf you don't mind me asking.\c\h08ó.\c\h08ó.\c\h08ó\pAre you at all familiar with the\nMewtwo Project?\p[.]\pNo?\c\h08ó\nOh, I see.\pWell, I guess Giovanni's not one\nto reveal his secrets all too\leasily.\pI suppose that's reasonable[.]\c\h08ó\nNever mind, then.",,à_traduire,
35138e78be87,scripts/route 25 (sea cottage)/youngster no2.rbc,13,@challenge,utf-8,My dad's taking me to an exclusive\nparty on the S.S. Anne in\lVermilion!,,à_traduire,
4e4f19dd9219,scripts/route 25 (sea cottage)/youngster no2.rbc,17,@after,utf-8,"Hmph! Well, what's your dad ever\ndone for you, huh?",,à_traduire,
c00dee3df05b,scripts/route 25 (sea cottage)/youngster no3.rbc,13,@after,utf-8,"I'm a bit of a masochist, you see.",,à_traduire,
71f7f8edd498,scripts/route 25 (sea cottage)/youngster.rbc,14,@challenge,utf-8,My mommy told me to stay away from\nRockets!,,à_traduire,
845dec402e86,scripts/route 25 (sea cottage)/youngster.rbc,17,@defeat,utf-8,"Well, look at me now, mommy!",,à_traduire,
47ee566f4edc,scripts/route 25 (sea cottage)/youngster.rbc,20,@after,utf-8,Screw my parents.\nI regret nothing.,,à_traduire,
fb6dfe9df991,scripts/route 3/post-mt moon continuity upholder v2.rbc,40,@talk,utf-8,"Hey, man-- you're not a Rocket,\nare you?\pDude, you probably want to stay\naway from here for a little while.",,à_traduire,
4bd87db49523,scripts/route 3/post-mt moon continuity upholder v2.rbc,53,@talk2,utf-8,Looks like the cops got tipped off\nabout you guys having some sort of\loperation going here earlier.\pThink they're interviewing\nwitnesses or something. I dunno.,,à_traduire,
4d4fe3d1de22,scripts/route 3/post-mt moon continuity upholder v2.rbc,66,@talk3,utf-8,"Just thought I'd give you a heads\nup, man-- those cops can be pesky\las hell, know what I'm saying?\pProbably nothing to worry about,\nreally, but you never know[.]",,à_traduire,
3a8664417d7f,scripts/route 3/post-mt moon continuity upholder.rbc,27,@talk,utf-8,"Hey, man-- you're not a Rocket,\nare you?\pDude, you probably want to stay\naway from here for a little while.",,à_traduire,
de8c7324b7f9,scripts/route 3/post-mt moon continuity upholder.rbc,41,@talk2,utf-8,Looks like the cops got tipped off\nabout you guys having some sort of\loperation going here earlier.\pThink they're interviewing\nwitnesses or something. I dunno.,,à_traduire,
c0f9068efb5c,scripts/route 3/post-mt moon continuity upholder.rbc,55,@talk3,utf-8,"Just thought I'd give you a heads\nup, man-- those cops can be pesky\las hell, know what I'm saying?\pProbably nothing to worry about,\nreally, but you never know[.]",,à_traduire,
02ec7725b8bb,scripts/route 3/trainers/bug catcher 1.rbc,10,@postBattle,cp1252,Stealing other people's Pokémon\ncan never compare to raising your\lown..!,,à_traduire,
03a5ceabde74,scripts/route 3/trainers/bug catcher 2.rbc,10,@defeat,utf-8,Hey[.] wait[.]\nYou were a Rocket?!,,à_traduire,
cdacc3bc6a19,scripts/route 3/trainers/bug catcher 3.rbc,10,@challenge,utf-8,Hey!\pYou're one of those shady- looking\nthugs who were messing around at\lMt. Moon earlier!,,à_traduire,
cb713532a878,scripts/route 3/trainers/bug catcher 3.rbc,14,@defeat,utf-8,Cut it out!,,à_traduire,
c58187710c65,scripts/route 3/trainers/bug catcher 3.rbc,18,@postBattle,utf-8,I never thought I'd be this up and\nclose with a wanted criminal[.],,à_traduire,
5bfb30041739,scripts/route 3/trainers/lass 1.rbc,10,@lost,utf-8,That's too disgusting!,,à_traduire,
e515fbac2483,scripts/route 3/trainers/lass 1.rbc,14,@postBattle,utf-8,Eeeek! Where are those policemen\nwhen you need them?,,à_traduire,
93e9b9182cbe,scripts/route 3/trainers/youngster 2.rbc,10,@postBattle,utf-8,H-hey[.] I didn't say spandex\npajamas aren't cool too!,,à_traduire,
c5dc5752e42a,scripts/route 4/PC dude.rbc,4,@talk,utf-8,You're sure lucky we have a public\nhealth care system here!\pOtherwise criminals like you would\nbe kicked out in no time flat!,,à_traduire,
b47277f6637f,scripts/route 4/PC gentleman.rbc,4,@talk,utf-8,Something ought to be done to stop\ncriminals like you!,,à_traduire,
eedc2cf2c2ec,scripts/route 4/PC youngster.rbc,4,@talk,utf-8,Don't tell anyone[.]\pBut I think you Rockets are\nactually pretty badass.\pCan I join?,,à_traduire,
bcbdb1a3ca75,scripts/route 4/grunt1.rbc,11,@talk,utf-8,"Damn it, I hate Zubat.",,à_traduire,
caa5c5649589,scripts/route 4/grunt2.rbc,11,@talk,utf-8,"Dude, I thought I was going to be\na gangster, not an archeologist.\pI should have stayed in school.",,à_traduire,
b42325433423,scripts/route 4/grunt3.rbc,11,@talk,utf-8,That guy Petrel is kind of hot.\nSomething about purple beards[.],,à_traduire,
6eca93339879,scripts/route 4/grunt4.rbc,11,@talk,utf-8,I tried stealing a Fearow from\nthis Biker guy.\pHe gave me a black eye. I think\nI'll stick to kids for now.,,à_traduire,
38744f1a0201,scripts/route 4/level script.rbc,72,@petrel1,cp1252,"Petrel: Hey, you!\nOver here and listen up, grunt.",,à_traduire,
998e1c613f0b,scripts/route 4/level script.rbc,96,@petrel2,cp1252,"Er-hem! Well, it's time for your\nfirst mission, grunts!",,à_traduire,
5657676a7851,scripts/route 4/level script.rbc,99,@petrel3,cp1252,"We have been informed by a well-\ntrusted source at the Pewter City\lMuseum that some particularly rare\lPokémon fossils have been spotted\linside this here cave.\pWe believe that these fossils,\nonce acquired, will be of great\lhelp to Team Rocket.",,à_traduire,
ec6ec2953c34,scripts/route 4/level script.rbc,109,@petrel4,cp1252,"Why? Well, that's none of your\nconcern, really.",,à_traduire,
59a57f9c54f6,scripts/route 4/level script.rbc,112,@petrel5,cp1252,"Now, we have hired a particular\nSuper Nerd to help find and\lidentify these fossils.\pHe is currently making his way\nthrough the cave along with some\lof the other new recruits that\lweren't as slow in getting here as\lyou lot.",,à_traduire,
6a366f465f0f,scripts/route 4/level script.rbc,116,@petrel6,cp1252,"Your mission today is to assist in\nthe search in any way you can.\pThat means: Scavenging every nook\nand cranny of this hole, fending\loff any Trainers who may have\lgotten a big idea about collecting\lsome fossils of their own, and\lreporting any and all sightings to\lme.",,à_traduire,
1868bb6685c2,scripts/route 4/level script.rbc,120,@petrel7,cp1252,Do I make myself clear?,,à_traduire,
d6e1f1df3742,scripts/route 4/level script.rbc,123,@petrel8,cp1252,"Of course I do. Now get moving,\nkids!",,à_traduire,
325511ab3073,scripts/route 4/me.rbc,26,@talk,utf-8,"Hi there, [player]!\nThis is colonelsalt speaking.\pI'm sorry, but due to an\ninexplicable glitch, I can't allow\lyou to enter Mt. Moon right now.\pGo and finish up your mission in\nCerulean City, and it'll all be\lfine, okay?\pI'm really sorry!",,à_traduire,
dbb3ff1c63ac,scripts/route 4/me.rbc,29,@talk2,utf-8,You can have this for your\ninconvenience.,,à_traduire,
34ab0a01705c,scripts/route 4/me.rbc,32,@itemMsg,utf-8,[player] received a Rare Candy!,,à_traduire,
57623dc5ed6a,scripts/route 4/me.rbc,36,@putAway,utf-8,[player] put the Rare Candy in the\nItems pocket.,,à_traduire,
cf6dd4054c21,scripts/route 4/moveaway.rbc,14,@talk,utf-8,"Petrel: Hey, where do you think\nyou're going, grunt?\pCome back here and do as you're\ntold!",,à_traduire,
903d24288d26,scripts/route 4/moveaway2.rbc,14,@talk,utf-8,"Petrel: Hey, where do you think\nyou're going, grunt?\pCome back here and do as you're\ntold!",,à_traduire,
c118c5b9a7d4,scripts/route 4/moveaway3.rbc,14,@talk,utf-8,"Petrel: Hey, where do you think\nyou're going, grunt?\pCome back here and do as you're\ntold!",,à_traduire,
240e384e3854,scripts/route 4/moveaway4.rbc,14,@talk,utf-8,"Petrel: Hey, where do you think\nyou're going, grunt?\pCome back here and do as you're\ntold!",,à_traduire,
295d9bfb708c,scripts/route 4/npc 3.rbc,11,@talk,utf-8,I was just going for my daily hike\naround Mt. Moon when all of a\lsudden these Rocket guys kicked me\lout and told me to mind my own\lbusiness!\pThe nerve[.],,à_traduire,
2219e77ad3c9,scripts/route 4/petrel.rbc,12,@talk,utf-8,Yes? Did you want something?,,à_traduire,
58a326fa88f3,scripts/route 4/woman outside.rbc,4,@talk,utf-8,You people had better learn some\nmanners!,,à_traduire,
f35571e812e5,scripts/route 5 (Day-Care)/Day-care level script.rbc,120,@DCtalk,cp1252,"Welcome, young man. I run the\nDay-Care service.\pWould you like me to raise one of\nyour Pokémon?",,à_traduire,
96adedb9196d,scripts/route 5 (Day-Care)/Day-care level script.rbc,123,@boytalk,cp1252,"I sure would!\pMy Nidoran here needs to get\nhimself some experience, but I'm\ljust too busy with my other\lPokémon as it is.\pIsn't that right, Nido?",,à_traduire,
0d6077666104,scripts/route 5 (Day-Care)/Day-care level script.rbc,127,@nidogrowl,cp1252,Nidoran\hB5: Nido-nido!,,à_traduire,
d731d12098af,scripts/route 5 (Day-Care)/Day-care level script.rbc,130,@DCtalk2,cp1252,"Very well. We'll raise your\nNidoran for a while.\pHe should be fit for fight in no\ntime at all, I assure you.",,à_traduire,
319ecbc988c2,scripts/route 5 (Day-Care)/Day-care level script.rbc,133,@boytalk2,cp1252,"Awesome! Thank you, sir.",,à_traduire,
d5cb6cdfe25f,scripts/route 5 (Day-Care)/Day-care level script.rbc,137,@boytalk2.5,cp1252,Now back to my Pokémon adventure!,,à_traduire,
c168f8630cd1,scripts/route 5 (Day-Care)/Day-care level script.rbc,159,@DCtalk3,cp1252,"Why, hello there. Would you like\nto raise your Pokémon as we--\p[.]\c\h08ó\nOh?\c\h08ó Hehehe[.]\pMy apologies, I didn't quite catch\nyour uniform.\pI take it you're with the others?\c\h08ó\nRight this way then.",,à_traduire,
3c99c63a639f,scripts/route 5 (Day-Care)/Day-care level script.rbc,169,@DCtalk3.5,cp1252,"Follow me now, little Nido!",,à_traduire,
08f441d0604a,scripts/route 5 (Day-Care)/Day-care level script.rbc,185,@DCtalk4,cp1252,There's a good lad. Now just come\non down here.,,à_traduire,
340274e2a682,scripts/route 5 (Day-Care)/day-care man.rbc,25,@talk,cp1252,I daresay you guys in Celadon\ncould learn a thing or two from us\labout the art of camouflaging\lsecret hideouts.,,à_traduire,
83b2788f842f,scripts/route 5 (Day-Care)/day-care man.rbc,28,@talk2,cp1252,You might want to make your way\nrather quickly downstairs[.]\pThere's[.]\c\h08ó a slight degree of\nagitation going on there.,,à_traduire,
a2d44d62b680,scripts/route 5 (Day-Care)/day-care man.rbc,31,@talk3,cp1252,"How do you do, Mr. Rocket?\pWould you like to raise one of\nyour Pokémon with us?\p[.]\pHa-ha!\nI only jest, young man.",,à_traduire,
c5ada424ae66,scripts/route 5 (Day-Care)/guard script v2.rbc,73,@talk,cp1252,"Hey there!\pI'm to tell you that the road\nthrough here is just about to\lclose, so I'm not really supposed\lto let any more people through.",,à_traduire,
be5c4bf02c2d,scripts/route 5 (Day-Care)/guard script v2.rbc,77,@sorry,cp1252,"Sorry!\nJust following orders, is all.",,à_traduire,
c96781f58471,scripts/route 5 (Day-Care)/guard script v2.rbc,88,@talk2,cp1252,"[.]\c\h08ó\nPersistent, aren't you?\pWell, I don't know[.] there's this\ncranny right here in my pocket\lthat's just about the size of\la [$]200 bill, and[.]\pWell, of course I'm not one to go\nagainst what my superiors tell me,\lno sir, but you know[.]\pMistakes and slip-ups happen all\nthe time, and, well[.]",,à_traduire,
3f980c08e02c,scripts/route 5 (Day-Care)/guard script v2.rbc,91,@yesOrNo,cp1252,[.]\c\h08ó\n[.]Hmm?,,à_traduire,
29ce64b75139,scripts/route 5 (Day-Care)/guard script v2.rbc,94,@noTalk,cp1252,"No?\pWhy, how can you be saying no to\nsomething when I haven't asked you\lanything?\pHa-ha! You sure are a weird\nfellow. Good day.",,à_traduire,
2c32a861b10f,scripts/route 5 (Day-Care)/guard script v2.rbc,97,@yesTalk,cp1252,"Oh, what's this?\pI think I've been struck by a\nsudden momentary blindness!\pOh well, it happens from time to\ntime[.]\pYou know[.] I think this affliction\nmight be contagious.\pIt'll probably spread to the other\nguards. My, my[.] what can you do?",,à_traduire,
fa13dcb74cfa,scripts/route 5 (Day-Care)/guard script v2.rbc,100,@notEnoughTalk,cp1252,"(For goodness sakes[.] this is a\nbribery, not a charity[.])\pWhat a pity we could find nothing\nto fill that cranny of mine.\pOh, well.\nGood day.",,à_traduire,
64dcdfb64b7d,scripts/route 5 (Day-Care)/guard.rbc,11,@talk,utf-8,"Hmm..? Yeah, Cerulean City is\nright north of here.",,à_traduire,
bea0127ee2a0,scripts/route 5 (Day-Care)/underground path girl.rbc,13,@talk,utf-8,"Um[.] this is the Underground Path\nleading to Route 6, isn't it?\pOh[.] I'm just so anxious that I\nshould come to the right place,\lyou see[.]\p[.]\p(Is he going to be there waiting\nfor me..?)",,à_traduire,
0b6bf963ffe8,scripts/route 6/guard script v3.rbc,73,@talk,cp1252,"Hey there!\pI'm to tell you that the road\nthrough here is just about to\lclose, so I'm not really supposed\lto let any more people through.",,à_traduire,
9c00a779167f,scripts/route 6/guard script v3.rbc,77,@sorry,cp1252,"Sorry!\nJust following orders, is all.",,à_traduire,
df2fae6415a2,scripts/route 6/guard script v3.rbc,88,@talk2,cp1252,"[.]\c\h08ó\nPersistent, aren't you?\pWell, I don't know[.] there's this\ncranny right here in my pocket\lthat's just about the size of\la [$]200 bill, and[.]\pWell, of course I'm not one to go\nagainst what my superiors tell me,\lno sir, but you know[.]\pMistakes and slip-ups happen all\nthe time, and, well[.]",,à_traduire,
902386a58ef2,scripts/route 6/guard script v3.rbc,91,@yesOrNo,cp1252,[.]\c\h08ó\n[.]Hmm?,,à_traduire,
5a769663ef4d,scripts/route 6/guard script v3.rbc,94,@noTalk,cp1252,"No?\pWhy, how can you be saying no to\nsomething when I haven't asked you\lanything?\pHa-ha! You sure are a weird\nfellow. Good day.",,à_traduire,
8308c054704a,scripts/route 6/guard script v3.rbc,97,@yesTalk,cp1252,"Oh, what's this?\pI think I've been struck by a\nsudden momentary blindness!\pOh well, it happens from time to\ntime[.]\pYou know[.] I think this affliction\nmight be contagious.\pIt'll probably spread to the other\nguards. My, my[.] what can you do?",,à_traduire,
4df09a37a48a,scripts/route 6/guard script v3.rbc,100,@notEnoughTalk,cp1252,"(For goodness sakes[.] this is a\nbribery, not a charity[.])\pWhat a pity we could find nothing\nto fill that cranny of mine.\pOh, well.\nGood day.",,à_traduire,
8b842f0f4831,scripts/route 6/saffron blocker v1.rbc,27,@engineertalk,utf-8,I'm telling ya. This here water\nfountain's real jumbled up.\pMight take me quite a good while\nto get it fixed.,,à_traduire,
f0c483036f37,scripts/route 6/saffron blocker v1.rbc,37,@guardtalk,utf-8,No worries; take your time.\pIt's not as if I'll die of thirst\nor anything.,,à_traduire,
53f4862ac19b,scripts/route 6/saffron blocker v1.rbc,41,@engineertalk2,utf-8,"Ey, chum.\nCan't you see we're working here?\pRoad's closed anyway, ain't it?\nGo find some other way, ya hear?",,à_traduire,
0ff783beee59,scripts/route 6/saffron blocker v2.rbc,29,@engineertalk,utf-8,I'm telling ya. This here water\nfountain's real jumbled up.\pMight take me quite a good while\nto get it fixed.,,à_traduire,
352403091e0f,scripts/route 6/saffron blocker v2.rbc,38,@guardtalk,utf-8,No worries; take your time.\pIt's not as if I'll die of thirst\nor anything.,,à_traduire,
b9e9a109c866,scripts/route 6/saffron blocker v2.rbc,42,@engineertalk2,utf-8,"Ey, chum.\nCan't you see we're working here?\pRoad's closed anyway, ain't it?\nGo find some other way, ya hear?",,à_traduire,
44e86bd71335,scripts/route 7/gambler.rbc,9,@challenge,utf-8,"Hey there, young man. Want to play\na game with me?",,à_traduire,
20269b624aae,scripts/route 7/gambler.rbc,12,@defeat,utf-8,"My lord, what are the odds..?",,à_traduire,
436fd279a3ac,scripts/route 7/gambler.rbc,15,@afterwards,utf-8,"If I were only a few years younger\nI'd teach all you little\lwhippersnappers a lesson, I would!",,à_traduire,
bce293d86486,scripts/route 7/guard script - Copy.rbc,80,@talk,cp1252,"Hey there!\pI'm to tell you that the road\nthrough here is just about to\lclose, so I'm not really supposed\lto let any more people through.",,à_traduire,
464b85c31db4,scripts/route 7/guard script - Copy.rbc,84,@sorry,cp1252,"Sorry!\nJust following orders, is all.",,à_traduire,
4139344bfe3e,scripts/route 7/guard script - Copy.rbc,95,@talk2,cp1252,"[.]\c\h08ó\nPersistent, aren't you?\pWell, I don't know[.] there's this\ncranny right here in my pocket\lthat's just about the size of\la [$]200 bill, and[.]\pWell, of course I'm not one to go\nagainst what my superiors tell me,\lno sir, but you know[.]\pMistakes and slip-ups happen all\nthe time, and, well[.]",,à_traduire,
61d4be0fdee1,scripts/route 7/guard script - Copy.rbc,98,@yesOrNo,cp1252,[.]\c\h08ó\n[.]Hmm?,,à_traduire,
a0776c067d90,scripts/route 7/guard script - Copy.rbc,101,@noTalk,cp1252,"No?\pWhy, how can you be saying no to\nsomething when I haven't asked you\lanything?\pHa-ha! You sure are a weird\nfellow. Good day.",,à_traduire,
6dd58f60312d,scripts/route 7/guard script - Copy.rbc,104,@yesTalk,cp1252,"Oh, what's this?\pI think I've been struck by a\nsudden momentary blindness!\pOh well, it happens from time to\ntime[.]\pYou know[.] I think this affliction\nmight be contagious.\pIt'll probably spread to the other\nguards. My, my[.] what can you do?",,à_traduire,
5825b30cae24,scripts/route 7/guard script - Copy.rbc,107,@notEnoughTalk,cp1252,"(For goodness sakes[.] this is a\nbribery, not a charity[.])\pWhat a pity we could find nothing\nto fill that cranny of mine.\pOh, well.\nGood day.",,à_traduire,
ba403f91832b,scripts/route 7/guard script.rbc,81,@talk,cp1252,"Hey there!\pI'm to tell you that the road\nthrough here is just about to\lclose, so I'm not really supposed\lto let any more people through.",,à_traduire,
445e789d64a1,scripts/route 7/guard script.rbc,85,@sorry,cp1252,"Sorry!\nJust following orders, is all.",,à_traduire,
a4cfb6350358,scripts/route 7/guard script.rbc,96,@talk2,cp1252,"[.]\c\h08ó\nPersistent, aren't you?\pWell, I don't know[.] there's this\ncranny right here in my pocket\lthat's just about the size of\la [$]200 bill, and[.]\pWell, of course I'm not one to go\nagainst what my superiors tell me,\lno sir, but you know[.]\pMistakes and slip-ups happen all\nthe time, and, well[.]",,à_traduire,
3c3821405eda,scripts/route 7/guard script.rbc,99,@yesOrNo,cp1252,[.]\c\h08ó\n[.]Hmm?,,à_traduire,
9abe02b8a6a9,scripts/route 7/guard script.rbc,102,@noTalk,cp1252,"No?\pWhy, how can you be saying no to\nsomething when I haven't asked you\lanything?\pHa-ha! You sure are a weird\nfellow. Good day.",,à_traduire,
28091e291bd7,scripts/route 7/guard script.rbc,105,@yesTalk,cp1252,"Oh, what's this?\pI think I've been struck by a\nsudden momentary blindness!\pOh well, it happens from time to\ntime[.]\pYou know[.] I think this affliction\nmight be contagious.\pIt'll probably spread to the other\nguards. My, my[.] what can you do?",,à_traduire,
6aae873e7a1d,scripts/route 7/guard script.rbc,108,@notEnoughTalk,cp1252,"(For goodness sakes[.] this is a\nbribery, not a charity[.])\pWhat a pity we could find nothing\nto fill that cranny of mine.\pOh, well.\nGood day.",,à_traduire,
4aaf7562f05d,scripts/route 7/roadway continuity.rbc,24,@talk,utf-8,"I'm on guard duty.\nGee, I'm thirsty, though!\pOh, wait there, the road's closed.",,à_traduire,
cd3eff05f9aa,scripts/route 7/roadway continuity.rbc,27,@talk2,utf-8,"Congratulations! You've reached\nthe end of the line. If you want\lto move on to Saffron you'll have\lto wait for the next beta release.\lSorry about that! In the\lmeantime, I suggest you keep an\leye out for more updates at\lbit.ly/pkmfrrocketed. Thanks\lfor playing!",,à_traduire,
262795dcedce,scripts/route 7/roadway guard.rbc,11,@talk,utf-8,"Hmm?\nIs anybody there?\pWhy, no. I don't think I see\nanybody at all[.]",,à_traduire,
b6d976af83b5,scripts/route 7/underground path continuity.rbc,12,@talk,utf-8,"Ah[.] shoot.\p[.]\pListen, road's closed, okay?\nYou're not coming through.\pShoosh. Be gone. Nothing to see\nhere, ya hear me?",,à_traduire,
73c93ef0ff05,scripts/route 8 (saffron-lavender)/biker no2.rbc,5,@defeat,utf-8,"You for real, man?",,à_traduire,
5972d3c1f5bb,scripts/route 8 (saffron-lavender)/biker no2.rbc,8,@after,utf-8,"Y'all Rockets think you're so\ntough[.] with your suits and your\lpecking order.\pUs Bikers are the true face of the\nKanto underworld, I tell ya!",,à_traduire,
07f33d80fa61,scripts/route 8 (saffron-lavender)/biker.rbc,4,@after,utf-8,"I respect you Rockets, man. You\nguys don't take crap from nobody.",,à_traduire,
bfb89ad5179e,scripts/route 8 (saffron-lavender)/gambler no2.rbc,13,@challenge,utf-8,"I'm a rambling, gambling dude!",,à_traduire,
d6f8848278b3,scripts/route 8 (saffron-lavender)/gambler no2.rbc,16,@after,utf-8,"Man, I'm glad the true nature of\nmy gambling habits don't have to\lbe censored anymore!",,à_traduire,
009e795467b6,scripts/route 8 (saffron-lavender)/lass.rbc,4,@after,utf-8,"I'm just standing around here,\nwaiting for someone to approach.\pThen I can make fun of how\nstupid we look!\pThat way, I have an air of smug\nsuperiority in every interaction.",,à_traduire,
a6a47265591a,scripts/route 8 (saffron-lavender)/little girl.rbc,10,@challenge,utf-8,I'm waiting for my sister to get\nhere. I'm bored!,,à_traduire,
b3e8dcd4ea29,scripts/route 8 (saffron-lavender)/little girl.rbc,13,@defeat,utf-8,No!\nI want to be bored again[.],,à_traduire,
ce96cd2849f0,scripts/route 8 (saffron-lavender)/little girl.rbc,17,@after,utf-8,You're a bad man. I'm going to\ntell my sister about you.,,à_traduire,
66f740f0aba5,scripts/route 8 (saffron-lavender)/merchant wife.rbc,11,@talk,utf-8,"My husband's snacks are really\nquite delicious.\pThey're really salty, though!\pHe doesn't like to say it, but if\nyou eat too many, you can become\ldehydrated really fast.",,à_traduire,
80d82517a26b,scripts/route 8 (saffron-lavender)/outside UG lady.rbc,4,@talk,utf-8,Did you just come out of the\nUnderground Path?\pHmph! Doesn't surprise me!\nYou dirty Rockets[.],,à_traduire,
c8095729b98b,scripts/route 8 (saffron-lavender)/saffron blocker.rbc,50,@merchanttalk,cp1252,"Hello, friend. Would you like-eh\nto buy some of my-eh salty snacks?\pVery nice, very crispy, very\nhomemade, yes?",,à_traduire,
7406da1520cc,scripts/route 8 (saffron-lavender)/saffron blocker.rbc,54,@guardtalk,cp1252,"Well, I guess a few couldn't\nhurt[.]\p[.]\c\h08ó\n(Munch-munch)\p[.]\nHmm[.] not bad.",,à_traduire,
da7cd7dc11a6,scripts/route 8 (saffron-lavender)/saffron blocker.rbc,57,@merchanttalk2,cp1252,"Hello, my friend!\pWould you like-eh some special\nhomemade extra salty snacks?\pIt is special recipe from-eh my\nhome count--",,à_traduire,
82b04349a605,scripts/route 8 (saffron-lavender)/saffron blocker.rbc,69,@merchanttalk3,cp1252,Oh no!\nYou are bad man!\pIt is not good. I do not sell\nmy-eh snacks to you.\pGoodbye please.,,à_traduire,
166966a7cfcb,scripts/route 8 (saffron-lavender)/saffron blocker.rbc,73,@merchanttalk4,cp1252,Team Rocket is-eh bad for\nbusiness. People no like.,,à_traduire,
d13ca1ee30e2,scripts/route 8 (saffron-lavender)/salty snack.rbc,14,@sign,utf-8,A faint nutty aroma emanates from\nthe crate.,,à_traduire,
9f825e62c8d1,scripts/route 8 (saffron-lavender)/salty snack.rbc,17,@nothing,utf-8,There's nothing here[.],,à_traduire,
b73b348e43c7,scripts/route 8 (saffron-lavender)/scientist.rbc,4,@after,utf-8,"Young man, if you've never solved\na partial differential equation,\lyou've never truly been alive.",,à_traduire,
d0c4251e2896,scripts/route 9/camper no2.rbc,13,@after,utf-8,"Are you going to kill more Cubone\nin Lavender?\p[.]\pWell, they probably had a better\nlife than those Miltank whose meat\lI ate for dinner, to be fair.",,à_traduire,
fa0b8432e51d,scripts/route 9/hiker.rbc,5,@after,utf-8,Hahaha!\nYou Rockets don't scare me!,,à_traduire,
5ae1484709b8,scripts/route 9/leto 2nd time.rbc,216,@talk,cp1252,"My-my, what's this? Did the good\nTrainer change his mind? Haha!",,à_traduire,
a828f90e0bdd,scripts/route 9/leto 2nd time.rbc,236,@talk2,cp1252,"Behold!\nI have returned!\pLeto, aspiring master Cutter, at\nyour service!\pDid you wish for me to Cut down\nall the trees around Cerulean?",,à_traduire,
59e8ea9bbb59,scripts/route 9/leto 2nd time.rbc,239,@yesOrNo,cp1252,"A mere [$]1000, and you will bear\nwitness to my Cutting prowess!",,à_traduire,
d2428eb66e21,scripts/route 9/leto 2nd time.rbc,242,@yesTalk,cp1252,"Ah! Sir, I daresay you made an\nexcellent choice!\pNow, if you'll allow me[.]",,à_traduire,
99d79d731d8b,scripts/route 9/leto 2nd time.rbc,279,@noTalk,cp1252,"No?\c\h08ó\nWhy, f-fine, then.\pI can see that this region is not\nyet cultured enough to appreciate\lthe fine art of a proper Cut!\pWell, should the good sir ever\nchange his mind, I will never be\lfar away from any of this region's\lexquisite trees, rest assured!\pHmph! Good day.",,à_traduire,
c71edfd700dc,scripts/route 9/leto 2nd time.rbc,282,@notEnoughTalk,cp1252,"What?\nInsufficient funds?\pSir, my asking price is akin to\ngiving it away, I assure you!\pBut[.] if the uncultured folk of\nKanto find it too great an expense\lfor witnessing the finest of fine\lart, then what is a man to do?\pWell, should the good sir ever\nearn the necessary means to afford\lmy services, I will never be\lfar away from any of this region's\lexquisite trees, rest assured!\pHmph! Good day.",,à_traduire,
19fdd7f2ab3f,scripts/route 9/leto 2nd time.rbc,285,@goodBye,cp1252,"Ah[.] yes..!\pThere is no sight more magnificent\nthan a tree immaculately Cut!\pWell[.] should you ever be in need\nof my Cutting expertise again,\ldear Trainer, you can be sure to\lfind me by this region's most\lbeautiful trees.\pUntil we meet again!",,à_traduire,
67d17d643ab8,scripts/route 9/leto v2 (from right).rbc,106,@greetings,cp1252,"Greetings, young Trainer!\pDoes that vile tree in your path\ncause you dismay? Haha! Worry not!",,à_traduire,
a98ca067e840,scripts/route 9/leto v2 (from right).rbc,123,@talk,cp1252,"'Tis I, Leto, aspiring master\nCutter!\pLong have I studied under the\nguidance of that world-renowned\lCutting virtuso, the Captain of\lthe S.S. Anne!\pIt is my life's purpose to one day\nout-Cut my master at his own game!\pVerily, that Arab's Cut is like\nnone other, but time has taken\lits toll on the man, and he cannot\lbe number one for ever!",,à_traduire,
93b36e9e713a,scripts/route 9/leto v2 (from right).rbc,127,@talk2,cp1252,"That is why, to hone my Cutting\nskills, I have ventured out into\lthe Kanto region, where trees grow\lin such unbridled abundance!\pWould you like for me to display\nmy Cutting expertise, by Cutting\lall the trees around Cerulean City\land thus lighten your heavy load,\ldear Trainer?",,à_traduire,
868e43807ec4,scripts/route 9/leto v2 (from right).rbc,131,@yesOrNo,cp1252,"[.]\c\h08ófor a modest fee of [$]1000,\nnaturally.",,à_traduire,
b28927b94189,scripts/route 9/leto v2 (from right).rbc,134,@yesTalk,cp1252,"Ah! Sir, I daresay you made an\nexcellent choice!\pNow, if you'll allow me[.]",,à_traduire,
fd83de28527b,scripts/route 9/leto v2 (from right).rbc,156,@noTalk,cp1252,"No?\c\h08ó\nWhy, f-fine, then.\pI can see that this region is not\nyet cultured enough to appreciate\lthe fine art of a proper Cut!\pWell, should the good sir ever\nchange his mind, I will never be\lfar away from any of this region's\lexquisite trees, rest assured!\pHmph! Good day.",,à_traduire,
3395e175f68d,scripts/route 9/leto v2 (from right).rbc,159,@notEnoughTalk,cp1252,"What?\nInsufficient funds?\pSir, my asking price is akin to\ngiving it away, I assure you!\pBut[.] if the uncultured folk of\nKanto find it too great an expense\lfor witnessing the finest of fine\lart, then what is a man to do?\pWell, should the good sir ever\nearn the necessary means to afford\lmy services, I will never be\lfar away from any of this region's\lexquisite trees, rest assured!\pHmph! Good day.",,à_traduire,
e384fdbe7866,scripts/route 9/leto v2 (from right).rbc,162,@goodBye,cp1252,"Ah[.] yes..!\pThere is no sight more magnificent\nthan a tree immaculately Cut!\pWell[.] should you ever be in need\nof my Cutting expertise again,\ldear Trainer, you can be sure to\lfind me by this region's most\lbeautiful trees.\pUntil we meet again!",,à_traduire,
68d9a8154280,"scripts/route 9/leto, master cutter.rbc",115,@greetings,cp1252,"Greetings, young Trainer!\pDoes that vile tree in your path\ncause you dismay? Haha! Worry not!",,à_traduire,
b310f60943a6,"scripts/route 9/leto, master cutter.rbc",136,@talk,cp1252,"'Tis I, Leto, aspiring master\nCutter!\pLong have I studied under the\nguidance of that world-renowned\lCutting virtuso, the Captain of\lthe S.S. Anne!\pIt is my life's purpose to one day\nout-Cut my master at his own game!\pVerily, that Arab's Cut is like\nnone other, but time has taken\lits toll on the man, and he cannot\lbe number one for ever!",,à_traduire,
e79d31bbe4e9,"scripts/route 9/leto, master cutter.rbc",140,@talk2,cp1252,"That is why, to hone my Cutting\nskills, I have ventured out into\lthe Kanto region, where trees grow\lin such unbridled abundance!\pWould you like for me to display\nmy Cutting expertise, by Cutting\lall the trees around Cerulean City\land thus lighten your heavy load,\ldear Trainer?",,à_traduire,
22e7c1e55ad2,"scripts/route 9/leto, master cutter.rbc",144,@yesOrNo,cp1252,"[.]\c\h08ófor a modest fee of [$]1000,\nnaturally.",,à_traduire,
d337c62a2206,"scripts/route 9/leto, master cutter.rbc",147,@yesTalk,cp1252,"Ah! Sir, I daresay you made an\nexcellent choice!\pNow, if you'll allow me[.]",,à_traduire,
909c7aa09ccb,"scripts/route 9/leto, master cutter.rbc",169,@noTalk,cp1252,"No?\c\h08ó\nWhy, f-fine, then.\pI can see that this region is not\nyet cultured enough to appreciate\lthe fine art of a proper Cut!\pWell, should the good sir ever\nchange his mind, I will never be\lfar away from any of this region's\lexquisite trees, rest assured!\pHmph! Good day.",,à_traduire,
56f741024993,"scripts/route 9/leto, master cutter.rbc",172,@notEnoughTalk,cp1252,"What?\nInsufficient funds?\pSir, my asking price is akin to\ngiving it away, I assure you!\pBut[.] if the uncultured folk of\nKanto find it too great an expense\lfor witnessing the finest of fine\lart, then what is a man to do?\pWell, should the good sir ever\nearn the necessary means to afford\lmy services, I will never be\lfar away from any of this region's\lexquisite trees, rest assured!\pHmph! Good day.",,à_traduire,
d3e40d968304,"scripts/route 9/leto, master cutter.rbc",175,@goodBye,cp1252,"Ah[.] yes..!\pThere is no sight more magnificent\nthan a tree immaculately Cut!\pWell[.] should you ever be in need\nof my Cutting expertise again,\ldear Trainer, you can be sure to\lfind me by this region's most\lbeautiful trees.\pUntil we meet again!",,à_traduire,
7a31f0bba6f4,scripts/route 9/picnicker no2.rbc,13,@after,utf-8,You're obviously talented.\pI shudder to think what could have\ntempted you to the dark side[.],,à_traduire,
4b9ca342c7f4,scripts/route 9/picnicker.rbc,13,@after,cp1252,The tunnel coming up is\npitch-black inside.\pBut Flash sucks! I don't want to\nteach it to my Pokémon.\pThere has to be some better way[.],,à_traduire,
7011d199ea8a,scripts/saffron city/copycat.rbc,51,@talk,cp1252,[player]: I am a very bad man!\p[player]: Hahaha! I steal Pokémon\nfrom little girls!\p[player]: Hmmm! Maybe if I bring\nthis girl a Poké Doll she will\llet me battle her!\p[.]\pCopycat: Hmm? Quit mimicking?\nBut that's my favorite hobby!,,à_traduire,
1b753ba71e39,scripts/saffron city/copycat.rbc,54,@dollTalk,cp1252,"[player]: I brought the little girl\na Poké Doll! Will she fight now?\p[player]: I might just steal her\nPokémon if I win! Hahahaha!\p[player]: Of course, I don't know\nthat if I don't steal from her,\lshe might think I'm nice and give\lme something!\p[.]\pCopycat: Hmm? Quit talking to\nmyself and battle?\pCopycat: Sure. Bring it on!",,à_traduire,
fbfb3c8535bd,scripts/saffron city/copycat.rbc,57,@defeat,cp1252,[player]: I'm so good!\nI beat the little girl!,,à_traduire,
b6fa92d71ea0,scripts/saffron city/copycat.rbc,61,@innocentTalk,cp1252,"[player]: I was nice to the girl!\p[player]: Oh, oh, oh!\nIs she going to give me something?\p[player]: I want the thing!\p[player]: Woof, woof, woof! I'm a\nlittle dog! Give me my bone!\p[.]\pCopycat: What's that? I shouldn't\ncondescend you like that?\pOh, okay.\nYou're funny, Rocket man.\pI guess you can have this since\nyou were nice to me.",,à_traduire,
bc5e7c633b34,scripts/saffron city/copycat.rbc,64,@TMget,cp1252,[player] received TM27!,,à_traduire,
9bd783edae55,scripts/saffron city/copycat.rbc,67,@stealTalk,cp1252,"[player]: Moahahaha! I stole the\nlittle girl's Pokémon!\p[player]: I'm so cool!\p[player]: She's probably going to\nreport it to the police, though!\p[player]: Oh no!\p[.]\pCopycat: Hmm? Quit mimicking?\nBut that's my favority hobby!",,à_traduire,
d8aa6db8cbd8,scripts/saffron city/copycat.rbc,70,@notStolenTalk,cp1252,[player]: I'm a member of a\ncriminal organization.\p[player]: But I don't steal from\nlittle girls every chance I get!\p[player]: I wonder why I joined in\nthe first place[.]\p[.]\pCopycat: Hmm? Quit mimicking?\nBut that's my favorite hobby!,,à_traduire,
1738712b5fa3,scripts/saffron city/fighting dojo/dude 1.rbc,11,@talk,utf-8,"I don't know if I really trust\nyou, but our Master says it's OK!",,à_traduire,
8d8016583263,scripts/saffron city/fighting dojo/dude 2.rbc,11,@talk,utf-8,Grr[.] If the Elite Four found out\nwe let a Rocket in here[.],,à_traduire,
930b388c9633,scripts/saffron city/fighting dojo/dude 3.rbc,11,@talk,cp1252,Psychic and Flying-type Pokémon\nare the bane of my existence!\pThank you for taking out that\lannoying Mr. Psychic.,,à_traduire,
20ec71cb5b9b,scripts/saffron city/fighting dojo/dude 4.rbc,11,@talk,utf-8,"You must be strong, Rocket!\pYou have earned the tiniest grain\nof my respect.",,à_traduire,
ebf2bb4e37ab,scripts/saffron city/fighting dojo/fighting dojo blocker.rbc,48,@talk,utf-8,Hooh-ha!\nWhat's this?\pA criminal has entered our dojo!\nThey warned us about you! Hwah!\pYou! Rocket!\nAre not welcome here!\pBe gone! Leave us!\nDon't come back! Ha-yah!,,à_traduire,
aa400705ce71,scripts/saffron city/fighting dojo/fighting dojo blocker.rbc,51,@talk2,utf-8,You!\nHooh-ha!\pDouble-crosser!\nEvil Rocket! Haaah!\pYou cannot enter! My Dojo!\nBe gone! Chaaa-yah!,,à_traduire,
dbffe2750bdb,scripts/saffron city/fighting dojo/honor among thieves.rbc,4,@text,utf-8,Better not get greedy[.]\nHonor among thieves and all that[.],,à_traduire,
17c1bc7da55b,scripts/saffron city/fighting dojo/karate master.rbc,18,@talk,cp1252,As your reward! Hoo-hah!\pTake one of our prized Fighting\nPokémon behind me! Haaah!,,à_traduire,
404fa6d2e76f,scripts/saffron city/fighting dojo/karate master.rbc,22,@takenTalk,cp1252,"Rocket! I am in your debt!\nHee-haah!\pStay, if you would!\nAnd train karate with us! Hoo-yah!",,à_traduire,
dcd533eaceb7,scripts/saffron city/fighting dojo champ.rbc,62,@talk,cp1252,Hooah!\nRocket! Talk to me!\p[.]\pSorry about kicking you out\nearlier! Very sorry!\pIt's Pokémon League policy!\pThey would not let us keep our\nDojo if we didn't comply! Hyaah!\pBut! Perhaps we could make an\nexception! Perhaps! Maybe! Hah!\pListen up!,,à_traduire,
7fc77f069613,scripts/saffron city/fighting dojo champ.rbc,65,@talk2,cp1252,In a house in this city! Hoo-ah!\nDown south! By the Pokémon Center!\pThere lives an old bald man!\pCalls himself Mr. Psychic!\nHoo-yah! Stupid name! Yes!\pThis man! He is very bad for our\nDojo! Yes-yes! Very bad!\pHe sits in his house! Gives out\nthe TM for Psychic!\pTo all and every passerby\nTrainers! Argh!\pWith this move! Grrr!\pThey knock out all our Fighting-\ntype Pokémon! In one hit! Hah!,,à_traduire,
285882d1cbdc,scripts/saffron city/fighting dojo champ.rbc,69,@talk3,cp1252,"You! Rocket!\nGo beat up Mr. Psychic! Ha-yah!\pTell him, Rocket! No more TM\nPsychic for Trainers! Mmmmmyah!\pIf you do this! Chaaaah!\pI will give to you! A special\nreward! And[.] my respect! Ho!",,à_traduire,
3dd8217d506c,scripts/saffron city/fighting dojo champ.rbc,72,@talk4,cp1252,Ah! Rocket! Hooohah!\nHow is it going?\pDid you teach Mr. Psychic a\nlesson? Heeyah!,,à_traduire,
f3e5480af9aa,scripts/saffron city/fighting dojo champ.rbc,75,@postBeatUpTalk,cp1252,"Huzzah!\nYou did? Ha-ha! Yes!\pMany thanks, Rocket!\pCome inside! Inside my Dojo!\nAnd you will have your reward! Ha!",,à_traduire,
0e69ba3728fd,scripts/saffron city/fighting dojo champ.rbc,80,@abortionTalk,cp1252,Hooo[.] huuh..?\nYou refused? To beat him up?\pHe gave you? A TM?\nYou let him? Let him go?\pArgh! Haaaah!\nYou double-crossing fiend!\pYou will not be allowed!\nTo enter my Dojo! Ever!\pGood-bye! Hooo-yaah!,,à_traduire,
e5349d6bf58b,scripts/saffron city/generic dialogue/aspirational youngster.rbc,19,@talk,utf-8,"When I grow up, I'm gonna work at\nSilph!\pEverybody here knows that's the\nway to get super rich!",,à_traduire,
afc94a4b9fb9,scripts/saffron city/generic dialogue/aspirational youngster.rbc,22,@talk2,utf-8,"Ha-ha, Rocket!\pI knew you bad guys would be no\nmatch for Silph!",,à_traduire,
fe3a2c81f58a,scripts/saffron city/generic dialogue/celadon hater.rbc,20,@talk,utf-8,"Ugh[.] You came from Celadon,\ndidn't you, Rocket?\pThat crime-infested gambling-\nfueled hole[.]\pSaffron is clean and straight!\nWe'll never accept your kind here.",,à_traduire,
092e07a134de,scripts/saffron city/generic dialogue/celadon hater.rbc,23,@talk2,utf-8,I hope you Rockets have learned\nyour lesson now!\pThere's no place for you in Saffron!\nGo back to where you came from!,,à_traduire,
d5d4bad65eff,scripts/saffron city/generic dialogue/copycat dad.rbc,10,@talk,utf-8,D-don't call her that!\nThat's a made-up fantasy name!\pYour friend has been acting\nstrange lately.\pI think she's not feeling well\nright now. She needs to stay home.,,à_traduire,
e71cbf9d036a,scripts/saffron city/generic dialogue/doorman 1.rbc,12,@talk,utf-8,"Ah[.] Welcome back, Mr.--\n[.]\pWhy, you're not employed by Silph,\nare you?\pThen I'm afraid I can't let you\nthrough. Good day.",,à_traduire,
2992d7e15309,scripts/saffron city/generic dialogue/doorman 2.rbc,12,@talk,utf-8,"Only authorized personel through\nhere, I'm afraid.",,à_traduire,
09351d1c476a,scripts/saffron city/generic dialogue/dude talking about dojo.rbc,19,@talk,cp1252,The Karate Master was really angry\nwhen he lost his position as the\lSaffron City Gym Leader.\pBut he still takes Pokémon League\nregulations very seriously.,,à_traduire,
3d7b620501d1,scripts/saffron city/generic dialogue/dude talking about dojo.rbc,22,@talk2,cp1252,Saffron is back up and running\nagain at last.\p[.]No thanks to you people!,,à_traduire,
3d93a02116ba,scripts/saffron city/generic dialogue/fan club leader.rbc,4,@main,cp1252,All of us gathered here are fans\nof Pokémon Trainers.\pThe way they look in battle[.]\nThey are the picture of coolness.\pHah! But we'll never talk about\npetty Rockets like you.,,à_traduire,
92b1167c6e8e,scripts/saffron city/generic dialogue/grunt 1.rbc,11,@talk,utf-8,"Woo-hoo!\nWe're taking over this city!\pIf you see a local out in the\nstreets, tell them to get lost!",,à_traduire,
075472607a94,scripts/saffron city/generic dialogue/grunt 2.rbc,11,@talk,cp1252,"When we've taken over Silph, do\nyou think we'll finally get some\lPoké Balls to use?",,à_traduire,
0b261dd7061a,scripts/saffron city/generic dialogue/grunt 3.rbc,11,@talk,utf-8,"All these locals fled like flies\nwhen they realized we were coming.\pI never realized I looked that\nscary, you know?",,à_traduire,
9160b6d008aa,scripts/saffron city/generic dialogue/grunt 4.rbc,11,@talk,utf-8,Dang! I was hoping to challenge\nSabrina when I came here.\pBut that promoter at the door\nstill won't let me in!\pThere's got to be some shady guy\nwho can make me a fake Trainer\lCard somewhere[.],,à_traduire,
b1697f7d6664,scripts/saffron city/generic dialogue/industrial gentleman.rbc,11,@talk,utf-8,They say Silph Co. has been\nputting many local Apricot farmers\lout of business.\pBut so what? Somebody has to\nsuffer in the name of progress!,,à_traduire,
c4e82cd259ff,scripts/saffron city/generic dialogue/little boy.rbc,10,@talk,utf-8,"Oh, mister, mister!\nCan Copycat come out to play?",,à_traduire,
4ec099dcd411,scripts/saffron city/generic dialogue/silph fanboy.rbc,11,@talk,utf-8,"Silph is the greatest company in\nthe world!\pNobody can beat them, because they\nwork for the good of the people!\pThat's what my dad told me.",,à_traduire,
ee3fb08f906f,scripts/saffron city/generic dialogue/silph view lass.rbc,11,@talk,utf-8,My mom told me not to talk to\npeople like you.,,à_traduire,
b1d6d13be55b,scripts/saffron city/generic dialogue/welcome guy.rbc,19,@talk,utf-8,Welcome to Saffron City!\pThe city everybody runs through to\nget somewhere else.,,à_traduire,
a33fcf48928f,scripts/saffron city/generic dialogue/welcome guy.rbc,22,@talk2,utf-8,"Aaah!\nYou're back!\pP-please don't invade us again,\nRocket!",,à_traduire,
7a33549b4a06,scripts/saffron city/generic dialogue/welcome to silph.rbc,4,@talk,utf-8,Welcome to Silph Co.\pThe President is in the boardroom\non 11F.\pDo you have an appointment?,,à_traduire,
2963a9ee9123,scripts/saffron city/gym/gym blocker v2 (script from above).rbc,65,@talk,cp1252,Yo!\nChamp in the making!\pSabrina's Pokémon use psychic\npowers instead of--,,à_traduire,
be461c895593,scripts/saffron city/gym/gym blocker v2 (script from above).rbc,76,@talk2,cp1252,"[.]hey!\c\h08ó\nWhat's that you're wearing?\pCould I see your Trainer Card,\nplease?\p[.]",,à_traduire,
747195db8767,scripts/saffron city/gym/gym blocker v2 (script from above).rbc,79,@allowEntryTalk,cp1252,"Oh[.]\c\h08ó\n(Wow, I wasn't expecting that[.])\p(It looks so real[.]\c\h08ó Even has\nthe hologram and everything[.])\p[.]\pEr-hem! Excuse me, Mr. Smith.\nI don't know what came over me.\pCome right in!\pSabrina is eagerly awaiting your\nchallenge.",,à_traduire,
b703186f5bef,scripts/saffron city/gym/gym blocker v2 (script from above).rbc,83,@talk2No,cp1252,"Hmm?\c\h08ó No?\c\h08ó\nThat's just as I thought!\pThe nerve[.]\c\h08ó This Gym is not for\nbums and petty thugs, you hear?\pGet out!\pAnd don't come back unless it's\nwith an official Training license!",,à_traduire,
0fa2fd5612ef,scripts/saffron city/gym/gym blocker v2 (script from above).rbc,86,@talk3,cp1252,"This Gym is not for bums and petty\nthugs, you hear?\pGet out!\pAnd don't come back unless it's\nwith an official Training license!",,à_traduire,
e9c0d9b2ac76,scripts/saffron city/gym/gym blocker v3 (script from below).rbc,65,@talk,cp1252,Yo!\nChamp in the making!\pSabrina's Pokémon use psychic\npowers instead of--,,à_traduire,
7296f88a3559,scripts/saffron city/gym/gym blocker v3 (script from below).rbc,76,@talk2,cp1252,"[.]hey!\c\h08ó\nWhat's that you're wearing?\pCould I see your Trainer Card,\nplease?\p[.]",,à_traduire,
c970aeef15fa,scripts/saffron city/gym/gym blocker v3 (script from below).rbc,79,@allowEntryTalk,cp1252,"Oh[.]\c\h08ó\n(Wow, I wasn't expecting that[.])\p(It looks so real[.]\c\h08ó Even has\nthe hologram and everything[.])\p[.]\pEr-hem! Excuse me, Mr. Smith.\nI don't know what came over me.\pCome right in!\pSabrina is eagerly awaiting your\nchallenge.",,à_traduire,
30a52e297eeb,scripts/saffron city/gym/gym blocker v3 (script from below).rbc,83,@talk2No,cp1252,"Hmm?\c\h08ó No?\c\h08ó\nThat's just as I thought!\pThe nerve[.]\c\h08ó This Gym is not for\nbums and petty thugs, you hear?\pGet out!\pAnd don't come back unless it's\nwith an official Training license!",,à_traduire,
6ba9d5ef772f,scripts/saffron city/gym/gym blocker v3 (script from below).rbc,86,@talk3,cp1252,"This Gym is not for bums and petty\nthugs, you hear?\pGet out!\pAnd don't come back unless it's\nwith an official Training license!",,à_traduire,
2e400ae40254,scripts/saffron city/gym/gym blocker.rbc,52,@talk,cp1252,Yo!\nChamp in the making!\pSabrina's Pokémon use psychic\npowers instead of--,,à_traduire,
6b5e87bd4618,scripts/saffron city/gym/gym blocker.rbc,63,@talk2,cp1252,"[.]hey!\c\h08ó\nWhat's that you're wearing?\pCould I see your Trainer Card,\nplease?\p[.]",,à_traduire,
f46793bccd2c,scripts/saffron city/gym/gym blocker.rbc,66,@allowEntryTalk,cp1252,"Oh[.]\c\h08ó\n(Wow, I wasn't expecting that[.])\p(It looks so real[.]\c\h08ó Even has\nthe hologram and everything[.])\p[.]\pEr-hem! Excuse me, Mr. Smith.\nI don't know what came over me.\pCome right in!\pSabrina is eagerly awaiting your\nchallenge.",,à_traduire,
56d43da6d573,scripts/saffron city/gym/gym blocker.rbc,70,@talk2No,cp1252,"Hmm?\c\h08ó No?\c\h08ó\nThat's just as I thought!\pThe nerve[.]\c\h08ó This Gym is not for\nbums and petty thugs, you hear?\pGet out!\pAnd don't come back unless it's\nwith an official Training license!",,à_traduire,
e7693843019a,scripts/saffron city/gym/gym blocker.rbc,73,@talk3,cp1252,"This Gym is not for bums and petty\nthugs, you hear?\pGet out!\pAnd don't come back unless it's\nwith an official Training license!",,à_traduire,
8d9a87c45666,scripts/saffron city/gym/gym plaque.rbc,40,@sign,cp1252,Saffron Pokémon Gym\nLeader: Sabrina\pWinning Trainers:,,à_traduire,
d3931178298a,scripts/saffron city/gym/gym plaque.rbc,43,@sign2,cp1252,Saffron Pokémon Gym\nLeader: Sabrina\pWinning Trainers:\nBlue,,à_traduire,
e4c4b26cf81a,scripts/saffron city/gym/gym plaque.rbc,46,@sign3,cp1252,"Saffron Pokémon Gym\nLeader: Sabrina\pWinning Trainers:\nBlue, Mohammed Smith",,à_traduire,
47e3a5a62a18,scripts/saffron city/gym/gym plaque.rbc,49,@sign4,cp1252,"Saffron Pokémon Gym\nLeader: Sabrina\pWinning Trainers:\nBlue, Red",,à_traduire,
c9f7d96cfaf7,scripts/saffron city/gym/gym plaque.rbc,52,@sign5,cp1252,"Saffron Pokémon Gym\nLeader: Sabrina\pWinning Trainers:\nBlue, Red, Mohammed Smith",,à_traduire,
255c2934755d,scripts/saffron city/gym/sabrina.rbc,64,@stolenTalk,utf-8,"My psychic senses[.] they knew you\nwere up to no good!\pI shall offer you my [buffer1]\nas a sacrifice[.]\pThe universe will pay me back\nsomeday[.]\p[.]\pWith violent, negative vibrations\nsuch as yours[.]\pThere is only one TM that can set\nyou straight.",,à_traduire,
1a8ba1037c97,scripts/saffron city/gym/sabrina.rbc,67,@notStolenTalk,utf-8,"My psychic senses give me a\nfeeling[.]\pYou have no intention of using the\nMarshbadge to enter the League[.]\pThen why? I will let you keep that\nto yourself, challenger.\pTake this TM with you.",,à_traduire,
2516b10b04b8,scripts/saffron city/gym/sabrina.rbc,70,@postBattleTalk,utf-8,I urge you!\nUse your psychic energy for good!,,à_traduire,
1d9c3b25d780,scripts/saffron city/mr psychic.rbc,51,@dumbTalk,cp1252,"[.]Wait! Don't say a word!\nYou wanted my TM!\pAh! But you're a criminal!\nI cannot be seen helping you.\pThat would be bad[.] for my future.\nI can sense it.\pGet out of my house, please.",,à_traduire,
3a1984604456,scripts/saffron city/mr psychic.rbc,54,@talk,cp1252,"[.]Wait! Don't say a word!\pYou came to[.]\c\h08ó\nAh! To beat me up! Oh, goodness!\pBut I'm a humble, innocent old\nman! I don't want any trouble!\p[.]\pHere[.] look! I'll give you my TM!\nIt's very powerful, see!\pI'll give it to you if you\npromise not to beat me up! Okay..?",,à_traduire,
9bd5329b1633,scripts/saffron city/mr psychic.rbc,57,@yesTalk,cp1252,Phew!\nI'm glad you could be reasonable.\pI can clearly see a future in\nwhich we pretend as if this all\lnever happened.\p[.]\c\h08ó\nDo you?,,à_traduire,
6db4a3811790,scripts/saffron city/mr psychic.rbc,61,@TMget,cp1252,[player] received TM29 from\nMr. Psychic!,,à_traduire,
b9dbad7ecc40,scripts/saffron city/mr psychic.rbc,64,@noTalk,cp1252,"Ah! I sensed you would say that!\pWell[.] I hate to have to do this,\nbut it seems I have no choice!\pCome at me!\nI have seen that I will win!",,à_traduire,
94bd8219d278,scripts/saffron city/mr psychic.rbc,69,@defeat,cp1252,I lied!,,à_traduire,
3f4364dba16e,scripts/saffron city/mr psychic.rbc,72,@after,cp1252,"Ouch! Ouch!\nWhat do you want?\p[.]Wait! Don't say it!\nAh[.] what?\pYou want me to stop giving out TMs\nto passerby Trainers?\pF-fine, I'll stop! Geez, okay!\nJust please don't hurt me!\p[.]\pBut you can't stop me reporting\nyour assault to the police!",,à_traduire,
3fc0148db1c6,scripts/saffron city/mr psychic.rbc,76,@postBeatUpTalk,cp1252,[.]Wait! Don't say a word!\pYou came to intimidate me some\nmore! Waah!,,à_traduire,
b2730832623f,scripts/saffron city/mr psychic.rbc,79,@postTMtalk,cp1252,We're friends now[.] right?,,à_traduire,
33ddf833a320,scripts/saffron city/policeman.rbc,368,@1stTalk,cp1252,"Well, well, well!\pIf it isn't one of you Rockets\nI've heard so much about!\pI am a special officer, sent by\nLance to bring you to justice!\p[.]\pWha--\c\h08ó [.]no, I won't be arresting\nyou; those aren't my orders.\pI am here to ""facilitate your\nrehabilitation""!\pI have this here Exp. Share, that\ncan become yours if you keep your\lcriminal record clean long enough!",,à_traduire,
fe95e2fd8a94,scripts/saffron city/policeman.rbc,372,@1stTalk2,cp1252,"Now, then[.]\nWhat's your name, scoundrel?\p[.]\c\h08ó\n[player]?\pWell, let me check my registry\nhere for a second[.]",,à_traduire,
1cbedafc8a2d,scripts/saffron city/policeman.rbc,376,@preItemTalk,cp1252,"My, my, what have we here?\nA Rocket bandit in the flesh!\pI'm to give you this Exp. Share if\nyou keep your record clean for\llong enough, so keep it cool!\p[player], is it?\c\h08ó\nWell, let me see here[.]",,à_traduire,
e95bd9503ac3,scripts/saffron city/policeman.rbc,380,@postItemTalk,cp1252,"My, my, what have we here?\nA Rocket bandit in the flesh!\p[player], is it?\c\h08ó\nWell, let me see here[.]",,à_traduire,
bcf91021b2d1,scripts/saffron city/policeman.rbc,391,@vBadTalk,cp1252,"My goodness!\c\h08ó Y-you're one of the\nmost infamous criminals in Kanto!\pThe price on your head is a\nwhooping [$][buffer1],000!\pGrr[.] what could you possibly want\nwith me, you filthy outlaw?!\pIt will take a lot more than a\ncouple of Pokémon trades to atone\lfor your sins, I'll tell you!",,à_traduire,
fb2198fa1428,scripts/saffron city/policeman.rbc,395,@vBadText,cp1252,[blue_fr][.]well?,,à_traduire,
36eb66bdaeeb,scripts/saffron city/policeman.rbc,399,@pBadTalk,cp1252,"Oh, my!\nYou're quite the villain!\pThe bounty on your head stands at\n[$][buffer1],000!\pThat's nothing to joke about, son.\pUnless you plan to spend the rest\nof your days in jail, I suggest\lyou change your ways soon, before\lit's all too late!",,à_traduire,
23873b5b7b0c,scripts/saffron city/policeman.rbc,403,@pBadText,cp1252,[blue_fr]How can I help you t[blue_fr]urn things\n[blue_fr]around?,,à_traduire,
6a1211db4a65,scripts/saffron city/policeman.rbc,407,@mBadTalk,cp1252,"Hm[.] Well, I've seen worse in my\ndays, but you're on a dangerous\lpath, Rocket!\pThe bounty on your head stands at\n[$][buffer1],000.\pCome back into the light while you\nstill can!",,à_traduire,
57a0bf4999ee,scripts/saffron city/policeman.rbc,411,@mBadText,cp1252,[blue_fr]What can I help you [blue_fr]with?,,à_traduire,
0e943662a998,scripts/saffron city/policeman.rbc,414,@nBadTalk,cp1252,"Well, you're not so bad, are you?\pThe bounty on your head is a mere\n[$][buffer1],000.\pOh, a few slip-ups here and there\nhappen to the best of us, right?\pI'm glad you came to me to set\nthings straight again[.]\c\h08ó right?",,à_traduire,
5abba0377582,scripts/saffron city/policeman.rbc,419,@nBadText,cp1252,"[blue_fr]What can I do for yo[blue_fr]u, son?",,à_traduire,
6caa5914f272,scripts/saffron city/policeman.rbc,423,@iTalk,cp1252,"Oh, wow! What's this? There's no\nbounty on your head at all!\pThat's what I like to see.\pThe moral road is a narrow one,\nbut you walk it all the same!",,à_traduire,
70212858db55,scripts/saffron city/policeman.rbc,426,@itemTalk,cp1252,"I like you, son.\pHere is a token of appreciation\nfrom the government for embracing\lyour new life as a law-abiding\lcitizen!",,à_traduire,
22d1a8f16973,scripts/saffron city/policeman.rbc,431,@notYetItem,cp1252,"Keep up this behavior, and this\nExp. Share will be yours before\llong!",,à_traduire,
872ad659b547,scripts/saffron city/policeman.rbc,435,@noRoomTalk,cp1252,"Why, but you've no space left for\nit, do you? Make some room!",,à_traduire,
f97cabf0f44d,scripts/saffron city/policeman.rbc,438,@itemMsg,cp1252,[player] received the Exp. Share\nfrom the policeman!,,à_traduire,
19944298c5dc,scripts/saffron city/policeman.rbc,444,@putAway,cp1252,[player] put the Exp. Share in the\nItems pocket.,,à_traduire,
7640d89139bb,scripts/saffron city/policeman.rbc,450,@itemAlreadyGot,cp1252,"Go seek out the officers in the\nother cities, son.\pIf you keep up your good behavior,\nthey'll reward you as I have!",,à_traduire,
9a55886a3c3c,scripts/saffron city/policeman.rbc,454,@1pokeMsg,cp1252,But[.] surely you can't turn in\nyour only Pokémon?\pThat would cause all sorts of\nweird question marks and humbug.\pI'm not having it!,,à_traduire,
530803acb51b,scripts/saffron city/policeman.rbc,458,@handInTalk,cp1252,"Fair enough!\pYou hand in one of your stolen\nPokémon to me, and we agree to\llower the bounty on your head in\lproportion to the Pokémon's level.",,à_traduire,
986266efa82f,scripts/saffron city/policeman.rbc,461,@handInTalk1.5,cp1252,"The bounty on you is [$][buffer1],000.\nWhich Pokémon will you hand in?",,à_traduire,
9df8e6d0b638,scripts/saffron city/policeman.rbc,466,@handInTalk2,cp1252,"Fine. I'll lower your bounty by\n[$][buffer1],000 for this [buffer2].",,à_traduire,
6b60dfe981c0,scripts/saffron city/policeman.rbc,469,@pkmnDeleted,cp1252,[player] turned [buffer2] in to the\npoliceman.,,à_traduire,
644303cc5d11,scripts/saffron city/policeman.rbc,473,@postDeletion,cp1252,"You made the right choice, Rocket.\nCongratulations.\pYour bounty has now been lowered\nto [$][buffer1],000.\pKeep it up and you'll be a free\nman in no time at all!",,à_traduire,
8fab7696f467,scripts/saffron city/policeman.rbc,477,@noMoreBounty,cp1252,"Well, I'll be!\nYou did the right thing, Rocket.\pYour bounty has now been\ncompletely wiped.\pIt touches me to see that I could\nhelp you become a free man again!",,à_traduire,
f2bf81bf5e33,scripts/saffron city/policeman.rbc,481,@bribeTalk,cp1252,"What's that?\c\h08ó\nMy god! The idea!\pI am unwavering in my adherence to\nmy moral principles, I assure you!\p[.]\c\h08ó\n(Shh[.] not so loud, now.)",,à_traduire,
1bc25b545a4a,scripts/saffron city/policeman.rbc,484,@howMuch,cp1252,"(How much are we talking?)\n(The bounty is [blue_fr]at [$][buffer1],000[blue_fr].)",,à_traduire,
560a6afcf4d5,scripts/saffron city/policeman.rbc,488,@noMoneyTalk,cp1252,"Gah!\p(Come back when you actually have\nthe money, and we'll talk!)",,à_traduire,
35319440f33e,scripts/saffron city/policeman.rbc,492,@postBribeTalk,cp1252,"Mmmm!\pWell, in times like these[.]\nwhat can you do..?\p(Your bounty has been lowered to\n[$][buffer1],000, all right?)\p(But remember, son-- I sure as\nheck didn't do it!)",,à_traduire,
b174f2d8c723,scripts/saffron city/policeman.rbc,496,@postBribeTalk2,cp1252,"Mmmm!\pWell, in times like these[.]\nwhat can you do..?\p(The bounty on your head has now\nbeen completely wiped.)\p(But I know nothing about it,\nyou hear me?)",,à_traduire,
f035b23e0ec4,scripts/saffron city/policeman.rbc,500,@goodBye,cp1252,"No? Well, have it your way.\nGood day, Rocket.",,à_traduire,
a2333c8d9b03,scripts/saffron city/policeman.rbc,503,@missingnoTalk,cp1252,"What in Arceus's name is that\nPokémon..?!\pI don't know where you got that\nfrom, but I'll want nothing to do\lwith it!\pHand in a normal Pokémon, won't\nyou?!",,à_traduire,
81519249a0f3,scripts/saffron city/red encounter level script.rbc,64,@redTalk,cp1252,...,,à_traduire,
1b8bc8a24156,scripts/saffron city/red encounter level script.rbc,67,@phoneTalk,cp1252,"Bill: [player].\c\h08ó\nDrop whatever you're doing.\pMeet me at the Pokémon Lab at\nCinnabar Island.\pThat's the POKÉMON LAB at\nCINNABAR ISLAND.\pThe building just west of the\nCinnabar Pokémon Center.\pCome.\pAs soon as conceivably possible,\n[player].\c\h08ó No time to explain.",,à_traduire,
f72b553f5c96,scripts/saffron city/red encounter level script.rbc,177,@shigekiTalk,cp1252,"Shigeki: Well!\pThere's freedom for you,\n[player].\pHow do you plan on using it?",,à_traduire,
0aba7850d3c6,scripts/saffron city/red encounter level script.rbc,180,@shigekiTalk2,cp1252,"I expect your Rocket friends have\nall but dispersed by now.\pLance has let off his extra police\nofficers, so they shouldn't bother\lyou much anymore.",,à_traduire,
bee860de573e,scripts/saffron city/red encounter level script.rbc,183,@shigekiTalk3,cp1252,"How about simply taking on the Gym\nLeaders like a normal Trainer, eh?",,à_traduire,
efe18101d2c3,scripts/saffron city/red encounter level script.rbc,186,@kogaTalk,cp1252,"You haven't had a chat with Koga\ndown in Fuschia City, have you?\pFwahaha[.]\c\h08ó He might be able to help\nyou out with that[.]",,à_traduire,
2a75ca2ef155,scripts/saffron city/red encounter level script.rbc,189,@nuggetTalk,cp1252,"One more thing, [player].\pI was prepared to deplete all my\nsavings to get you out.\pBut there wasn't even a bounty to\nyour name!\pI planned to sell this off, but now\nI guess you can have it instead.",,à_traduire,
57460e89f5b6,scripts/saffron city/red encounter level script.rbc,192,@noRoomTalk,cp1252,"Eh? You haven't got room for it?\nWhat a mess.\pCome see me in Viridian, and I'll\ngive it to you some other time.",,à_traduire,
bd23323cda77,scripts/saffron city/red encounter level script.rbc,195,@shigekiTalk4,cp1252,"Well, phew! That's enough action\nfor me this decade.\pBe good, [player].\c\h08ó\nI'm grateful for all you've done.",,à_traduire,
a1b2d60fd6d4,scripts/saffron city/red encounter level script.rbc,198,@itemMsg,cp1252,[player] received a Nugget!,,à_traduire,
44ece7f06309,scripts/saffron city/red encounter level script.rbc,201,@putAway,cp1252,[player] put the Nugget in the\nItems pocket.,,à_traduire,
f0f25feefda2,scripts/silph co/10f/SCIENTIST 5.rbc,47,@talk,cp1252,"Aaah! Team Rocket!\pB-but what could you possibly want\nwith humble researchers like me?\pI never did anything bad in my\nentire life!\pWaaah!\nOkay, I'll battle!",,à_traduire,
91f63783d0f2,scripts/silph co/10f/SCIENTIST 5.rbc,51,@defeatText,cp1252,(Sniff[.] Sob[.])\nAre you happy now?,,à_traduire,
3002edf6294d,scripts/silph co/10f/SCIENTIST 5.rbc,56,@talk2,cp1252,"Oh[.]\c\h08ó oh!\nYou're locking me up?\p(I-I would have gone in there\nwithout fighting you, you know[.])",,à_traduire,
012786782cde,scripts/silph co/10f/SCIENTIST 5.rbc,60,@swipe,cp1252,[player] swiped the Card Key.,,à_traduire,
7f78d0370f06,scripts/silph co/10f/policeman.rbc,10,@challenge,utf-8,So you thugs have made it this far\nalready[.]\pNot another step!,,à_traduire,
1a39071c0d6e,scripts/silph co/10f/policeman.rbc,13,@postBattle,utf-8,Maybe there's no way to stop you\nfrom taking over the building\lafter all[.],,à_traduire,
2d966f29a058,scripts/silph co/11f/bill encounter v2.rbc,67,@talk,cp1252,"Bill: Why, [player]!\nNow isn't this a surprise!\pI was just finishing some business\nnegotiations with my executive\lfriend here.",,à_traduire,
79bd3f67c56a,scripts/silph co/11f/bill encounter v2.rbc,71,@talk2,cp1252,"The Master Ball is practically\nready for market!\pDo you know what this means?\pThe rarest, most powerful Pokémon\nin existence[.]\lMine, without a second thought!\pI've seen enough of that masterly\nengineered device to see it's\ljust what I've been waiting for[.]",,à_traduire,
7634558bf4c0,scripts/silph co/11f/bill encounter v2.rbc,75,@talk3,cp1252,"I'm picking up a copy of the blue-\nprints and the working prototype.\pOh, I have no trouble influencing\na corrupt old guy like Mr.\lPresident here to do my bidding.",,à_traduire,
56dc1d71a866,scripts/silph co/11f/bill encounter v2.rbc,78,@talk4,cp1252,You guys did a cool job invading\nthe place[.] but you're too slow!\pAnd sorry to say I have no loyalty\nto Team Rocket[.]\c\h08ó nor to anyone.\pThe prototype is mine.,,à_traduire,
8561a3a0cc33,scripts/silph co/11f/bill encounter v2.rbc,82,@talk5,cp1252,I advise you to leave now before\npolice seizes the building back.\pGo! Leave me!\c\h08ó\nYour chance has passed.,,à_traduire,
cb71dd1286e1,scripts/silph co/11f/bill encounter v2.rbc,86,@ellipses,cp1252,[.],,à_traduire,
2ac6a52221d1,scripts/silph co/11f/bill encounter v2.rbc,90,@talk6,cp1252,"[player], you blind loyal idiot[.]\pWell, I won't say I didn't see\nthis coming[.]\pCome at me, then!\pI'm getting that Ball, whether\nGiovanni likes it or not!",,à_traduire,
136bbc1d7619,scripts/silph co/11f/bill encounter v2.rbc,94,@defeatText,cp1252,"No, [player]..!\c\h08ó Don't you see that\nyou're messing it all up now?!",,à_traduire,
d343accf2805,scripts/silph co/11f/bill encounter v2.rbc,97,@talk7,cp1252,Oh geez.\pI can't believe I didn't prepare\nmyself enough to deal with a\lsituation like this[.]\pSo close..!\c\h08ó\nSo disgustingly close!\p[.]\c\h08ó\nI'll have to reconsider the plan.\p[player][.] you idiot!,,à_traduire,
f988ca8f600d,scripts/silph co/11f/bill encounter.rbc,60,@talk,cp1252,"Bill: Why, [player]!\nNow isn't this a surprise!\pI was just finishing some business\nnegotiations with my executive\lfriend here.",,à_traduire,
88e501c59ff4,scripts/silph co/11f/bill encounter.rbc,64,@talk2,cp1252,"The Master Ball is practically\nready for market!\pDo you know what this means?\pThe rarest, most powerful Pokémon\nin existence[.]\lMine, without a second thought!\pI've seen enough of that masterly\nengineered device to see it's\ljust what I've been waiting for[.]",,à_traduire,
ddda29eb9c00,scripts/silph co/11f/bill encounter.rbc,68,@talk3,cp1252,"I'm picking up a copy of the blue-\nprints and the working prototype.\pOh, I have no trouble influencing\na corrupt old guy like Mr.\lPresident here to do my bidding.",,à_traduire,
2655b4c0593c,scripts/silph co/11f/bill encounter.rbc,71,@talk4,cp1252,You guys did a cool job invading\nthe place[.] but you're too slow!\pAnd sorry to say I have no loyalty\nto Team Rocket[.]\c\h08ó nor to anyone.\pThe prototype is mine.,,à_traduire,
6dc4de3eab6c,scripts/silph co/11f/bill encounter.rbc,75,@talk5,cp1252,I advise you to leave now before\npolice seizes the building back.\pGo! Leave me!\c\h08ó\nYour chance has passed.,,à_traduire,
a5defc6b7fe5,scripts/silph co/11f/bill encounter.rbc,79,@ellipses,cp1252,[.],,à_traduire,
681ebeb57964,scripts/silph co/11f/bill encounter.rbc,83,@talk6,cp1252,"[player], you blind loyal idiot[.]\pWell, I won't say I didn't see\nthis coming[.]\pCome at me, then!\pI'm getting that Ball, whether\nGiovanni likes it or not!",,à_traduire,
e8e3f02c23d8,scripts/silph co/11f/bill encounter.rbc,87,@defeatText,cp1252,"No, [player]..!\c\h08ó Don't you see that\nyou're messing it all up now?!",,à_traduire,
b263a1ef9620,scripts/silph co/11f/bill encounter.rbc,90,@talk7,cp1252,Oh geez.\pI can't believe I didn't prepare\nmyself enough to deal with a\lsituation like this[.]\pSo close..!\c\h08ó\nSo disgustingly close!\p[.]\c\h08ó\nI'll have to reconsider the plan.\p[player][.] you idiot!,,à_traduire,
8b79194339aa,scripts/silph co/11f/executive promotion level script.rbc,42,@promotionMsg,cp1252,\c\h17[player] was promoted to\c\h0BÇÀ\nRocket Executive!\c\h08\n\c\h08[Ke]\c\h18,,à_traduire,
57fc947c9a60,scripts/silph co/11f/executive promotion level script.rbc,46,@bossTalk,cp1252,"Say no more, [player].\c\h08ó You'll also\ncarry one of these from now on.\pIt will come in handy in the types\nof jobs you'll have going forward.",,à_traduire,
31c95a0a088d,scripts/silph co/11f/executive promotion level script.rbc,50,@crowbarMsg,cp1252,[player] received the Crowbar!,,à_traduire,
186ec28a1d63,scripts/silph co/11f/executive promotion level script.rbc,53,@bossTalk2,cp1252,"As an Executive, you now have the\npower to steal Pokémon from all\lTrainers, excepting only Gym\lLeaders and the Elite Four!\pA position of massive influence[.]\c\h08ó\nBut you've proven yourself worthy.",,à_traduire,
8a6adc3e0742,scripts/silph co/11f/executive promotion level script.rbc,57,@bossTalk3,cp1252,"I'll handle the negotiations here.\pYou're now dismissed from this\nmission, [player]!\pGo have some well-earned rest, and\nget ready for the next one.\pWith Master Ball in our hands,\nthere's no end to what we can do!\pOur hard work has finally borne\nfruit. Long live Team Rocket!",,à_traduire,
17ffc90913b1,scripts/silph co/11f/giovanni entrance script v2 (top left).rbc,21,@talk,cp1252,"President: Eh?\c\h08ó\nAnother unannounced visitor?\pI guess today is no-appointments\nday, is it?\pLook, kid, time is money.\nLet's cut to the chase!",,à_traduire,
be2630222826,scripts/silph co/11f/giovanni entrance script v3 (right).rbc,20,@talk,cp1252,"President: Eh?\c\h08ó\nAnother unannounced visitor?\pI guess today is no-appointments\nday, is it?\pLook, kid, time is money.\nLet's cut to the chase!",,à_traduire,
3f1d684ad40c,scripts/silph co/11f/giovanni entrance script.rbc,80,@talk,cp1252,"President: Eh?\c\h08ó\nAnother unannounced visitor?\pI guess today is no-appointments\nday, is it?\pLook, kid, time is money.\nLet's cut to the chase!",,à_traduire,
df4e798bed6f,scripts/silph co/11f/giovanni entrance script.rbc,83,@talk2,cp1252,"Say, you're one of those Team\nRocket goonies, aren't you?\pWhy, when I heard reports of the\nbuilding being invaded, I thought\lfor sure it was some big excuse\lfor my managers and engineers to\lslack off from work!\pIn fact, I'll be damned if you're\nnot some entry-level clerk they\lgot to dress up in a funky outfit\ljust to keep the hoax going!",,à_traduire,
f4856ce8c131,scripts/silph co/11f/giovanni entrance script.rbc,87,@talk3,cp1252,"Well, well[.]\c\h08ó\nJoshing aside[.]\pI suppose it's not altogether\nunusual for a shady gang like\lyours to want some friendly\linfluence in big business, is it?",,à_traduire,
92afbbab817e,scripts/silph co/11f/giovanni entrance script.rbc,91,@talk4,cp1252,"Look, getting involved with you\nlot is bad PR, so how about I just\lhave Susie here write you a check\las a token of my friendship?\pNobody needs to know about it,\nof cou--",,à_traduire,
e32f9e4506a4,scripts/silph co/11f/giovanni entrance script.rbc,95,@bossTalk,cp1252,"I'm afraid you can't just pay us\noff like you do your government\lcronies, Mr. President!",,à_traduire,
4b8d4a477ea4,scripts/silph co/11f/giovanni entrance script.rbc,99,@bossTalk2,cp1252,Giovanni: [player]!\nWhat a job you've done!\pCome here a moment.,,à_traduire,
341f0fb2ae67,scripts/silph co/11f/giovanni entrance script.rbc,103,@bossTalk3,cp1252,"The building is ours, and old fat-\ncat here is left with his company,\lhis employees, and his life at the\lmercy of our demands!\pExcellent work, [player].\nMaster Ball will finally be ours!",,à_traduire,
224d7f5c720b,scripts/silph co/11f/giovanni entrance script.rbc,107,@bossTalk4,cp1252,"I must commend you for your\nskill and your constant loyalty!\pYou've proven to be quite the\ninvaluable part of Team Rocket.\pThere isn't a doubt in my mind,\n[player]. Allow me.",,à_traduire,
131dfff018c7,scripts/silph co/11f/giovanni.rbc,13,@talk,utf-8,"Giovanni: Go have yourself some\nwell-earned rest, [player]!\pI'll handle negotiations with this\nold fellow for now.\pThat Master Ball will soon be\nours!",,à_traduire,
e5d62245ab6b,scripts/silph co/11f/policeman.rbc,10,@challenge,utf-8,Halt!\pI doubt very much you have an\nappointment with the President!,,à_traduire,
4dcefbbdba63,scripts/silph co/11f/policeman.rbc,13,@postBattle,utf-8,"It doesn't matter!\pOur President never negotiates\nwith terrorists!\p[.]\p(Well, unless they offer him a LOT\nof money[.])",,à_traduire,
aec93d63ba4d,scripts/silph co/11f/president.rbc,11,@talk,utf-8,"President: Talk about a bunch of\nnonsense!\pOh, what will the shareholders say\nabout this[.]",,à_traduire,
cd73dfbc96e2,scripts/silph co/11f/secretary.rbc,4,@talk,utf-8,"Oh, dear me[.]\nAll this commotion[.]\pIt's so much more than I signed up\nfor.",,à_traduire,
37c408a52cbb,scripts/silph co/1f/female grunt 1.rbc,11,@talk,utf-8,Imagine what we can pull off with\nthis Master Ball in our hands[.]\pMaybe we'll finally have the power\nto stage a coup against Lance?,,à_traduire,
03347ea24ee7,scripts/silph co/1f/female grunt 2.rbc,11,@talk,utf-8,"After this takeover is done, I say\nwe take this big fountain and put\lit in HQ.\pI mean, how majestic!\nDon't you think?",,à_traduire,
db876da22081,scripts/silph co/1f/female grunt 3.rbc,11,@talk,cp1252,"You know, I never liked Silph's\nPoké Balls anyway.\pLet's get 'em!",,à_traduire,
b6da0e5459e3,scripts/silph co/1f/female grunt 4.rbc,11,@talk,utf-8,"I hear they've sent security on us\nin the floors above.\pSeems to be quite a few of those\nguards, but we'll knock them!",,à_traduire,
d3527ffd3af0,scripts/silph co/1f/male grunt 1.rbc,11,@talk,utf-8,"This is the moment my criminal\ncareer has boiled down to.\pI mean, holy crap!\nWe're taking this building down!",,à_traduire,
27fca774aa9f,scripts/silph co/1f/male grunt 2.rbc,11,@talk,utf-8,"I thought I'd all but given up on\nTeam Rocket before this mission.\pDay after day of patrols and\nstealing Jigglypuff from little\lgirls[.] it got old, you know?\pBut man[.] this is something else!",,à_traduire,
7e2375337b44,scripts/silph co/1f/male grunt 3.rbc,11,@talk,utf-8,"We'll have that Master Ball!\pThat old President can eat my big,\nblack Slugma!",,à_traduire,
b355bf9ea323,scripts/silph co/1f/male grunt 4.rbc,11,@talk,utf-8,"Of all things, they tasked me with\nsetting up those spinny warp tile\lthingies.\pI wanted to do some real\noccupation, too, darn it!",,à_traduire,
2c8fb245c272,scripts/silph co/1f/petrel-proton mission intro vX.rbc,15,@petrelTalk,utf-8,"Petrel: Well, hey there, [player]!\pLet's get this show on the road,\nshall we?",,à_traduire,
982d81fbb7e5,scripts/silph co/1f/petrel-proton mission intro.rbc,45,@petrelTalk,utf-8,"Petrel: Well, hey there, [player]!\pLet's get this show on the road,\nshall we?",,à_traduire,
357d7a577a69,scripts/silph co/1f/petrel-proton mission intro.rbc,48,@petrelTalk2,utf-8,"Seems like Boss is tasking you\nwith the main hostage-taking\lbusiness!\pI don't know what you did to get\nhim so confident in your battling\lskills, but I sure am jealous!",,à_traduire,
421107b58cd6,scripts/silph co/1f/petrel-proton mission intro.rbc,51,@ellipses,utf-8,Proton: [.],,à_traduire,
b41c89fa4b72,scripts/silph co/1f/petrel-proton mission intro.rbc,54,@protonTalk,utf-8,We're targeting Silph's six\nhighest-ranked R&D staff.\pThese scientists have offices all\nthroughout the building.\pYour job will be to locate them\nand to lock them up behind the\lnearest set of electrically-\lpowered steel doors available.,,à_traduire,
ecf4fd2fcc1b,scripts/silph co/1f/petrel-proton mission intro.rbc,58,@protonTalk2,utf-8,Our spies managed to get us hold\nof this. Don't lose it!,,à_traduire,
9e4e1561f8d0,scripts/silph co/1f/petrel-proton mission intro.rbc,62,@keyGet,utf-8,[player] received the Card Key!,,à_traduire,
c241bf7cb26c,scripts/silph co/1f/petrel-proton mission intro.rbc,66,@protonTalk3,utf-8,Use that to imprison each of the\nsix scientists as you find them.\pAnd if some of them happen to need\na bit of extra convincing[.]\lYou know what to do.,,à_traduire,
1eb960b3dce5,scripts/silph co/1f/petrel.rbc,38,@talk,utf-8,"Petrel: Well? No use standing\naround, is there, [player]?\pGo on up and hand it to those\nscientists!",,à_traduire,
d8a614be7f2a,scripts/silph co/1f/petrel.rbc,41,@talk2,utf-8,"Petrel: Oh, now?\pYou beat all those geeks and\nlocked them up, did you?\pTruly excellent.\pIf you're lacking for something to\ndo, head up to 11F right now and\lmake sure everything is smooth for\lBoss's arrival.",,à_traduire,
b21eb83c0ccc,scripts/silph co/1f/petrel.rbc,44,@talk3,utf-8,"Petrel: Bahahaha!\nWeird-looking kid like you[.]\lExecutive!\pWho woulda thought it, eh?\nWell, congratulations, [player].\pI won't hide my jealousy.",,à_traduire,
b14c757d435e,scripts/silph co/1f/petrel.rbc,47,@petrelTalk,utf-8,"Petrel: Well, hey there, [player]!\pLet's get this show on the road,\nshall we?",,à_traduire,
896647e5e3df,scripts/silph co/1f/proton.rbc,42,@talk,utf-8,Proton: Boss needs you to imprison\nthose scientists.\pDon't waste any time!,,à_traduire,
eba002aa784c,scripts/silph co/1f/proton.rbc,45,@talk2,utf-8,"Proton: Hmm, [player]?\pAll right, you still have [buffer1]\nscientists left to imprison.\pGet on with it!",,à_traduire,
8e1682649a63,scripts/silph co/1f/proton.rbc,48,@talk3,utf-8,"Proton: All right, [player]?\pSounds like you have just one\nscientist left to imprison.\pGo get him so Boss can come up and\nfinish things here!",,à_traduire,
c382db51903f,scripts/silph co/1f/proton.rbc,52,@talk4,utf-8,"Proton: Well, so you imprisoned\nall the scientists, hmm?\pWell done, [player].\pI suggest you go up to 11F and see\nto it the coast is clear for Boss.",,à_traduire,
87cddb777862,scripts/silph co/1f/proton.rbc,56,@talk5,utf-8,"Proton: [.]\nBoss did what..?\pPromoted you to Executive?\nThat can't be..?\p[.]\pI-I'm sure it's well deserved, of\ncourse.",,à_traduire,
f1d314ba41e4,scripts/silph co/1f/receptionist.rbc,21,@talk,utf-8,W-w-welcome to S-Silph Co[.]\nThe President is on the[.]\p[.]\pAaaah! Nobody taught me how to\ndeal with a criminal invasion!,,à_traduire,
6877944b68cb,scripts/silph co/1f/receptionist.rbc,24,@talk2,utf-8,"Hmph! You dare show your face here\nagain, Rocket?",,à_traduire,
ee1d01d58ca0,scripts/silph co/1f/ronnie.rbc,12,@talk,utf-8,"Ronnie: [player]!\nHoly macaroni!\pIt's the moment we've all been\nwaiting for, isn't it?!\pTime to show Kanto just what Team\nRocket is made of!\pWe're gonna royally kick the ass\nof every scientist in this\lbuilding, aren't we, [player]?",,à_traduire,
fbe4bbbec982,scripts/silph co/1f/silph moveblocker (2nd floor).rbc,14,@talk,utf-8,"Petrel: Hey, [player]!\pGet your ass over here so we can\nfill you in on what your job is!",,à_traduire,
0a7aaaca738d,scripts/silph co/2f/SCIENTIST.rbc,47,@talk,cp1252,"My, what's all this trouble?\pI'll have you know that as one of\nSilph's most invaluable engineers,\lI won't have my concentration\ldisturbed for anything!",,à_traduire,
6f857492ef67,scripts/silph co/2f/SCIENTIST.rbc,51,@defeatText,cp1252,Your interruption just cost the\ncompany thousands!,,à_traduire,
3f2c12c621c7,scripts/silph co/2f/SCIENTIST.rbc,55,@talk2,cp1252,"In all my career, I never[.]\c\h08ó\nThis is unprecedented..!\p[.]\pNo, what are you doing?\c\h08ó\nStop! Let me be..!",,à_traduire,
81b25ac49c22,scripts/silph co/2f/SCIENTIST.rbc,58,@swipe,cp1252,[player] swiped the Card Key.,,à_traduire,
660f0db7241f,scripts/silph co/2f/employee.rbc,11,@talk,utf-8,What do you want from us?\nW-we're just trying to do our job!,,à_traduire,
66c03522985e,scripts/silph co/2f/grunt.rbc,11,@talk,utf-8,"These guards here?\nA bunch of sissies!\pThey're such a laugh[.]\nSo, er[.] why don't you beat them?",,à_traduire,
1df99f27208d,scripts/silph co/2f/policeman 1 (from right).rbc,10,@challenge,utf-8,"I was called in here to deal with\na hostile invasion!\pI can't believe this is happening!\nShame on you, Rockets!",,à_traduire,
6a4b1577f7e1,scripts/silph co/2f/policeman 1 (from right).rbc,14,@postBattle,utf-8,You'll never take Silph!\nWe won't allow it!,,à_traduire,
0a02560399ae,scripts/silph co/2f/policeman 2.rbc,10,@challenge,utf-8,"Give up this silly operation while\nyou still can, Rocket!",,à_traduire,
cd7969f24ffa,scripts/silph co/2f/policeman 2.rbc,13,@postBattle,utf-8,Once police backup gets in here[.]\nYou'll be in deep trouble!,,à_traduire,
5ffc8c76df44,scripts/silph co/2f/tutor lady.rbc,4,@talk,cp1252,"Eeek!\nNo! Stop! Help!\pI'll do anything if you'll let me\nbe, okay?\pI-I'll even teach your Pokémon\nThunder Wave..!\pI'm sure you Rockets like\nparalyzing foes, don't you?",,à_traduire,
ab4e989e21d7,scripts/silph co/2f/tutor lady.rbc,7,@talk2,cp1252,Wh-which Pokémon should learn\nThunder Wave?,,à_traduire,
5a29656992bb,scripts/silph co/2f/tutor lady.rbc,10,@talk3,cp1252,Y-you said you'd leave me alone!,,à_traduire,
5ab80d3da1c1,scripts/silph co/2f/tutor lady.rbc,13,@talk4,cp1252,Eeeek!\pI'm sorry I don't have a better\nmove to teach!,,à_traduire,
e9c2156a4806,scripts/silph co/3f/SCIENTIST 6.rbc,53,@talk,cp1252,"Ah!\nYes, I'm Silph's chief engineer.\pYou guys are after the Ball,\naren't you..?\pI want to say I stuck out here to\ndefend the integrity of our\linvention[.]\pBut it was really just because I\ncouldn't sneak past these\lloitering Rockets just outside!\p[.]\pWell, you won't have me without a\nfight, anyway!",,à_traduire,
4b4e48a7eca8,scripts/silph co/3f/SCIENTIST 6.rbc,58,@defeatText,cp1252,"Silph hired me for science, not\nfor Pokémon battle, okay?",,à_traduire,
a98ecbe5d9df,scripts/silph co/3f/SCIENTIST 6.rbc,63,@talk2,cp1252,"Ah[.]\c\h08ó you're locking me up, aren't\nyou?\p(Sigh[.])\c\h08ó\nI guess it was inevitable.\p(At least I have my laptop in\nthere to pass the time[.])",,à_traduire,
1fd2b7897533,scripts/silph co/3f/SCIENTIST 6.rbc,68,@swipe,cp1252,[player] swiped the Card Key.,,à_traduire,
54bf428eeea2,scripts/silph co/3f/female grunt.rbc,25,@talk,utf-8,"Between the four of us, we've got\nthis room well and handled.\lYou can safely move right on!",,à_traduire,
931523e761b4,scripts/silph co/3f/female grunt.rbc,28,@talk2,utf-8,"Well, looks like you've been busy!\pThe guys are almost done with that\nWarp Tile thingy, I just had to\ltake a breather.\pExhausting work, you know?",,à_traduire,
c748b8b3fdd9,scripts/silph co/3f/female grunt.rbc,31,@talk3,utf-8,"You're one busy Rocket, aren't\nyou?",,à_traduire,
e02c6d09c2ac,scripts/silph co/3f/policeman.rbc,10,@challenge,utf-8,"Quit messing around, Rocket!\nSilph could never fall!",,à_traduire,
e5438fd3a1cb,scripts/silph co/3f/policeman.rbc,13,@postBattle,utf-8,I refuse to believe you can ever\nmake the President cave[.],,à_traduire,
003592435a5c,scripts/silph co/3f/ronnie (tile version).rbc,57,@preScientistTalk,cp1252,"Ronnie: Hey, [player]!\nWhat are you up to?\p[.]\pTaking hostages, are you?\pOh! That sure sounds[.]\c\h08ó\n(Exciting as hell[.])\pWell! Leave the gruntwork to us\ngrunts, eh, [player]?\pWe're just[.] wiring up this Warp\nTile here!\p(Sigh[.])\c\h08ó\nShould only take a second[.]",,à_traduire,
de5d87d4fc86,scripts/silph co/3f/ronnie (tile version).rbc,60,@pTalk,cp1252,"Ronnie: Holy Miltank!\nNow that was something else!\pYou sure showed that geek what\nTeam Rocket's about, [player]!",,à_traduire,
c2016606e6cc,scripts/silph co/3f/ronnie (tile version).rbc,64,@pTalk2,cp1252,"[.]\pI guess that's the sort of\nbadassery you get to do as a high-\lranked Admin, eh?",,à_traduire,
406643cabdf1,scripts/silph co/3f/ronnie (tile version).rbc,68,@pTalk3,cp1252,"[.]\c\h08ó\n(Sigh[.])\pIf only there was some way I could\nshow these higher-ups that I've\lgot what it takes too, you know?\pI'm a tough-knuckled criminal just\nlike you, [player][.] am I right?",,à_traduire,
f498de954843,scripts/silph co/3f/ronnie (tile version).rbc,72,@pTalk4,cp1252,"Hey, I know!\pThat card you used to lock that\ngeek up with just now[.]\pSay, since you're all done with\nyour hostage-taking business[.]\pHow about I take that card down to\nPetrel and Proton down there and\lreport to them the job's all done?\pNow there's a win-win agreement\nif I ever saw one!\p[.]\c\h08ó\nHow about it?",,à_traduire,
c370fafb036d,scripts/silph co/3f/ronnie (tile version).rbc,76,@pTalk5,cp1252,"Oh, [player]. You're the bestest\ngangster bud I ever had, you know!",,à_traduire,
ae4f3c82ca34,scripts/silph co/3f/ronnie (tile version).rbc,80,@giveKey,cp1252,[player] handed over the Card Key.,,à_traduire,
22174ae5afe3,scripts/silph co/3f/ronnie (tile version).rbc,83,@pTalk6,cp1252,"Oh yeah, we're all done with that\nWarp Tile now, by the way.\pWant to know where it leads?\nHaha!\pStraight up to the company\nPresident's office at 11F!\pWe set it up so Boss would have a\nstraight line up to the old fogey\lfor when he comes!",,à_traduire,
1cc8f7686db1,scripts/silph co/3f/ronnie (tile version).rbc,87,@pTalk7,cp1252,"How about you head up there now\nand hold the fort meanwhile?\pWith the hostages and Warp Tiles\nall ready, I guess Boss will be\lright around the corner, won't he?\pWell, chit-chats ahoy!\nCatch ya later, pal!",,à_traduire,
d833c4ec4d06,scripts/silph co/3f/ronnie.rbc,71,@preScientistTalk,cp1252,"Ronnie: Hey, [player]!\nWhat are you up to?\p[.]\pTaking hostages, are you?\pOh! That sure sounds[.]\c\h08ó\n(Exciting as hell[.])\pWell! Leave the gruntwork to us\ngrunts, eh, [player]?\pWe're just[.] wiring up this Warp\nTile here!\p(Sigh[.])\c\h08ó\nShould only take a second[.]",,à_traduire,
5180f03f177e,scripts/silph co/3f/ronnie.rbc,74,@pTalk,cp1252,"Ronnie: Holy Miltank!\nNow that was something else!\pYou sure showed that geek what\nTeam Rocket's about, [player]!",,à_traduire,
9b4771fef3ff,scripts/silph co/3f/ronnie.rbc,78,@pTalk2,cp1252,"[.]\p(I guess that's the sort of\nbadassery you get to do as a high-\lranked Admin, eh?)",,à_traduire,
1bc7e4748827,scripts/silph co/3f/ronnie.rbc,82,@pTalk3,cp1252,"[.]\c\h08ó\n(Sigh[.])\pIf only there was some way I could\nshow these higher-ups that I've\lgot what it takes too, you know?\pI'm a tough-knuckled criminal just\nlike you, [player][.] am I right?",,à_traduire,
c518d43b9d0b,scripts/silph co/3f/ronnie.rbc,86,@pTalk4,cp1252,"Hey, I know!\pThat card you used to lock that\ngeek up with just now[.]\pSay, since you're all done with\nyour hostage-taking business[.]\pHow about I take that card down to\nPetrel and Proton down there and\lreport to them the job's all done?\pNow there's a win-win agreement\nif I ever saw one!\p[.]\c\h08ó\nHow about it?",,à_traduire,
f353881f35a4,scripts/silph co/3f/ronnie.rbc,90,@pTalk5,cp1252,"Oh, [player]. You're the bestest\ngangster bud I ever had, you know!",,à_traduire,
5ace5b64c3f1,scripts/silph co/3f/ronnie.rbc,94,@giveKey,cp1252,[player] handed over the Card Key.,,à_traduire,
81a41fef4bf3,scripts/silph co/3f/ronnie.rbc,97,@pTalk6,cp1252,"Oh yeah, we're all done with that\nWarp Tile now, by the way.\pWant to know where it leads?\nHaha!\pStraight up to the company\nPresident's office at 11F!\pWe set it up so Boss would have a\nstraight line up to the old fogey\lfor when he comes!",,à_traduire,
4fbe039f1888,scripts/silph co/3f/ronnie.rbc,101,@pTalk7,cp1252,"How about you head up there now\nand hold the fort meanwhile?\pWith the hostages and Warp Tiles\nall ready, I guess Boss will be\lright around the corner, won't he?\pWell, chit-chats ahoy!\nCatch ya later, pal!",,à_traduire,
2130aff216d4,scripts/silph co/3f/ronnie.rbc,106,@oneScientistTalk,cp1252,"Ronnie: Yo, [player].\pStill busy on that Warp Tile, as\nyou can see[.]\pOh yeah, there's some nerdy-\nlooking dude in the room opposite.\pIs that one of the guys you're\nlocking up? Better have at him.",,à_traduire,
cabc3bf65279,scripts/silph co/3f/tile grunt 1.rbc,11,@talk,utf-8,"This Warp Tile here's real\nimportant, in case you were\lwondering!\pDon't you doubt that!",,à_traduire,
8d8047146f2d,scripts/silph co/3f/tile grunt 2.rbc,11,@talk,utf-8,"You handle those guards, okay?\nWe're on technical duty!",,à_traduire,
c06b648bdd4b,scripts/silph co/4f/SCIENTIST 2.rbc,52,@talk,cp1252,(Could it be that the derivative\nof the exponential function is[.])\p[.]\c\h08ó\n(No way[.]),,à_traduire,
e03131e7cca2,scripts/silph co/4f/SCIENTIST 2.rbc,57,@talk2,cp1252,"Huh?! Who are you?\nAre you from management?\pYes, I'm one of Silph's senior\nengineers, but why[.]\pThat wasn't Calculus 1 I was\nstudying, by the way!\pI[.]\c\h08ó I'll show you I'm better than\nthat, come on!",,à_traduire,
56f7014d3962,scripts/silph co/4f/SCIENTIST 2.rbc,61,@defeatText,cp1252,"It's true, I suck at math!\nPlease don't demote me!",,à_traduire,
27811c3954b9,scripts/silph co/4f/SCIENTIST 2.rbc,66,@talk3,cp1252,"Wait[.]\c\h08ó\nHuh..?\p[.]\pYou're not from management?\pYou-- Team Rocket?\c\h08ó\nAnd[.] what..?\pYou're here to[.]\c\h08ó\nTake me[.] hostage..?\pHey! Wait, no-- stop!",,à_traduire,
528a377bd343,scripts/silph co/4f/SCIENTIST 2.rbc,70,@swipe,cp1252,[player] swiped the Card Key.,,à_traduire,
bdb7f6aca3fc,scripts/silph co/4f/employee.rbc,11,@talk,utf-8,Aaaah! But my hiding place was so\nperfect..!,,à_traduire,
df5b2ffdfdd4,scripts/silph co/4f/policeman 1 (from right).rbc,10,@challenge,utf-8,"Halt!\nStop right there, Rocket!",,à_traduire,
11d581f47342,scripts/silph co/4f/policeman 1 (from right).rbc,13,@defeat,utf-8,That's illegal!,,à_traduire,
c7e511b27732,scripts/silph co/4f/policeman 1 (from right).rbc,16,@postBattle,utf-8,"I never knew there were so many of\nyou Rockets[.]\pStill, you'll never take the\nbuilding!",,à_traduire,
cfd39b7a9602,scripts/silph co/4f/policeman 2.rbc,10,@challenge,utf-8,The Silph President will never\nagree to your demands! Give up!,,à_traduire,
e804fe2c79ce,scripts/silph co/4f/policeman 2.rbc,13,@postBattle,utf-8,It doesn't seem like our security\nforce is halting your progess[.],,à_traduire,
c37d59a88dd0,scripts/silph co/5f/employee trainer 2.rbc,10,@challenge,utf-8,Silph is giving me a better career\nthan I ever could have dreamed!\pYou're not gonna take it all away!,,à_traduire,
c638d3cb18b3,scripts/silph co/5f/employee trainer 2.rbc,13,@postBattle,utf-8,We still have plenty of security\nguards to defend us!\pThere's still hope[.],,à_traduire,
daf6f6958231,scripts/silph co/5f/employee trainer draft.rbc,4,@challenge,utf-8,"I'm taking matters into my own\nhands! Come at me, Rocket!",,à_traduire,
fabeed09f330,scripts/silph co/5f/employee trainer draft.rbc,7,@after,utf-8,I think I should have just stayed\nput[.],,à_traduire,
7248e1babfdc,scripts/silph co/5f/female employee.rbc,11,@talk,utf-8,"Let me go, let me go!\pI just work in marketing, okay?\nNothing to do with Master Ball!",,à_traduire,
8e134aa99b12,scripts/silph co/5f/grunt.rbc,11,@talk,utf-8,Let these puny employees cry in\nterror all they like!\pThey make too much money to have a\nright to complain!,,à_traduire,
42095c6ede00,scripts/silph co/5f/policeman 1 (from top-right).rbc,10,@challenge,utf-8,You thugs ought to show some\nrespect for the law!,,à_traduire,
04cde6fa6069,scripts/silph co/5f/policeman 1 (from top-right).rbc,13,@defeat,utf-8,This is beneath me!,,à_traduire,
497a5f147662,scripts/silph co/5f/policeman 1 (from top-right).rbc,16,@postBattle,utf-8,W-we can't stop you[.]\n[.]Can we..?,,à_traduire,
99186158da4f,scripts/silph co/5f/policemana 2.rbc,10,@challenge,utf-8,Silph works for the good of the\npeople!\pYou cannot just swoop in and take\nwhat you want from them!,,à_traduire,
0ffb809df7e4,scripts/silph co/5f/policemana 2.rbc,13,@defeat,utf-8,It's unjust!,,à_traduire,
822cb57c0e47,scripts/silph co/5f/policemana 2.rbc,16,@postBattle,utf-8,"There's no stopping you pack of\nlunatics, is there..?",,à_traduire,
cbcfd8969c42,scripts/silph co/6f/SCIENTIST 3.rbc,56,@talk,cp1252,"Why, yes, I'm one of Silph's top\nresearchers, thanks for asking.\pWhat are you, our new intern?\pWell, I'll take it black with two\nsugars, please.\p[.]\pWait[.]\c\h08ó What are you trying at?!\nI can defend myself too, you know!",,à_traduire,
c6a0ebcfb167,scripts/silph co/6f/SCIENTIST 3.rbc,60,@defeatText,cp1252,"Look, if you want, I'll let you\ntype up my lab report too!",,à_traduire,
d4ea83f3ea5b,scripts/silph co/6f/SCIENTIST 3.rbc,65,@talk2,cp1252,"Hey[.]\c\h08ó you don't even work here, do\nyou? In fact[.]\pYou're one of those juvenile kids\nI saw on TV, aren't yo--\pNo, no!\c\h08ó\nStop it, please..!",,à_traduire,
e50d5380c4eb,scripts/silph co/6f/SCIENTIST 3.rbc,69,@swipe,cp1252,[player] swiped the Card Key.,,à_traduire,
2ec0930b5f54,scripts/silph co/6f/female employee.rbc,11,@talk,utf-8,I'm somewhat terrified of you\nguys.\pBut also a little thankful that I\ndon't have to type up our monthly\lsales report today after all.,,à_traduire,
9ce3478482cf,scripts/silph co/6f/grunt.rbc,11,@talk,utf-8,"All right, stay cool everyone!\pDon't nobody get the funny idea of\ncalling someone for help..!",,à_traduire,
c51f1f16e10f,scripts/silph co/6f/male employee.rbc,11,@talk,utf-8,Will I get overtime for this?,,à_traduire,
489e62109801,scripts/silph co/6f/policeman 1 (from top).rbc,10,@challenge,utf-8,"Team Rocket, you're my favorite\nbrand of criminals.\pWhy?\nYou're so damned easy to spot!",,à_traduire,
bf550b2dcd10,scripts/silph co/6f/policeman 1 (from top).rbc,14,@defeat,utf-8,Ruined!,,à_traduire,
3223efaeaed9,scripts/silph co/6f/policeman 1 (from top).rbc,18,@postBattle,utf-8,I've guarded Silph since I was a\nyoung man.\pBut never have I seen an attack\nthis violent!,,à_traduire,
8c88f8ad0cf5,scripts/silph co/6f/policeman 2.rbc,10,@challenge,cp1252,What will become of all of our\nPoké Balls if Silph goes under?,,à_traduire,
d1e725432836,scripts/silph co/6f/policeman 2.rbc,13,@defeat,cp1252,Stupid criminal!,,à_traduire,
bc26523378ce,scripts/silph co/6f/policeman 2.rbc,16,@postBattle,cp1252,"Think before you act, Rocket!\nThis is a silly operation[.]",,à_traduire,
b063187bb150,scripts/silph co/7f/OAK encounter v2.rbc,39,@talk,cp1252,"Prof. Oak: ..!\pYou're that young Rocket I spoke\nto in Lavender Town.\pSo it's true your gang has invaded\nthe building, then?\p[.]\pSuch a shame!\pA young and able man like you,\nwasting your energies on black-\lmail, thievery and violence[.]\pWhat's it all for?\pA mighty shame, is what it is.\c\h08ó\nGood day, Rocket.",,à_traduire,
3e5eb30c8011,scripts/silph co/7f/OAK encounter.rbc,38,@talk,cp1252,"Prof. Oak: ..!\pYou're that young Rocket I spoke\nto in Lavender Town.\pSo it's true your gang has invaded\nthe building, then?\p[.]\pSuch a shame!\pA young and able man like you,\nwasting your energies on black-\lmail, thievery and violence[.]\pWhat's it all for?\pA mighty shame, is what it is.\c\h08ó\nGood day, Rocket.",,à_traduire,
b9b4c6c5e5b8,scripts/silph co/7f/employee trainer.rbc,10,@challenge,utf-8,No!\nI came here to hide from you!,,à_traduire,
6d7e86bfe4b2,scripts/silph co/7f/employee trainer.rbc,13,@postBattle,utf-8,"There's no escaping you people, is\nthere..?",,à_traduire,
6c632c2f8c58,scripts/silph co/7f/female employee.rbc,11,@talk,utf-8,You guys would invade us and go\nthrough all this commotion[.]\pJust for the sake of some BALLS?\nSurely it can't be worth it[.],,à_traduire,
9d44230f2247,scripts/silph co/7f/grunt.rbc,11,@talk,utf-8,"All these corporate schmucks[.]\pThe moment anything happens\noutside of their plan, they freak!\pWe should've invaded them much\nsooner. Would've done them good.",,à_traduire,
03f3ceeeaa04,scripts/silph co/7f/male meployee.rbc,11,@talk,cp1252,"Beat me up and steal my Pokémon\nall you like!\pJust[.] please, don't demote me!\pI worked so hard for this\nposition[.]",,à_traduire,
2336db74027f,scripts/silph co/7f/policeman 1 (from top-right).rbc,10,@challenge,utf-8,Look at all the fear and chaos\nyou're spreading!,,à_traduire,
e218bc615cdb,scripts/silph co/7f/policeman 1 (from top-right).rbc,14,@defeat,utf-8,It's too much!,,à_traduire,
179791dfe581,scripts/silph co/7f/policeman 1 (from top-right).rbc,18,@postBattle,utf-8,My job is to secure the interests\nof Silph!,,à_traduire,
8bc23c555dd4,scripts/silph co/7f/policeman 2 (right).rbc,10,@challenge,utf-8,Team Rocket will never win!,,à_traduire,
fb7d410d206d,scripts/silph co/7f/policeman 2 (right).rbc,13,@postBattle,utf-8,"Someone is bound to come and\nrescue Silph, I just know it[.]",,à_traduire,
7219882a0c38,scripts/silph co/7f/policeman 3 (middle).rbc,10,@challenge,utf-8,Don't your rotten ways just eat\nyou up inside?,,à_traduire,
49ee65d0000e,scripts/silph co/7f/policeman 3 (middle).rbc,13,@postBattle,utf-8,"It won't last, Rocket!\nSomeone will come and save us!",,à_traduire,
53ff3c2007cd,scripts/silph co/8f/SCIENTIST 4.rbc,49,@talk,cp1252,"Oh, lord[.]\nWhat's all this commotion?\pI just want to work on my\ninventions in peace[.]\pWhat's the point of a brilliant\nmind if I can't ever get the space\land time to use it?!\pDamn it! I don't need you hoodlums\ndisturbing me!",,à_traduire,
6cf67c63ebee,scripts/silph co/8f/SCIENTIST 4.rbc,54,@defeatText,cp1252,Argh!\nNever any peace and quiet[.],,à_traduire,
021ed79392ae,scripts/silph co/8f/SCIENTIST 4.rbc,59,@talk2,cp1252,"Wait[.]\c\h08ó\nYou're going to[.]\pLock me up?\c\h08ó All alone..?\nAway from everybody else[.]\p[.]\pWhy, that's[.]\c\h08ó\nExactly what I always wanted..!",,à_traduire,
5cd5cb1ee570,scripts/silph co/8f/SCIENTIST 4.rbc,63,@swipe,cp1252,[player] swiped the Card Key.,,à_traduire,
9a487baf6c64,scripts/silph co/8f/grunt.rbc,11,@talk,utf-8,"These guys have got beds in the\noffice! Talk about dedication[.]\pWhy would anyone work that hard at\na job, when you can just steal\lwhat you like and be a gangster?\pSome things I guess I'll never\nunderstand.",,à_traduire,
d03dbfee3809,scripts/silph co/8f/male employee.rbc,11,@talk,utf-8,"I guess Silph is done for, huh?\pAnd I had such a nice retirement\nplan, too[.]",,à_traduire,
a631966dbb5a,scripts/silph co/8f/policeman 2.rbc,10,@challenge,utf-8,Who does your boss think he is?,,à_traduire,
575a06bb2556,scripts/silph co/8f/policeman 2.rbc,13,@defeat,utf-8,I'm stunned!,,à_traduire,
864863c105c7,scripts/silph co/8f/policeman 2.rbc,16,@postBattle,utf-8,"As long as it profits you, you\ndon't care what happens to this\lplace, do you?",,à_traduire,
83e2da160c1c,scripts/silph co/9f/employee trainer.rbc,10,@challenge,utf-8,There's still time!\pYou haven't destroyed our company\njust yet!,,à_traduire,
15f56ae6948a,scripts/silph co/9f/employee trainer.rbc,13,@postBattle,utf-8,We will keep on fighting[.]\nUntil the end[.],,à_traduire,
6d5ccab93a48,scripts/silph co/9f/female grunt (by bed).rbc,4,@talk1,utf-8,"Beds in the office!\nThese guys are mad[.]\pWell, I guess they're all ours\nnow. Want to use them?",,à_traduire,
a25f64c2ef75,scripts/silph co/9f/female grunt (by bed).rbc,7,@talk2,utf-8,Promis I won't tell Boss you're\nnapping on the mission.\pNow go on!,,à_traduire,
fcf45c3720f4,scripts/silph co/9f/policeman 1 (from right).rbc,10,@challenge,utf-8,The terrorists never win!,,à_traduire,
4cc44d0593bf,scripts/silph co/9f/policeman 1 (from right).rbc,13,@defeat,utf-8,It can't be!,,à_traduire,
c94f00b874c3,scripts/silph co/9f/policeman 1 (from right).rbc,16,@postBattle,utf-8,What's wrong with the world..?\nYou criminals can't be successful!,,à_traduire,
9986ade35e9d,scripts/silph co/9f/policeman 2.rbc,10,@challenge,utf-8,"What would your mother say about\nyou now, scoundrel?",,à_traduire,
fbf8164efa38,scripts/silph co/9f/policeman 2.rbc,13,@postBattle,utf-8,For shame!\nYou're a disgrace to the world[.],,à_traduire,
42ab369348b2,scripts/silph scope.rbc,70,@successText,cp1252,[player] put on the\nSilph Scope.,,à_traduire,
5fa85ce7e15d,scripts/silph scope.rbc,73,@successText2,cp1252,It unveiled the ghosts' identities!,,à_traduire,
aba6d8306598,scripts/silph scope.rbc,76,@notNowText,cp1252,[player] tried on the\nSilph Scope.\c\h08ó.\c\h08ó.\c\h08ó\p[.]this would look great for a\ncyberpunk cosplay!,,à_traduire,
75a4f70337e2,scripts/ss anne/balcony floor/admirer 1.rbc,10,@talk,utf-8,"Oh, how do I look, how do I look?\nCan I let Lance see me like this?",,à_traduire,
49cde72de6a5,scripts/ss anne/balcony floor/admirer 2.rbc,10,@talk,utf-8,"I've waited to see these figures\nfor years!\pOh, what I wouldn't give for a\nhandshake[.]",,à_traduire,
2661b3a892fb,scripts/ss anne/balcony floor/admirer 3.rbc,10,@talk,utf-8,"Oh, who's the gray-haired one?\nHe's cute! Oh, and so powerful!",,à_traduire,
fafe0a0fdd45,scripts/ss anne/balcony floor/admirer 4.rbc,10,@talk,utf-8,I have paid too much money for my\nticket to miss out on this..!,,à_traduire,
3f347c211d19,scripts/ss anne/balcony floor/admirer 5.rbc,10,@talk,utf-8,"Oh, will I get to see them before\nit's over..?",,à_traduire,
c5c7f90c7d90,scripts/ss anne/balcony floor/admirer 6.rbc,10,@talk,utf-8,What's going on? Who's here?\nIs it a movie star?,,à_traduire,
b9b5ad80b15d,scripts/ss anne/balcony floor/admirer 7.rbc,10,@talk,utf-8,"I want to see, I want to see!",,à_traduire,
167a2b2d6099,scripts/ss anne/balcony floor/admirer 8.rbc,10,@talk,utf-8,Darn! I knew I should have shelled\nout extra for a VIP ticket[.],,à_traduire,
2be93e366334,scripts/ss anne/balcony floor/chef 1.rbc,11,@talk,utf-8,You must not bother ze Hoenn\nChampion!,,à_traduire,
fe9f23da7ce1,scripts/ss anne/balcony floor/chef 2.rbc,11,@talk,utf-8,Zis Lance has such a[.]\nViolent appetite!,,à_traduire,
cc746a41420f,scripts/ss anne/balcony floor/lance & steven.rbc,155,@stoneTalk1,cp1252,"Steven: It is a pleasure to\nfinally get to meet you in person,\lLance.\pI have heard much about the state\nof Kanto affairs under your reign\lfrom my advisors, but I've always\lwanted the opportunity to discuss\lit with you personally.\pAre you optimistic about your\nregion's future?",,à_traduire,
ddd82a657f19,scripts/ss anne/balcony floor/lance & steven.rbc,158,@adminTalk1,cp1252,"Lance: Oh, let me tell you, Mr.\nStone-- they're calling it the\lgolden age of Kanto, but we're\lonly just beginning!\pNot only have living standards\nincreased dramatically in the\lpostwar decade, but our economy is\lin an unparalleled boom!",,à_traduire,
24a840c3f9b5,scripts/ss anne/balcony floor/lance & steven.rbc,161,@adminTalk2,cp1252,"To think that Silph Co., once a\nKanto family business, now has a\lnear nationwide monopoly on the\lproduction of Poké Balls!\pFuschia's Safari Zone is also\nattracting an ever-increasing mass\lof tourists.\pAnd that isn't even to mention\nwhat the region's brightest\lentrepeneurs have in store for\lSaffron and Lavender in the coming\lyears!\pYes, Kanto has turned out quite\nthe prosperous region, rest\lassured.",,à_traduire,
b77cdfc8d2a4,scripts/ss anne/balcony floor/lance & steven.rbc,164,@stoneTalk2,cp1252,"Steven: Well[.] it sounds like\nprivate enterprise is doing well\lat the very least.\pBut what of the people, Lance?\nDo they approve of you?\pI don't mean to draw unwarranted\ncomparisons to the past, but I'm\lled to understand that your\lpredecessor was quite universally\lrevered, even though times were\ltougher then.\pHow do you compare with him in the\neyes of your citizens?",,à_traduire,
2d72f63975bc,scripts/ss anne/balcony floor/lance & steven.rbc,168,@adminTalk3,cp1252,"Lance: Ha!\c\h08ó Yes, my predecessor was\nloved by all[.]\pUp until the moment he surrendered\nfrom the war, that is!\pAnybody with any sense stopped\nadoring a Champion who would give\lup his region's independence and\lhonor just to save his own skin\lpretty quick, I'll tell you!",,à_traduire,
7006010c2d92,scripts/ss anne/balcony floor/lance & steven.rbc,172,@adminTalk4,cp1252,"Look, I know that having conquered\nKanto in war as a Johto general\lnecessarily means that some of my\lcitizens won't take too kindly to\lme right away.\pBut I daresay my entry in the\nhistory books will be more\lfavorable than that old coward's!",,à_traduire,
723b865722ab,scripts/ss anne/balcony floor/lance & steven.rbc,182,@iSee,cp1252,Steven: I see[.],,à_traduire,
7a8330e2835c,scripts/ss anne/balcony floor/lance & steven.rbc,185,@stoneTalk3,cp1252,"I hope you'll excuse my lacking\nboth in political experience\land memory, but[.]\pWhat was the name of this\npredecessor of yours again?",,à_traduire,
ba96f7374cc6,scripts/ss anne/balcony floor/lance & steven.rbc,199,@ellipsis,cp1252,Lance: [.]\c\h08ó,,à_traduire,
e84a7fd695a3,scripts/ss anne/balcony floor/lance & steven.rbc,203,@adminTalk5,cp1252,His name[.]\c\h08ó\c\h08ó\was Samuel Oak.\c\h08ó\pI'm certainly not apt to forget\nthat anytime soon.,,à_traduire,
5f66fa0b92d7,scripts/ss anne/balcony floor/lance & steven.rbc,207,@stoneTalk4,cp1252,"Steven: Oh, that's right.\c\h08ó\nAnd this Oak[.]\pHe has now given up battling\naltogether and resigned himself\lcompletely to his Pokémon\lresearch?\pI understand his Pokédex system\nhas become quite renowned in\lacademic circles-- even in Hoenn.\pIt's quite impressive.",,à_traduire,
cf7fca18acbe,scripts/ss anne/balcony floor/lance & steven.rbc,211,@adminTalk6,cp1252,"Lance: Heh.\pOh, Mr. Stone-- Oak didn't give up\nbattling of his own accord.\pI saw to it that he was banned\nfrom ever taking part in a Pokémon\lbattle again the moment he called\lfor surrender!\pI suppose his research endeavors\nwere all he had left to attend to\lin his postwar life.",,à_traduire,
8b24319878ca,scripts/ss anne/balcony floor/lance & steven.rbc,214,@stoneTalk5,cp1252,"Steven: Is that really so?\pI must say, your region's\npolitical history intrigues me,\lLance.\pIf you don't mind my asking[.]\pWhy in the world do you think such\na powerful and respected Trainer\las this Samuel Oak would surrender\lwithout a fight?\pIt seems so odd. So unlike a\nChampion, wouldn't you say?",,à_traduire,
c40fe62e2baf,scripts/ss anne/balcony floor/lance & steven.rbc,227,@adminTalk7,cp1252,"Lance: I see no mystery in that\nwhatsoever.\pWe were winning the war, and the\nold man got scared for his life,\lsimple as that.\pSome high-level Kanto scientists\nwere allegedly trying to make\lgenetically engineered warfare\lPokémon around then as a last\lresort, but nothing came of it.\pAnd once we got the Legendary Dogs\nunder our control, victory was more\lor less guaranteed either way.",,à_traduire,
b541910faa89,scripts/ss anne/balcony floor/lance & steven.rbc,231,@adminTalk8,cp1252,"Some Kanto patriots may like to\ntell the story different, but\lthat's the truth of it, Mr. Stone.",,à_traduire,
bd81a6601aca,scripts/ss anne/balcony floor/lance & steven.rbc,245,@stoneTalk6,cp1252,"Steven: Hm[.]\pWell, it was an interesting turn\nof events in any case, I have to\lsay.",,à_traduire,
5f60042956df,scripts/ss anne/balcony floor/lance & steven.rbc,256,@adminTalk9,cp1252,"Lance: Well, I'm glad I could keep\nyou entertained.",,à_traduire,
6cf152898d5f,scripts/ss anne/balcony floor/lance & steven.rbc,270,@adminTalk10,cp1252,"Now, if you'll excuse me[.]\pI'm afraid I'll have to leave you\nto attend to some Indigo League\lbusiness.\pI hope you'll keep enjoying the\nKanto air for as long as it lasts,\lMr. Stone.\pVermilion is a beautiful city.",,à_traduire,
2a931a06ca4e,scripts/ss anne/balcony floor/rich dude 1.rbc,11,@talk,utf-8,"Mmmyes[.] it is quite an exquisite\nevening, wouldn't you say?",,à_traduire,
3910a6c98157,scripts/ss anne/balcony floor/rich dude 2.rbc,11,@talk,utf-8,I do believe the Magikarp was a\nlittle too salty[.]\pMy own chef would never stand for\nthis.,,à_traduire,
b52605a251e8,scripts/ss anne/balcony floor/rich dude 3.rbc,11,@talk,utf-8,"This party is moderately\nentertaining, but[.]\pThe parties on my own yacht are\ninfinitely grander.",,à_traduire,
bf2d7152de62,scripts/ss anne/balcony floor/sailor bouncer.rbc,18,@talk,utf-8,"Now, now[.]\nSettle down, people!\pOur VIP guests have just finished\ntheir meal and are engaging in\lsome private conversation.\pTheir time is very precious!\pThey are not to be disturbed\nwithout reason.",,à_traduire,
bae51c97bcd1,scripts/ss anne/balcony floor/sailor bouncer.rbc,21,@talk2,utf-8,"Phew!\pThe crowd eventually realized that\nthe important people had left, and\ldecided to do the same.",,à_traduire,
c59551d43a2a,scripts/ss anne/balcony floor/steven.rbc,12,@talk,utf-8,"Steven: Hm..?\nNo, I'm quite full now, thank you.",,à_traduire,
e064fda8fdf9,scripts/ss anne/bottom floor/lance foreshadower.rbc,4,@talk,utf-8,"I saw some poweful-looking guy\nflying in here on a Dragonite.\pI think he's famous, but I'm not\nfrom around here so I don't know.",,à_traduire,
7e401d0fd6ea,scripts/ss anne/bottom floor/sailor (far left door).rbc,9,@defeat,utf-8,Argh!\nBeaten by a rotten criminal!,,à_traduire,
50931566c826,scripts/ss anne/bottom floor/sailor (third door).rbc,10,@challenge,cp1252,Mmmmmh!\nI like feisty guys like you!,,à_traduire,
faa16a652e25,scripts/ss anne/bottom floor/sailor (third door).rbc,13,@defeat,cp1252,No homo!,,à_traduire,
40598d11adde,scripts/ss anne/bottom floor/sailor (third door).rbc,17,@after,cp1252,Sea Pokémon live in deep water.\nYou'll need a Rod to fish them up!\p[.] wha-- no[.] not like that. You\nknow what kind of Rod I mean..!,,à_traduire,
39145a6c51bf,scripts/ss anne/captain cabin blocker.rbc,11,@talk,utf-8,"Voir!\nIt is I, Garcon!\pZe greatest chef in all of\nKanto-Johto!\pOui. 'Tis true. Did you come for\nmy le autograph?\pNo?\nOh, ze captain.\pHe is not to be disturbed, for he\nis busy consuming my very own\lsmoked Magikarp extraordinaire!\pIt must be enjoyed in quiet\nseclusion.\pAdieu; come again later.",,à_traduire,
42e0590c7f5e,scripts/ss anne/captain's cabin/captain's cabin v2 (bottom right).rbc,172,@description,cp1252,Pokémon cries appear to be coming\nfrom inside the crates!\c\h08ó\c\h08ó,,à_traduire,
755ea76b6046,scripts/ss anne/captain's cabin/captain's cabin v2 (bottom right).rbc,183,@capnTalk,cp1252,"Hey, you! Trespassing on my cabin\nduring my private time, are we?",,à_traduire,
a0ff9505cb0e,scripts/ss anne/captain's cabin/captain's cabin v2 (bottom right).rbc,196,@capnTalk2,cp1252,"And who might you be?\p[.]\pWell, judging by that outfit of\nyours, I'd say you're trouble!",,à_traduire,
c5d37034a0c5,scripts/ss anne/captain's cabin/captain's cabin v2 (bottom right).rbc,201,@capnTalk3,cp1252,"Oh, I see how it is!\pYou came here to pick up those\ncrates, didn't you?\pSee, my crew found those things\nlying around on deck earlier, and\lI sure as heck don't remember\lloading them aboard in Lilycove\lCity!\pIf this is part of some smuggling\nbusiness, then I'll have none of\lit!",,à_traduire,
8bf607b2fee9,scripts/ss anne/captain's cabin/captain's cabin v2 (bottom right).rbc,205,@challenge,cp1252,Let me show you how we deal with\npetty smugglers where I come\lfrom!\pI'll Cut you right up!,,à_traduire,
70e71fb024eb,scripts/ss anne/captain's cabin/captain's cabin v2 (bottom right).rbc,209,@defeat,cp1252,Gosh darn landlubber!\nI'll have you arrested!,,à_traduire,
62ea000d3cec,scripts/ss anne/captain's cabin/captain's cabin v2 (bottom right).rbc,214,@stealTalk,cp1252,"What in the..?\nM-my [buffer1]!\pYou filthy thief!\nYou'll suffer for this!\pI'll have you know we have some\npowerful authority figures aboard\lthis ship!\pI'll have you tried in national\ncourt if I have to, you smuggling,\lthieving little--",,à_traduire,
80c4418f74b0,scripts/ss anne/captain's cabin/captain's cabin v2 (bottom right).rbc,218,@innocentTalk,cp1252,"My, you're a strong little\nsmuggler too, ain't ya?\pWell, it doesn't matter, because I\nhappen to have one of the\lstrongest Trainers in the nation\laboard this ship, and he'll put\lyou right in your place, you\llittle--",,à_traduire,
732cdac576e4,scripts/ss anne/captain's cabin/captain's cabin v2 (bottom right).rbc,234,@adminTalk,cp1252,"Koffing!\c\h08ó\nPoison Gas, now!",,à_traduire,
987d999e9f0a,scripts/ss anne/captain's cabin/captain's cabin v2 (bottom right).rbc,267,@capnTalk4,cp1252,"Ugh!\c\h08ó\\nOh, God[.]\pI've never been this sick in all\nmy fifty years at sea!\pDarn it all, you filthy,\ncheating--\c\h08ó\\pBlurgh[.]\c\h08ó\\nOh, my stomach is turning..!",,à_traduire,
9a6a290bd6c6,scripts/ss anne/captain's cabin/captain's cabin v2 (bottom right).rbc,282,@adminTalk2,cp1252,"Proton: Good riddance.\nNicely done, Koffing.",,à_traduire,
461fdd02d86f,scripts/ss anne/captain's cabin/captain's cabin v2 (bottom right).rbc,285,@adminTalk3,cp1252,"I see you finally found the\ncrates, grunt. Good.\pIt'll probably take a couple of\ntrips to get them all off the\lship, but we'll manage.",,à_traduire,
ef177b39e038,scripts/ss anne/captain's cabin/captain's cabin v2 (bottom right).rbc,296,@adminTalk4,cp1252,I don't think this old guy is\ngoing to pose much of a problem\lanytime soon anyway.,,à_traduire,
1dcad3ee9125,scripts/ss anne/captain's cabin/captain's cabin v2 (bottom right).rbc,299,@adminTalk5,cp1252,Let's get to it.,,à_traduire,
aecc4ea7f7e7,scripts/ss anne/captain's cabin/captain's cabin v2 (bottom right).rbc,302,@nothing,cp1252,There's nothing here[.],,à_traduire,
d4e738360b98,scripts/ss anne/captain's cabin/captain's cabin v3 (middle top).rbc,179,@description,cp1252,Pokémon cries appear to be coming\nfrom inside the crates!\c\h08ó\c\h08ó,,à_traduire,
16390e35964a,scripts/ss anne/captain's cabin/captain's cabin v3 (middle top).rbc,190,@capnTalk,cp1252,"Hey, you! Trespassing on my cabin\nduring my private time, are we?",,à_traduire,
595711ac9b58,scripts/ss anne/captain's cabin/captain's cabin v3 (middle top).rbc,200,@capnTalk2,cp1252,"And who might you be?\p[.]\pWell, judging by that outfit of\nyours, I'd say you're trouble!",,à_traduire,
8e1491ea4b68,scripts/ss anne/captain's cabin/captain's cabin v3 (middle top).rbc,205,@capnTalk3,cp1252,"Oh, I see how it is!\pYou came here to pick up those\ncrates, didn't you?\pSee, my crew found those things\nlying around on deck earlier, and\lI sure as heck don't remember\lloading them aboard in Lilycove\lCity!\pIf this is part of some smuggling\nbusiness, then I'll have none of\lit!",,à_traduire,
aca9188e3725,scripts/ss anne/captain's cabin/captain's cabin v3 (middle top).rbc,209,@challenge,cp1252,Let me show you how we deal with\npetty smugglers where I come\lfrom!\pI'll Cut you right up!,,à_traduire,
3fa0c35eb053,scripts/ss anne/captain's cabin/captain's cabin v3 (middle top).rbc,213,@defeat,cp1252,Gosh darn landlubber!\nI'll have you arrested!,,à_traduire,
9f780a1902d8,scripts/ss anne/captain's cabin/captain's cabin v3 (middle top).rbc,218,@stealTalk,cp1252,"What in the..?\nM-my [buffer1]!\pYou filthy thief!\nYou'll suffer for this!\pI'll have you know we have some\npowerful authority figures aboard\lthis ship!\pI'll have you tried in national\ncourt if I have to, you smuggling,\lthieving little--",,à_traduire,
dfc5c1463f36,scripts/ss anne/captain's cabin/captain's cabin v3 (middle top).rbc,222,@innocentTalk,cp1252,"My, you're a strong little\nsmuggler too, ain't ya?\pWell, it doesn't matter, because I\nhappen to have one of the\lstrongest Trainers in the nation\laboard this ship, and he'll put\lyou right in your place, you\llittle--",,à_traduire,
87ccd1fe61b6,scripts/ss anne/captain's cabin/captain's cabin v3 (middle top).rbc,236,@adminTalk,cp1252,"Koffing!\c\h08ó\nPoison Gas, now!",,à_traduire,
1df86fb41d8a,scripts/ss anne/captain's cabin/captain's cabin v3 (middle top).rbc,267,@capnTalk4,cp1252,"Ugh!\c\h08ó\\nOh, God[.]\pI've never been this sick in all\nmy fifty years at sea!\pDarn it all, you filthy,\ncheating--\c\h08ó\\pBlurgh[.]\c\h08ó\\nOh, my stomach is turning..!",,à_traduire,
7b0ccdb2c92c,scripts/ss anne/captain's cabin/captain's cabin v3 (middle top).rbc,281,@adminTalk2,cp1252,"Proton: Good riddance.\nNicely done, Koffing.",,à_traduire,
5952fabfa88d,scripts/ss anne/captain's cabin/captain's cabin v3 (middle top).rbc,284,@adminTalk3,cp1252,"I see you finally found the\ncrates, grunt. Good.\pIt'll probably take a couple of\ntrips to get them all off the\lship, but we'll manage.",,à_traduire,
f3483b6e8ae2,scripts/ss anne/captain's cabin/captain's cabin v3 (middle top).rbc,300,@adminTalk4,cp1252,I don't think this old guy is\ngoing to pose much of a problem\lanytime soon anyway.,,à_traduire,
4f596bb88f70,scripts/ss anne/captain's cabin/captain's cabin v3 (middle top).rbc,303,@adminTalk5,cp1252,Let's get to it.,,à_traduire,
f14972756ca7,scripts/ss anne/captain's cabin/captain's cabin v3 (middle top).rbc,306,@nothing,cp1252,There's nothing here[.],,à_traduire,
38019c6d790c,scripts/ss anne/captain's cabin/captain's cabin v4 (top left).rbc,185,@description,cp1252,Pokémon cries appear to be coming\nfrom inside the crates!\c\h08ó\c\h08ó,,à_traduire,
f77daaf1ec89,scripts/ss anne/captain's cabin/captain's cabin v4 (top left).rbc,196,@capnTalk,cp1252,"Hey, you! Trespassing on my cabin\nduring my private time, are we?",,à_traduire,
cf738bcd8564,scripts/ss anne/captain's cabin/captain's cabin v4 (top left).rbc,205,@capnTalk2,cp1252,"And who might you be?\p[.]\pWell, judging by that outfit of\nyours, I'd say you're trouble!",,à_traduire,
bfa953950698,scripts/ss anne/captain's cabin/captain's cabin v4 (top left).rbc,210,@capnTalk3,cp1252,"Oh, I see how it is!\pYou came here to pick up those\ncrates, didn't you?\pSee, my crew found those things\nlying around on deck earlier, and\lI sure as heck don't remember\lloading them aboard in Lilycove\lCity!\pIf this is part of some smuggling\nbusiness, then I'll have none of\lit!",,à_traduire,
0a3620f86106,scripts/ss anne/captain's cabin/captain's cabin v4 (top left).rbc,214,@challenge,cp1252,Let me show you how we deal with\npetty smugglers where I come\lfrom!\pI'll Cut you right up!,,à_traduire,
4063a6a4d466,scripts/ss anne/captain's cabin/captain's cabin v4 (top left).rbc,218,@defeat,cp1252,Gosh darn landlubber!\nI'll have you arrested!,,à_traduire,
65b6804b2d44,scripts/ss anne/captain's cabin/captain's cabin v4 (top left).rbc,223,@stealTalk,cp1252,"What in the..?\nM-my [buffer1]!\pYou filthy thief!\nYou'll suffer for this!\pI'll have you know we have some\npowerful authority figures aboard\lthis ship!\pI'll have you tried in national\ncourt if I have to, you smuggling,\lthieving little--",,à_traduire,
2be39c3cea1e,scripts/ss anne/captain's cabin/captain's cabin v4 (top left).rbc,227,@innocentTalk,cp1252,"My, you're a strong little\nsmuggler too, ain't ya?\pWell, it doesn't matter, because I\nhappen to have one of the\lstrongest Trainers in the nation\laboard this ship, and he'll put\lyou right in your place, you\llittle--",,à_traduire,
7cfbe92d2ee0,scripts/ss anne/captain's cabin/captain's cabin v4 (top left).rbc,241,@adminTalk,cp1252,"Koffing!\c\h08ó\nPoison Gas, now!",,à_traduire,
f3949df9f63f,scripts/ss anne/captain's cabin/captain's cabin v4 (top left).rbc,273,@capnTalk4,cp1252,"Ugh!\c\h08ó\\nOh, God[.]\pI've never been this sick in all\nmy fifty years at sea!\pDarn it all, you filthy,\ncheating--\c\h08ó\\pBlurgh[.]\c\h08ó\\nOh, my stomach is turning..!",,à_traduire,
3d03a087c53f,scripts/ss anne/captain's cabin/captain's cabin v4 (top left).rbc,286,@adminTalk2,cp1252,"Proton: Good riddance.\nNicely done, Koffing.",,à_traduire,
e2d4ab8427e9,scripts/ss anne/captain's cabin/captain's cabin v4 (top left).rbc,289,@adminTalk3,cp1252,"I see you finally found the\ncrates, grunt. Good.\pIt'll probably take a couple of\ntrips to get them all off the\lship, but we'll manage.",,à_traduire,
2fbf2c59a395,scripts/ss anne/captain's cabin/captain's cabin v4 (top left).rbc,304,@adminTalk4,cp1252,I don't think this old guy is\ngoing to pose much of a problem\lanytime soon anyway.,,à_traduire,
51da9f5a6371,scripts/ss anne/captain's cabin/captain's cabin v4 (top left).rbc,307,@adminTalk5,cp1252,Let's get to it.,,à_traduire,
b6542bb91b79,scripts/ss anne/captain's cabin/captain's cabin v4 (top left).rbc,310,@nothing,cp1252,There's nothing here[.],,à_traduire,
c41017e7914c,scripts/ss anne/captain's cabin/captain's cabin v5 (far far left).rbc,165,@description,cp1252,Pokémon cries appear to be coming\nfrom inside the crates!\c\h08ó\c\h08ó,,à_traduire,
227d56539774,scripts/ss anne/captain's cabin/captain's cabin v5 (far far left).rbc,176,@capnTalk,cp1252,"Hey, you! Trespassing on my cabin\nduring my private time, are we?",,à_traduire,
273cd9cc8b2e,scripts/ss anne/captain's cabin/captain's cabin v5 (far far left).rbc,186,@capnTalk2,cp1252,"And who might you be?\p[.]\pWell, judging by that outfit of\nyours, I'd say you're trouble!",,à_traduire,
9c05b617a598,scripts/ss anne/captain's cabin/captain's cabin v5 (far far left).rbc,191,@capnTalk3,cp1252,"Oh, I see how it is!\pYou came here to pick up those\ncrates, didn't you?\pSee, my crew found those things\nlying around on deck earlier, and\lI sure as heck don't remember\lloading them aboard in Lilycove\lCity!\pIf this is part of some smuggling\nbusiness, then I'll have none of\lit!",,à_traduire,
7a40313eb2cc,scripts/ss anne/captain's cabin/captain's cabin v5 (far far left).rbc,195,@challenge,cp1252,Let me show you how we deal with\npetty smugglers where I come\lfrom!\pI'll Cut you right up!,,à_traduire,
6c68d8d11e0b,scripts/ss anne/captain's cabin/captain's cabin v5 (far far left).rbc,199,@defeat,cp1252,Gosh darn landlubber!\nI'll have you arrested!,,à_traduire,
a002b320f9f8,scripts/ss anne/captain's cabin/captain's cabin v5 (far far left).rbc,204,@stealTalk,cp1252,"What in the..?\nM-my [buffer1]!\pYou filthy thief!\nYou'll suffer for this!\pI'll have you know we have some\npowerful authority figures aboard\lthis ship!\pI'll have you tried in national\ncourt if I have to, you smuggling,\lthieving little--",,à_traduire,
201b786c2855,scripts/ss anne/captain's cabin/captain's cabin v5 (far far left).rbc,208,@innocentTalk,cp1252,"My, you're a strong little\nsmuggler too, ain't ya?\pWell, it doesn't matter, because I\nhappen to have one of the\lstrongest Trainers in the nation\laboard this ship, and he'll put\lyou right in your place, you\llittle--",,à_traduire,
343de1e7f8c3,scripts/ss anne/captain's cabin/captain's cabin v5 (far far left).rbc,236,@adminTalk,cp1252,"Koffing!\c\h08ó\nPoison Gas, now!",,à_traduire,
f5a71d2238d0,scripts/ss anne/captain's cabin/captain's cabin v5 (far far left).rbc,269,@capnTalk4,cp1252,"Ugh!\c\h08ó\\nOh, God[.]\pI've never been this sick in all\nmy fifty years at sea!\pDarn it all, you filthy,\ncheating--\c\h08ó\\pBlurgh[.]\c\h08ó\\nOh, my stomach is turning..!",,à_traduire,
ccee4cf17da4,scripts/ss anne/captain's cabin/captain's cabin v5 (far far left).rbc,287,@adminTalk2,cp1252,"Proton: Good riddance.\nNicely done, Koffing.",,à_traduire,
24032b0ea4f7,scripts/ss anne/captain's cabin/captain's cabin v5 (far far left).rbc,290,@adminTalk3,cp1252,"I see you finally found the\ncrates, grunt. Good.\pIt'll probably take a couple of\ntrips to get them all off the\lship, but we'll manage.",,à_traduire,
99f616ffa498,scripts/ss anne/captain's cabin/captain's cabin v5 (far far left).rbc,307,@adminTalk4,cp1252,I don't think this old guy is\ngoing to pose much of a problem\lanytime soon anyway.,,à_traduire,
4ceb7befe720,scripts/ss anne/captain's cabin/captain's cabin v5 (far far left).rbc,310,@adminTalk5,cp1252,Let's get to it.,,à_traduire,
f9cf1820cbaf,scripts/ss anne/captain's cabin/captain's cabin v5 (far far left).rbc,313,@nothing,cp1252,There's nothing here[.],,à_traduire,
75d84face96b,scripts/ss anne/captain's cabin/captain's cabin.rbc,164,@description,cp1252,Pokémon cries appear to be coming\nfrom inside the crates!\c\h08ó\c\h08ó,,à_traduire,
af9d7c999af6,scripts/ss anne/captain's cabin/captain's cabin.rbc,175,@capnTalk,cp1252,"Hey, you! Trespassing on my cabin\nduring my private time, are we?",,à_traduire,
e05bb599e6a2,scripts/ss anne/captain's cabin/captain's cabin.rbc,186,@capnTalk2,cp1252,"And who might you be?\p[.]\pWell, judging by that outfit of\nyours, I'd say you're trouble!",,à_traduire,
89489f2a7725,scripts/ss anne/captain's cabin/captain's cabin.rbc,191,@capnTalk3,cp1252,"Oh, I see how it is!\pYou came here to pick up those\ncrates, didn't you?\pSee, my crew found those things\nlying around on deck earlier, and\lI sure as heck don't remember\lloading them aboard in Lilycove\lCity!\pIf this is part of some smuggling\nbusiness, then I'll have none of\lit!",,à_traduire,
cf1f538250e7,scripts/ss anne/captain's cabin/captain's cabin.rbc,195,@challenge,cp1252,Let me show you how we deal with\npetty smugglers where I come\lfrom!\pI'll Cut you right up!,,à_traduire,
a281393b4962,scripts/ss anne/captain's cabin/captain's cabin.rbc,199,@defeat,cp1252,Gosh darn landlubber!\nI'll have you arrested!,,à_traduire,
d17363e79010,scripts/ss anne/captain's cabin/captain's cabin.rbc,204,@stealTalk,cp1252,"What in the..?\nM-my [buffer1]!\pYou filthy thief!\nYou'll suffer for this!\pI'll have you know we have some\npowerful authority figures aboard\lthis ship!\pI'll have you tried in national\ncourt if I have to, you smuggling,\lthieving little--",,à_traduire,
b5ceea15054f,scripts/ss anne/captain's cabin/captain's cabin.rbc,208,@innocentTalk,cp1252,"My, you're a strong little\nsmuggler too, ain't ya?\pWell, it doesn't matter, because I\nhappen to have one of the\lstrongest Trainers in the nation\laboard this ship, and he'll put\lyou right in your place, you\llittle--",,à_traduire,
722f3d00a495,scripts/ss anne/captain's cabin/captain's cabin.rbc,222,@adminTalk,cp1252,"Koffing!\c\h08ó\nPoison Gas, now!",,à_traduire,
6d8e588096cb,scripts/ss anne/captain's cabin/captain's cabin.rbc,256,@capnTalk4,cp1252,"Ugh!\c\h08ó\\nOh, God[.]\pI've never been this sick in all\nmy fifty years at sea!\pDarn it all, you filthy,\ncheating--\c\h08ó\\pBlurgh[.]\c\h08ó\\nOh, my stomach is turning..!",,à_traduire,
ae2fabd27020,scripts/ss anne/captain's cabin/captain's cabin.rbc,269,@adminTalk2,cp1252,"Proton: Good riddance.\nNicely done, Koffing.",,à_traduire,
ab83123b8e3b,scripts/ss anne/captain's cabin/captain's cabin.rbc,272,@adminTalk3,cp1252,"I see you finally found the\ncrates, grunt. Good.\pIt'll probably take a couple of\ntrips to get them all off the\lship, but we'll manage.",,à_traduire,
0bc92fb18162,scripts/ss anne/captain's cabin/captain's cabin.rbc,286,@adminTalk4,cp1252,I don't think this old guy is\ngoing to pose much of a problem\lanytime soon anyway.,,à_traduire,
4eddc4052566,scripts/ss anne/captain's cabin/captain's cabin.rbc,289,@adminTalk5,cp1252,Let's get to it.,,à_traduire,
fd7f9290586e,scripts/ss anne/captain's cabin/captain's cabin.rbc,292,@nothing,cp1252,There's nothing here[.],,à_traduire,
c5c8a6f9e2e3,scripts/ss anne/captain's cabin/captain.rbc,12,@talk1,utf-8,"Ah[.] Nothing like a full pipe of\nsailor's baccy after a meal[.]\pMy, if only all my afternoons were\nthis peaceful[.]",,à_traduire,
7a5468defc1a,scripts/ss anne/captain's cabin/captain.rbc,20,@talk2,utf-8,"Blargh[.]\pAw[.]\n(Cough), (splat)\pI can't command the ship\nin this condition!\pMy, what I wouldn't give for a\ngood back massage right about now!",,à_traduire,
d29856011b4b,scripts/ss anne/captain's cabin/trash can.rbc,14,@sign1,utf-8,It's empty[.],,à_traduire,
96fbcac2f4fc,scripts/ss anne/captain's cabin/trash can.rbc,17,@sign2,utf-8,Chunks of sauteed Magikarp lie\nfloating in a pile of vomit[.]\pThe sight would surely make a\nyounger person squirm in disgust!,,à_traduire,
54af0cd4ed27,scripts/ss anne/entrance floor/police agent.rbc,4,@talk,utf-8,"[.]\n!!!\pOh, never mind me, I'm just a\lregular old man going about my\lregular old man business! Haha!",,à_traduire,
440f5e10dbe4,scripts/ss anne/entrance floor/proton.rbc,12,@talk,cp1252,"Proton: There you are.\nWell, we better get searching!\lThose Pokémon crates have got to\lbe somewhere or other[.]",,à_traduire,
ce9037f2dc87,scripts/ss anne/entrance floor/rest lady.rbc,4,@talk1,utf-8,"Oh, hello there!\pIt is my hobby to stare at\nTrainers from all around the world\lwhile they sleep!\pWill you humor me by having a\nrest?",,à_traduire,
38ff76781da2,scripts/ss anne/entrance floor/rest lady.rbc,7,@talk2,utf-8,"What, creepy?\pI assure you, home in Unova,\nstaring at people resting is a\lnational passtime.\pYou Kanto people are just way too\nstuck-up.",,à_traduire,
77c0a9dc472c,scripts/ss anne/entrance floor/rest lady.rbc,10,@talk3,utf-8,Hmm[.] that was quite a delight.\pYour sleeping rhythms are pretty\nfrenetic.\pDo you have a bad conscience?,,à_traduire,
016791fbb510,scripts/ss anne/entrance floor/sailor 1.rbc,11,@talk,utf-8,"Ah, welcome aboard! That is quite\nthe[.] original party attire.",,à_traduire,
b20e2502e36b,scripts/ss anne/entrance floor/steven foreshadower.rbc,4,@talk,utf-8,"Did you hear about the famous man\nfrom Hoenn who's aboard with us?\pA handsome lad, but so picky with\nhis palate!",,à_traduire,
4daec6c9d19f,scripts/ss anne/entrance floor/youngster.rbc,10,@after,utf-8,"Listen, listen!\nLet me be your friend, okay?\pThen I can learn to be bad like\nyou when I grow up!\pDon't tell mom!",,à_traduire,
25e7056fc7c5,scripts/ss anne/middle floor/fisherman.rbc,9,@after,utf-8,"Party?\pYeah, I'm as disappointed as you,\nman. Where are all the hot chicks?",,à_traduire,
da991c2bbb7b,scripts/ss anne/middle floor/gentleman (blasphemic talk).rbc,4,@talk,cp1252,Dragon Pokémon are evil and\ndemonic.\pThe way that Lance openly flaunts\nthem[.] I do not approve of this\lregion's blasphemic culture.,,à_traduire,
b0f039e6a4fa,scripts/ss anne/middle floor/gentleman (cut talk).rbc,4,@talk,utf-8,"I admire the Captain's\nresillience.\pWhile the passengers are out\nbattling each other and gloating\lover celebrities[.]\pHe sits in his cabin, smoking his\npipe and honing his masterful\lCutting skills.",,à_traduire,
b5a79e3ccccc,scripts/ss anne/middle floor/lady (captain admirer 2).rbc,4,@talk,utf-8,"They say that in all his decades\nof commanding ships, the Captain\lhas never been seasick.\pOh! A resolute soul as well as\nartistic ability! He is the man!",,à_traduire,
15af82de12d4,scripts/ss anne/middle floor/lady (captain admirer).rbc,4,@talk,utf-8,"All the people here are obsessing\nover the political guests[.]\pWe admire the Captain so much\nmore.\pThe way he Cuts[.] It is a master-\nful work of art, it really is.",,à_traduire,
78d8c3058459,scripts/ss anne/middle floor/lass.rbc,9,@challenge,utf-8,My dad had me doll up for the\nparty just in case Lance came by.,,à_traduire,
a000ef69a1ae,scripts/ss anne/middle floor/lass.rbc,12,@defeat,utf-8,But I'm so pretty!,,à_traduire,
5f624a350fee,scripts/ss anne/middle floor/lass.rbc,15,@after,utf-8,Isn't that how Lorelei got into\nthe Elite Four[.] by being pretty?,,à_traduire,
def6fbe9ab8e,scripts/ss anne/middle floor/little boy (wannabe lance).rbc,4,@talk,utf-8,"Oh, oh, oh!\pI want to see Lance so bad, but my\ndad won't let me[.]",,à_traduire,
d0b488c9c00d,scripts/ss anne/middle floor/old man (cut talk).rbc,4,@talk,utf-8,They say this ship's Captain is a\nlegendary Cut master!\pHe has inspired admirers for his\nCutting skills around the world.,,à_traduire,
153f33b97cf4,scripts/ss anne/middle floor/too old gentleman.rbc,11,@talk,utf-8,I hear there's a lot of commotion\ngoing on by the balcony upstairs.\pI can't be bothered to check it.\nI'm too old for this stuff.,,à_traduire,
d8786a8292a8,scripts/ss anne/outside area/mew truck.rbc,67,@truck,cp1252,"It's an old, worn-down truck.",,à_traduire,
5509bcf2f9a5,scripts/ss anne/outside area/mew truck.rbc,72,@liftTruckText,cp1252,With the power of Strength[.]\c\h08ó\n[player] managed to lift the truck\lvery slightly[.],,à_traduire,
4ff276748ac2,scripts/ss anne/outside area/mew truck.rbc,75,@nothing,cp1252,[.]\c\h08ó\nThere was nothing underneath.,,à_traduire,
5fa56682df3c,scripts/ss anne/outside area/mew truck.rbc,78,@ellipses,cp1252,[.]\c\h08ó,,à_traduire,
e0ae7bed2830,scripts/ss anne/outside area/mew truck.rbc,81,@foundText,cp1252,[.]\c\h08ó\n..huh?,,à_traduire,
07aeb631330e,scripts/ss anne/outside area/mew truck.rbc,84,@pkmnText,cp1252,There was a Pokémon hiding\nunderneath!,,à_traduire,
f70b1ffd444f,scripts/ss anne/outside area/mew truck.rbc,89,@fledText,cp1252,Mew flew away into the distance[.],,à_traduire,
fa546529b974,scripts/ss anne/outside area/post-captain level script (outside).rbc,47,@adminTalk,cp1252,"Proton: Well, that's the last one.\pI'll have the Pokémon moved to the\nappropriate location on my own.\pFor now I'm just happy to be off\nthis ship-- pretentious parties\land ""people of influence"" make me\lalmost as sick as the swaying of\lthe waves.",,à_traduire,
3b53deb3e563,scripts/ss anne/outside area/post-captain level script (outside).rbc,50,@adminTalk2,cp1252,Speaking of meaningless things[.]\c\h08ó\nHave a look at that.,,à_traduire,
9ea2e7b89796,scripts/ss anne/outside area/post-captain level script (outside).rbc,83,@adminTalk3,cp1252,"Whose bright idea was it to put\nsome great big truck out on this\ltiny island out in the ocean?\p[.]\pWell, I suppose it makes for a\ngreat place to hide something in\lplain sight that's out of people's\lreach.\pGo figure.",,à_traduire,
e7b4828b25f8,scripts/ss anne/outside area/post-captain level script (outside).rbc,115,@adminTalk4,cp1252,"Proton: Well, what are you\nstanding around for, grunt?\pMission's over.\nNothing more to see here.\pI figure Boss will have some other\nmission for you by now, starboy.\pHead back to HQ in Celadon.\nI'm off.",,à_traduire,
56a4763de09e,scripts/undeground path (cerulean-vermilion)/hiker.rbc,12,@talk,utf-8,"What do you think you're doing,\npunk? Out of my face!",,à_traduire,
ce28376ae654,scripts/undeground path (cerulean-vermilion)/miss hoenn.rbc,30,@talk,utf-8,"Oh, I'm so happy to finally be\nhere with you, Julien!\pI couldn't stand waiting any\nlonger[.]\pI came as soon as I could, you\nknow. Like we promised[.]",,à_traduire,
5fa65e023898,scripts/undeground path (cerulean-vermilion)/miss hoenn.rbc,33,@talk2,utf-8,"Huh, what?\nYou came to save me?\pNo, no!\nYou don't understand.\pJulien saved me. He's going to get\nme out of this lifestyle, see?\pIt'll be just me and him together.\nHe's got it all planned out[.]",,à_traduire,
ee529df48194,scripts/undeground path (cerulean-vermilion)/miss hoenn.rbc,36,@talk3,utf-8,"I don't know what made you come\nhere, but I don't need saving[.]\pI-I'm fine, see..?",,à_traduire,
be5dd7e0e305,scripts/undeground path (cerulean-vermilion)/pimp julien.rbc,116,@talk,cp1252,"Yeah, whatever, hon.\pYou be good and I'll take care of\nyou real nice.",,à_traduire,
7b33276952a1,scripts/undeground path (cerulean-vermilion)/pimp julien.rbc,120,@talk2,cp1252,"What do you want, pal?\nYou know the drill.\pAny of these ladies cause you any\ntrouble, come talk to me.\pThis one here's occupied for the\ntime being, 'kay?",,à_traduire,
b02f34f331b6,scripts/undeground path (cerulean-vermilion)/pimp julien.rbc,123,@talk3,cp1252,"[.]\pPersistent, ain't ya?\c\h08ó\n[.]\pOh, the old bald man sent you, did\nhe?\pLook, man.\pDon't try to get involved with\nstuff that you got nothing with.\pLady came here of her own free\nwill, 'kay?\pI'm helping her put her life\nback together-- is that what the\lold guy's planning on doing, huh?",,à_traduire,
7fbff3ea1a87,scripts/undeground path (cerulean-vermilion)/pimp julien.rbc,127,@talk4,cp1252,"[.]\nTell you what.\pI'll give you [$]5,000 straight\nright now and we'll leave this all\lbehind us, 'kay?",,à_traduire,
229072aa1c69,scripts/undeground path (cerulean-vermilion)/pimp julien.rbc,130,@yesOrNo,cp1252,It'll be like nothing ever\nhappened.,,à_traduire,
9f5953887743,scripts/undeground path (cerulean-vermilion)/pimp julien.rbc,133,@yesTalk,cp1252,"There you go.\nNo trouble at all.\pI'm glad we could see eye to eye,\nbuddy.\pYou're cool. Keep it classy, man.\nBe seeing you around.",,à_traduire,
e6ca74960b8f,scripts/undeground path (cerulean-vermilion)/pimp julien.rbc,136,@noTalk,cp1252,"No?\pWell, you sure like to get real\nloyal real fast, don't you?\pLook, I didn't want no trouble,\nbut you're really asking for it,\lyou know!",,à_traduire,
65fde9625c53,scripts/undeground path (cerulean-vermilion)/pimp julien.rbc,139,@noTalk2,cp1252,"You got no business coming here,\nand now you made me mad!\pI won't have it!",,à_traduire,
092850d677f3,scripts/undeground path (cerulean-vermilion)/pimp julien.rbc,142,@defeat,cp1252,You meddling idiot!,,à_traduire,
ceb42a154197,scripts/undeground path (cerulean-vermilion)/pimp julien.rbc,145,@afterTalk,cp1252,"Grr[.]\pWhat the hell do you think you're\ndoing, pal?\pYou think any good's gonna come of\nthis, huh?\pThis isn't the last you've heard\nfrom me, punk! You remember that!\pAnd when I see you again, you bet\nyour ass I won't be taking it easy\lon you!",,à_traduire,
b2b6dcd689f4,scripts/undeground path (cerulean-vermilion)/pimp julien.rbc,156,@ladyTalk,cp1252,"Oh no..!\nHow could he leave me like this?\pI thought he was going to[.]\c\h08ó\nOh, who am I fooling?\p[.]\pWell, what do I do now?\nI can't make it on my own!\pI-- I'll just have to go back to\nthe old guy.\pThat's what he wanted, right?\nLeast he paid me okay[.]",,à_traduire,
7d9c61a7ba76,scripts/undeground path (cerulean-vermilion)/pimp julien.rbc,159,@ladyTalk2,cp1252,"[.]\pI know this is stupid, but[.]\pC-can you help me somehow, Rocket?\nI got nobody, and[.] I-I can't get\la job anywhere[.]\p[.]\nPlease. Anything at all.\pCome see me in the other\nUnderground Path if you find\lsomething for me, okay?",,à_traduire,
b1b50f6e4f42,scripts/undeground path (cerulean-vermilion)/pimp julien.rbc,162,@postBribeTalk,cp1252,"Hey there, buddy. We're doing just\nfine here. You enjoying yourself?",,à_traduire,
f55b73455f95,scripts/undeground path (cerulean-vermilion)/prostitute 1.rbc,12,@talk,utf-8,"Got a light, handsome?",,à_traduire,
01d92b4ab106,scripts/undeground path (cerulean-vermilion)/prostitute 2.rbc,12,@talk,utf-8,"I'm good, you know.",,à_traduire,
9b4cac3cebd3,scripts/undeground path (cerulean-vermilion)/prostitute 3.rbc,12,@talk,utf-8,"You doing all right there, mister?\n(Giggle)",,à_traduire,
cec1f2dded68,scripts/undeground path (cerulean-vermilion)/prostitute 4.rbc,10,@talk,utf-8,"Oh, no need to make no trouble\nabout it. Just chill.",,à_traduire,
5487c536415e,scripts/undeground path (cerulean-vermilion)/top floor lady.rbc,11,@talk,utf-8,"This Underground Path[.] I never\nnoticed it as a child, but[.]\pIt has got to be the shadiest\nplace in this whole region[.]",,à_traduire,
47cca2077606,scripts/underground path (celadon-lavender)/fat guy.rbc,19,@talk,utf-8,"I got no reason to come here if\nthat one from Hoenn's not around.\pWhat happened, man?",,à_traduire,
f6ade95b04bd,scripts/underground path (celadon-lavender)/fat guy.rbc,22,@talk2,utf-8,"What do you want with me, stupid?",,à_traduire,
482f1eda7446,scripts/underground path (celadon-lavender)/gambler.rbc,19,@talk,utf-8,"Hey, where's the Hoenn doll, eh?\nI'm not paying if she's gone!",,à_traduire,
aa54755c346e,scripts/underground path (celadon-lavender)/gambler.rbc,22,@talk2,utf-8,Eh?,,à_traduire,
ec3528bfdb72,scripts/underground path (celadon-lavender)/miss hoenn (v2).rbc,86,@talk,cp1252,"Hi, Rocket.\nI-I'm fine, I think.\pDid you find something for me to\ndo?",,à_traduire,
e2fc1f9501d1,scripts/underground path (celadon-lavender)/miss hoenn (v2).rbc,89,@talk2,cp1252,"[.]\pNo?\nOh, okay. Well, whatever[.]",,à_traduire,
9af984f454ed,scripts/underground path (celadon-lavender)/miss hoenn (v2).rbc,92,@jobTalk,cp1252,"[.]\pWhat, really?\pI can come be a Pokémon Center\nnurse in[.]\c\h08ó Pewter City?\pGosh, that's so far away, but[.]\c\h08ó\nI'd like that very much!\p[.]\pIn fact, Rocket[.]\nI got no reason to wait.\pI'll leave for Pewter right away!",,à_traduire,
56c7e7cd65c7,scripts/underground path (celadon-lavender)/miss hoenn (v2).rbc,95,@tylerTalk,cp1252,"Hang on, you two!",,à_traduire,
60e13cf6da99,scripts/underground path (celadon-lavender)/miss hoenn (v2).rbc,98,@tylerTalk2,cp1252,"What are you trying to meddle\nwith, Rocket?\pAnd here I thought you were some-\none I could count on!\pI think Miss Hoenn's quite happy\njust where she is, thanks!\pShe's not going anywhere!\pYou want to challenge my judge-\nment, pal? Well, come at me!",,à_traduire,
8c5416d8564c,scripts/underground path (celadon-lavender)/miss hoenn (v2).rbc,102,@defeatText,cp1252,All is lost!,,à_traduire,
48043be31faa,scripts/underground path (celadon-lavender)/miss hoenn (v2).rbc,105,@tylerTalk3,cp1252,"[.]\c\h08ó\nSo that's it, huh?\p[.]\c\h08ó\nYou're gonna take her away[.]\pWell[.]\c\h08ó I guess[.]\c\h08ó she was gonna get\nold someday anyway[.]\p(Sigh[.])\c\h08ó\nBusiness is business.",,à_traduire,
21ce699a32a1,scripts/underground path (celadon-lavender)/miss hoenn (v2).rbc,110,@jobTalk2,cp1252,"Y-you can't tell me what to do\nanymore, old man!\pI'm off to Pewter City!",,à_traduire,
7470ab35c0cf,scripts/underground path (celadon-lavender)/nerd.rbc,19,@talk,utf-8,"She's so exotic, so different from\nthe others. Where'd she go?\pThis is wasting my time.",,à_traduire,
5f88781d856d,scripts/underground path (celadon-lavender)/nerd.rbc,22,@talk2,utf-8,What do you want?,,à_traduire,
3d89bc40506b,scripts/underground path (celadon-lavender)/pimp.rbc,94,@talk,utf-8,"Hey-hey! Take it easy, folks.\nWe all know miss Hoenn's popular\laround here.\pAh[.] see, but fame is a burden,\nyou know what I'm saying?\pShe's just off on vacation for a\nlittle bit, is all.\pShe'll be back in no time at all,\ngentlemen. You hear?",,à_traduire,
3e820c4a150b,scripts/underground path (celadon-lavender)/pimp.rbc,97,@talk2,utf-8,"Hey, you. You're not a Rocket, are\nyou? Listen for a sec.\pHelp me out with something, okay?\nI'll make it worth your while.",,à_traduire,
6a7f9b4e1d60,scripts/underground path (celadon-lavender)/pimp.rbc,100,@yesTalk,utf-8,"The best girl I got, man.\nShe ran off without a word.\pLured away by the this young\nhotshot nobody who runs the joint\lin the other Underground Path over\lon Route 5.\pThat rookie don't know nothing\nabout the game except charming\laway older folks' profit-makers!\pIt ain't right, man!\pGet over there and get her back\nfor me, would ya?\pAnd give that wannabe-kid a good\nround for me too if you can!",,à_traduire,
06e71dab3b9d,scripts/underground path (celadon-lavender)/pimp.rbc,103,@noTalk,utf-8,"Fine. Whatever, buddy.\nDo as you please.",,à_traduire,
be1dc248c5cd,scripts/underground path (celadon-lavender)/pimp.rbc,106,@midTalk,utf-8,"Well, how's it going?\nFound miss Hoenn for me yet?",,à_traduire,
f3a6b2b38458,scripts/underground path (celadon-lavender)/pimp.rbc,109,@postBribeTalk,utf-8,"Wait, what?!\nYou let the kid go with it?\pArgh!\nWhy did I ever trust you?\pDamn it all! Do you know what\nyou've done, Rocket?\pI can't keep this place going\nwithout her[.]",,à_traduire,
02d99b9a3cda,scripts/underground path (celadon-lavender)/pimp.rbc,113,@rewardTalk,utf-8,"Ah, there you are, Rocket!\pThanks for teaching the riffraff a\nlesson, and for returning me to\lprofitability!\pI am a man of my word, you know.\nTake this for a job well done.",,à_traduire,
1c2f6d9be768,scripts/underground path (celadon-lavender)/pimp.rbc,116,@amuletGet,utf-8,[player] received the Amulet Coin!,,à_traduire,
174ae84bf440,scripts/underground path (celadon-lavender)/pimp.rbc,119,@putAway,utf-8,[player] put the Amulet Coin in the\nItems pocket.,,à_traduire,
6d62a3ec144f,scripts/underground path (celadon-lavender)/pimp.rbc,124,@noRoomTalk,utf-8,"Oh, you haven't got room for it?\nMake some!",,à_traduire,
03a42ded3a65,scripts/underground path (celadon-lavender)/pimp.rbc,128,@postRewardTalk,utf-8,"You're cool, Rocket.\pIf you ever need anything from me,\nman[.] don't hesitate to ask.",,à_traduire,
30256d052ece,scripts/underground path (celadon-lavender)/pimp.rbc,131,@postRunawayTalk,utf-8,"[.]\pYou know[.] maybe I'm just gettin'\ntoo old for the game.\pI ain't as cold[.] as unattached as\nI once was anymore.\pWell, what can you do?",,à_traduire,
2a146ecd6f27,scripts/underground path (celadon-lavender)/prostitute 1.rbc,11,@talk,utf-8,"I'm bored, you know.\nWant to talk to me?",,à_traduire,
b77c4b1ad20b,scripts/underground path (celadon-lavender)/prostitute 2.rbc,11,@talk,utf-8,"Lost your way, sweetie?",,à_traduire,
6df3c8ab79bb,scripts/underground path (celadon-lavender)/prostitute 3.rbc,11,@talk,utf-8,"How's your night going? It could\nalways be better, you know.",,à_traduire,
75740917e699,scripts/vermilion city/captain guard.rbc,18,@talk2,utf-8,"The ship set sail, I'm afraid.\pTrust me, there's nothing at all\nto see out on the harbor now.\pYou'll bore yourself to death back\nthere!",,à_traduire,
262b1306a3f8,scripts/vermilion city/fishing guru.rbc,120,@talk,cp1252,"Hello there!\nI'm the Fishing Guru!\p[.]\pOh[.] you're one of those Rockets\nfrom the TV, aren't you?\pHmm[.]\pLook, I can't have you seen out in\npublic using my Rod! But[.]\pIf you'll do me a favor[.] Just\nbetween me and you, of course[.]\pI might get you some special\ntreats I fished up for you[.]\pWhat do you say?",,à_traduire,
b03a764b830c,scripts/vermilion city/fishing guru.rbc,124,@superRodStolenTalk,cp1252,"Well, well, well!\nMy Rocket Spy!\pDid you manage to get ahold of\nsome of my brothers' secrets?\p[.]\pOh me, oh my!\nTell me more!\p[.]\pGosh, why did I never think of\nthat..?\p[.]\pMuahahahahah[.]\pNow I know nobody can challenge my\nstatus as the Fishing Guru!\pThanks to you, bud, I can stay on\ntop of my fishing game yet!",,à_traduire,
116e8262b23b,scripts/vermilion city/fishing guru.rbc,128,@oneStolenTalk,cp1252,"Well, well, well!\nMy Rocket Spy!\pDid you manage to get ahold of\nsome of my brothers' secrets?\p[.]\pOh me, oh my!\nTell me more!\p[.]\pWait[.]\c\h08ó what?!\pYou refuse to tell me about my\nyounger brother's secret?!\p[.]\pYou're some weird-ass double-\ncrosser, aren't you?\pHow hard is it to stay consistent?",,à_traduire,
128b97a5efee,scripts/vermilion city/fishing guru.rbc,132,@superRodSparedTalk,cp1252,"Well, well, well!\nMy Rocket spy!\pDid you manage to get ahold of\nsome of my brothers' secrets?\p[.]\pWhat?!\c\h08ó\nYou won't tell me?\p[.]\c\h08ó\nNot one of them..?!\pDarn you, little petty criminal!\pWhat did my brothers tempt you\nwith, eh?\pA free copy of their own superior\nrods, I'll bet..!\p(Sob[.])\c\h08ó\n(Snivel[.])\p[.]\pI-I'm the original Fishing Guru,\nyou know[.]",,à_traduire,
69396d04c79d,scripts/vermilion city/fishing guru.rbc,136,@goodRodStolenTalk,cp1252,"Well, well, well!\nMy Rocket Spy!\pDid you manage to get ahold of\nsome of my brothers' secrets?\p[.]\pOh me, oh my!\nTell me more!\p[.]\pGosh, why did I never think of\nthat..?\p[.]\pHurry now to my other brother on\nRoute 12!\pIf you can get me his secret as\nwell, you will have your reward!",,à_traduire,
11cb7d0bd807,scripts/vermilion city/fishing guru.rbc,139,@goodRodSparedTalk,cp1252,"Well, well, well!\nMy Rocket spy!\pDid you manage to get ahold of\nsome of my brothers' secrets?\p[.]\pWhat?!\nYou won't tell me?\pWhat in tarnation are you talking\nabout?\pHmph!\pWell, you had better get me the\nsecret of my brother on Route 12's\lRod, you hear me?",,à_traduire,
74ebcbf67cc1,scripts/vermilion city/fishing guru.rbc,142,@giveRewardTalk,cp1252,"Accept my gift for a job well\ndone, Rocket.\pI fished it up from deep down\nway back before my brothers\lentered this business, I tell ya!",,à_traduire,
02f490276072,scripts/vermilion city/fishing guru.rbc,146,@giveRewardSmallTalk,cp1252,"Well[.]\nHahahaha[.]\pI can't help but reward you for\nshowing me my other brother's\lsecret, can I?\pIt will be plenty to make sure my\nRod reclaims its place at the top\lof the market!\pTake this, ya weirdo!",,à_traduire,
a341345076e4,scripts/vermilion city/fishing guru.rbc,150,@itemMsg,cp1252,[player] obtained the Blue Flute!,,à_traduire,
0f223ad35133,scripts/vermilion city/fishing guru.rbc,153,@putAway,cp1252,[player] put the Blue Flute in\nthe Items pocket.,,à_traduire,
03011529c2c9,scripts/vermilion city/fishing guru.rbc,157,@itemMsg2,cp1252,[player] obtained the\nMystic Water!,,à_traduire,
7a851e4040db,scripts/vermilion city/fishing guru.rbc,161,@putAway2,cp1252,[player] put the Mystic Water\nin the Items pocket.,,à_traduire,
3d0c1cf8438d,scripts/vermilion city/fishing guru.rbc,166,@noRoomTalk,cp1252,"You have no room, Rocket!\nMake some!",,à_traduire,
e4ec97c820cf,scripts/vermilion city/fishing guru.rbc,170,@happyTalk,cp1252,"Huh, what were you expecting?\p[.]\pA ROD?!\nHahahahaha[.]\pWhy, you've already got Surf, what\nthe hell do you need a Rod for?",,à_traduire,
16f47822fd29,scripts/vermilion city/fishing guru.rbc,174,@sadTalk,cp1252,"(Sob[.])\c\h08ó\n(Snivel[.])\p[.]\pI-I'm the original Fishing Guru,\nyou know[.]",,à_traduire,
22a155f5805a,scripts/vermilion city/fishing guru.rbc,177,@noTalk,cp1252,"Suit yourself, bro.\nI don't need your help!",,à_traduire,
75f0f7b8d32c,scripts/vermilion city/fishing guru.rbc,181,@yesTalk,cp1252,"Very good. Now listen.\pI've got these two brothers. One\nin Fuschia and one on Route 12.\pI am the Fishing Guru, see?!\pThose twats don't have half the\nexperience in the fishing game as\lI do!\pAnd yet, what do I see in the\nponds and lakes around Kanto?\pYoung, attractive Trainers fishing\nabout with my brothers' Rods!\pI can't believe it!\nWhy?!\pAre they somehow better than mine?\nHow could that possibly be?\pI want you to go spy on them for\nme, Rocket! Do you understand?\pI want you to get to the bottom\nabout what's so special about\lthose Rods and report it to me!\pPry them from their dead hands if\nyou have to!\pGo do this, and I promise\nI'll reward you handsomely.",,à_traduire,
048b53631db0,scripts/vermilion city/fishing guru.rbc,184,@talk2,cp1252,"[.]\pOf course, you musn't tell anyone\nthat I said ""pry it from their\ldead hands if you have to"" about\lmy brothers.\pI have a family-friendly\nreputation to maintain, you see.",,à_traduire,
31674ee149d2,scripts/vermilion city/generic dialogue/AIDS.rbc,11,@talk,utf-8,"Hmm?\nYes, I'm one of Prof. Oak's aides.\p[.]\pWha-- no, no!\nThat's ""aides"". A-I-D-E-S, see.",,à_traduire,
b656be0daa42,scripts/vermilion city/generic dialogue/Surge.rbc,96,@talk,cp1252,"Hey, you got stuff to do, don't\nyou Rocket?\pHahah!\pOr did you want to hear about the\ntime electric Pokémon saved me\lfrom those Johto bastards during\lthe war?",,à_traduire,
c631563b1568,scripts/vermilion city/generic dialogue/Surge.rbc,99,@talk2,cp1252,"Hey! You got ahold of those\ncrates, then?\pAnd battled it out with the\nCaptain, too, did you?\pWell, it's just like I always used\nto say!\pAin't nothing like a battle to\nround off a good day's smuggling!\pBwahaha!",,à_traduire,
54470f283627,scripts/vermilion city/generic dialogue/Surge.rbc,102,@talk3,cp1252,"Fwahahaha!\nSo you returned, Rocket?\pHey[.] What's that you got there?\nA[.] Trainer Card?\pWell, I'll be! How much did you\npay to get that forged, eh? Haha!\pSo did you come here to challenge\nme to a Gym battle?",,à_traduire,
d52efbf5769d,scripts/vermilion city/generic dialogue/Surge.rbc,105,@noTalk,cp1252,"Oh, the Rocket is scared of the\ngreat big lieutenant!\pHahahaha! Well, I sure would be\nif I were you!\pNo shame in it, brother!",,à_traduire,
46152d349e97,scripts/vermilion city/generic dialogue/Surge.rbc,108,@stolenTalk,cp1252,"What in tarnation?!\c\h08ó\nYou stealing my Pokémon?!\p[.]\c\h08ó\nWell, I'll be!\pAin't no one ever done that to me\nsince the war!\pYou're one feisty brute if I ever\nsaw one!\pWell, take this too, Rocket.\nYou've earned my respect.",,à_traduire,
e147d585119c,scripts/vermilion city/generic dialogue/atlas shrugged reference.rbc,4,@talk,utf-8,I'm putting up a building on this\nplot of land. I own it all.\pAnd yet the Elite Four still\ndemand that I pay property tax!\pThose darn looters[.]\nAh[.] what's the use?\pWho is John Galt?,,à_traduire,
d7046170de58,scripts/vermilion city/generic dialogue/clyde.rbc,11,@talk,utf-8,"Yo!\nRocket!\pLook, as far as I'm concerned,\nI've never seen you enter this\lGym, all right?\pAll I know is that Surge gives me\nmy paycheck at the end of every\lmonth, and I don't question\lnothing else.",,à_traduire,
9ea6033dabec,scripts/vermilion city/generic dialogue/fan club chairman.rbc,11,@talk,cp1252,"I chair the Pokémon Fan Club!\pI raise more than a hundred\nPokémon!\pI'm very fussy when it comes to\nPokémon! I surely am!\p[.]Hmm?\nWhat's that ""R"" stand for?\pHahaha!\nI bet it's ""Rapidash"", isn't it?\pAh[.] you have good taste.",,à_traduire,
4c6b46c4a72e,scripts/vermilion city/generic dialogue/gambling drunk.rbc,11,@talk,utf-8,"Did you see the S.S. Anne moored\nin the harbor?\pI tried to join the party, but the\ndoorman said I looked like a\lgambling drunk!\pCan you believe it?\nLittle old me?",,à_traduire,
e6bbf24ba69f,scripts/vermilion city/generic dialogue/gym dude 1.rbc,11,@talk,utf-8,I keep telling the lieutenant that\nthis Gym puzzle is the most absurd\lskill-devoid contraption ever\linvented.\pHe just scoffs and calls me a\nlightweight.,,à_traduire,
70dcf90dbe11,scripts/vermilion city/generic dialogue/gym dude 2.rbc,11,@talk,utf-8,"Did you know that Lt. Surge was in\nthe WAR?\p[.]\pYeah, you do?\pMaybe that's because it's all he\never talks about..?",,à_traduire,
10a2a53ee40e,scripts/vermilion city/generic dialogue/gym dude 3.rbc,11,@talk,utf-8,"You know, Surge had numerous kills\nduring his time in the army, but\lwhat fascinates me most[.]\pIs that he managed to pilot a\nplane when he's seven feet tall.",,à_traduire,
173c388c15c9,scripts/vermilion city/generic dialogue/gym plaque.rbc,31,@sign1,cp1252,Vermilion Pokémon Gym\nLeader: Lt. Surge\pWinning Trainers:\n,,à_traduire,
8d52f436ccac,scripts/vermilion city/generic dialogue/gym plaque.rbc,34,@sign2,cp1252,Vermilion Pokémon Gym\nLeader: Lt. Surge\pWinning Trainers:\nBlue,,à_traduire,
f7c55376f03b,scripts/vermilion city/generic dialogue/gym plaque.rbc,37,@sign3,cp1252,"Vermilion Pokémon Gym\nLeader: Lt. Surge\pWinning Trainers:\nBlue, Red",,à_traduire,
e65158c67903,scripts/vermilion city/generic dialogue/gym plaque.rbc,40,@sign4,cp1252,"Vermilion Pokémon Gym\nLeader: Lt. Surge\pWinning Trainers:\nBlue, Red, Mohammed Smith",,à_traduire,
ec181d071d07,scripts/vermilion city/generic dialogue/letter.rbc,4,@sign,utf-8,"Dear Pippi,\nI hope to see you soon.\pI swear I've never been to the\nUnderground Path.\pThat was just a lie Susie said\nbecause she's jealous.\pBest wishes,\nJohn",,à_traduire,
22845f9cbf8f,scripts/vermilion city/generic dialogue/mart dude.rbc,4,@talk,utf-8,"They say prominent politicians\nwill be attending the party on the\lS.S. Anne.\pBut I couldn't afford a ticket,\nand I'm not good-looking enough to\lget in without one[.]",,à_traduire,
8726b1d1fb84,scripts/vermilion city/generic dialogue/romance novels.rbc,11,@talk,cp1252,"Pokémon delivery has to be the\nmost inefficient means of commun-\lication ever, don't you think?\pI think my brother has just been\nreading too many fantasy novels.",,à_traduire,
36e277c4884e,scripts/vermilion city/generic dialogue/surge dialogue edits.rbc,4,@talk,cp1252,"Well, have it your way, Rocket!\pYou won't live long in combat!\nNot with your puny power!\pI tell you, kid, electric Pokémon\nsaved me during the war!\pThey zapped my enemies into\nparalysis!\pThe same as I'll do to you!\c\h0B[Ke]À",,à_traduire,
8e115c0927ed,scripts/vermilion city/generic dialogue/surge dialogue edits.rbc,7,@talk2,cp1252,"Now that's a shocker!\pYou're the real deal, Rocket!\pFine, then, take the Thunderbadge!",,à_traduire,
67b2c73c690b,scripts/vermilion city/generic dialogue/surge dialogue edits.rbc,10,@talk3,cp1252,"Well, what can I say, Rocket?\nYou done shocked me!",,à_traduire,
af670776c506,scripts/vermilion city/generic dialogue/surge dialogue edits.rbc,14,@talk4,cp1252,"The Thunderbadge cranks up your\nPokémon's Speed!\pYou're special, Rocket!\nTake this!",,à_traduire,
8b9ace326abd,scripts/vermilion city/generic dialogue/surge dialogue edits.rbc,17,@talk5,cp1252,"Yo, bud, make room in your Bag!",,à_traduire,
e63807b3b013,scripts/vermilion city/lt surge introduction v2 (left).rbc,137,@youngTalk,cp1252,"Oh, Lt. Surge, you're so strong!\nWe don't stand a chance against\lyou!",,à_traduire,
5fbc7bf63c37,scripts/vermilion city/lt surge introduction v2 (left).rbc,140,@bugTalk,cp1252,"Yeah! You're wicked powerful!\pOh, please, Surge, can't you\ntell us how you and your Pokémon\lgot so strong?\pWe want to be like you too!",,à_traduire,
10cd40da3de9,scripts/vermilion city/lt surge introduction v2 (left).rbc,143,@gymTalk,cp1252,"Lt. Surge: Hahaha!\nWell, I'll tell ya, kids!\pExercise your body by pushing\nyourself a little harder every\lday!\pMake sure you and your Pokémon\nboth are taking your vitamins and\lgetting a good night's sleep every\lnight!\pAnd remember: It's real important\nthat you always eat your meats and\lyour veggies!\pHahaha! That's the way to do it,\nkids! Good luck!",,à_traduire,
82eb4a27dc15,scripts/vermilion city/lt surge introduction v2 (left).rbc,146,@youngTalk2,cp1252,"Did you hear that?\nWe can be strong like Surge!\pCome on, let's go work out!",,à_traduire,
152efee186aa,scripts/vermilion city/lt surge introduction v2 (left).rbc,149,@bugTalk2,cp1252,"Yeah!\nMan, I can't wait!\pI think I have some vitamins at\nhome-- we can go take them right\laway!",,à_traduire,
eca443521f0c,scripts/vermilion city/lt surge introduction v2 (left).rbc,196,@gymTalk2,cp1252,"Lt. Surge: Well, if it isn't my\nfavorite little Rocket man!\pHow are ya?\pNot scared lifeless from ol'\nLance's paranoid new crime-\lfighting measures, I hope? Haha!\pAnyway, I take it you brought\nthe regular goodies..?",,à_traduire,
08f91c74f8a1,scripts/vermilion city/lt surge introduction v2 (left).rbc,200,@adminTalk,cp1252,"Proton: Yes. As a matter of fact,\nthis grunt here has brought a\lparticularly strong yield straight\lfrom our top chemists.\pIt's as promised, Surge.",,à_traduire,
62ff3e20fb3a,scripts/vermilion city/lt surge introduction v2 (left).rbc,212,@gymTalk3,cp1252,"Lt. Surge: Well, I'll be!\nYou guys are really something!\pLet's have it then, little buddy.",,à_traduire,
e58d20590d9d,scripts/vermilion city/lt surge introduction v2 (left).rbc,215,@steroidDelivery,cp1252,[player] delivered the Steroids to\nLt. Surge.,,à_traduire,
997b9ce1f380,scripts/vermilion city/lt surge introduction v2 (left).rbc,218,@adminTalk2,cp1252,"Proton: Now, Surge-- the Pokémon,\nif you'd be so kind.",,à_traduire,
c13254245c28,scripts/vermilion city/lt surge introduction v2 (left).rbc,230,@gymTalk4,cp1252,"Lt. Surge: Oh yeah, that's right!\nThe Johto beasts, right?\pYeah, I had my guys stack them in\ncrates and hide them somewhere\laboard the ship.\pDon't worry one bit about getting\nyourselves aboard!\pThe doormen all happen to be my\nfolks too-- they'll let you in as\llong as I drop them a word.\pSound all right?",,à_traduire,
873c5ed9ca05,scripts/vermilion city/lt surge introduction v2 (left).rbc,233,@adminTalk3,cp1252,Proton: [.]\c\h08ó\pSo you're telling me the crates\nare all still aboard the ship?\pYou couldn't have done us the\ncourtesy of carrying them on land?,,à_traduire,
6a7610dd6277,scripts/vermilion city/lt surge introduction v2 (left).rbc,236,@gymTalk5,cp1252,"Lt. Surge: Now, Proton, easy!\pDo you know how heavy those darn\nthings are?\pIf I was to go carry those all by\nmyself, my whole back would snap\lin half, I tell ya!",,à_traduire,
dcea1b04f2a7,scripts/vermilion city/lt surge introduction v2 (left).rbc,239,@gymTalk6,cp1252,"Anyway, don't you get all worked\nup just yet-- you gotta look at\lthings from the bright side!\pI don't know if you heard, but\nthey're throwing this exclusive\lparty right on board tonight!\pRumor has it some powerful\npolitical figures might even be\lattending, so if you're lucky you\lcould end up in some quite\lexciting company, how's that?",,à_traduire,
d82ff4d14f28,scripts/vermilion city/lt surge introduction v2 (left).rbc,242,@adminTalk4,cp1252,"Proton: Yes, going out to party\nwith government officials is\ljust what we Rockets should be\ldoing right now, isn't it?",,à_traduire,
ad14c5603afb,scripts/vermilion city/lt surge introduction v2 (left).rbc,245,@adminTalk5,cp1252,"[.]\n\c\h08ó(Sigh)\pWell, I don't suppose we've got\nmuch choice.\pLet's get going, grunt.\pNo use sitting around being\nbummed out about it.",,à_traduire,
1f074c81e4e3,scripts/vermilion city/lt surge introduction v3 (right).rbc,137,@youngTalk,cp1252,"Oh, Lt. Surge, you're so strong!\nWe don't stand a chance against\lyou!",,à_traduire,
be9619965da7,scripts/vermilion city/lt surge introduction v3 (right).rbc,140,@bugTalk,cp1252,"Yeah! You're wicked powerful!\pOh, please, Surge, can't you\ntell us how you and your Pokémon\lgot so strong?\pWe want to be like you too!",,à_traduire,
ddb2d3b9c243,scripts/vermilion city/lt surge introduction v3 (right).rbc,143,@gymTalk,cp1252,"Lt. Surge: Hahaha!\nWell, I'll tell ya, kids!\pExercise your body by pushing\nyourself a little harder every\lday!\pMake sure you and your Pokémon\nboth are taking your vitamins and\lgetting a good night's sleep every\lnight!\pAnd remember: It's real important\nthat you always eat your meats and\lyour veggies!\pHahaha! That's the way to do it,\nkids! Good luck!",,à_traduire,
b5f029bd1ef5,scripts/vermilion city/lt surge introduction v3 (right).rbc,146,@youngTalk2,cp1252,"Did you hear that?\nWe can be strong like Surge!\pCome on, let's go work out!",,à_traduire,
ddc142e69a72,scripts/vermilion city/lt surge introduction v3 (right).rbc,149,@bugTalk2,cp1252,"Yeah!\nMan, I can't wait!\pI think I have some vitamins at\nhome-- we can go take them right\laway!",,à_traduire,
4521a2594523,scripts/vermilion city/lt surge introduction v3 (right).rbc,196,@gymTalk2,cp1252,"Lt. Surge: Well, if it isn't my\nfavorite little Rocket man!\pHow are ya?\pNot scared lifeless from ol'\nLance's paranoid new crime-\lfighting measures, I hope? Haha!\pAnyway, I take it you brought\nthe regular goodies..?",,à_traduire,
49bba5b0dec4,scripts/vermilion city/lt surge introduction v3 (right).rbc,200,@adminTalk,cp1252,"Proton: Yes. As a matter of fact,\nthis grunt here has brought a\lparticularly strong yield straight\lfrom our top chemists.\pIt's as promised, Surge.",,à_traduire,
f3047441c703,scripts/vermilion city/lt surge introduction v3 (right).rbc,212,@gymTalk3,cp1252,"Lt. Surge: Well, I'll be!\nYou guys are really something!\pLet's have it then, little buddy.",,à_traduire,
476b6b59d56b,scripts/vermilion city/lt surge introduction v3 (right).rbc,215,@steroidDelivery,cp1252,[player] delivered the Steroids to\nLt. Surge.,,à_traduire,
d21133c72e3a,scripts/vermilion city/lt surge introduction v3 (right).rbc,218,@adminTalk2,cp1252,"Proton: Now, Surge-- the Pokémon,\nif you'd be so kind.",,à_traduire,
d8959e47895d,scripts/vermilion city/lt surge introduction v3 (right).rbc,230,@gymTalk4,cp1252,"Lt. Surge: Oh yeah, that's right!\nThe Johto beasts, right?\pYeah, I had my guys stack them in\ncrates and hide them somewhere\laboard the ship.\pDon't worry one bit about getting\nyourselves aboard!\pThe doormen all happen to be my\nfolks too-- they'll let you in as\llong as I drop them a word.\pSound all right?",,à_traduire,
3be082c60a7c,scripts/vermilion city/lt surge introduction v3 (right).rbc,233,@adminTalk3,cp1252,Proton: [.]\c\h08ó\pSo you're telling me the crates\nare all still aboard the ship?\pYou couldn't have done us the\ncourtesy of carrying them on land?,,à_traduire,
c22ca3bc2db8,scripts/vermilion city/lt surge introduction v3 (right).rbc,236,@gymTalk5,cp1252,"Lt. Surge: Now, Proton, easy!\pDo you know how heavy those darn\nthings are?\pIf I was to go carry those all by\nmyself, my whole back would snap\lin half, I tell ya!",,à_traduire,
75a272418caa,scripts/vermilion city/lt surge introduction v3 (right).rbc,239,@gymTalk6,cp1252,"Anyway, don't you get all worked\nup just yet-- you gotta look at\lthings from the bright side!\pI don't know if you heard, but\nthey're throwing this exclusive\lparty right on board tonight!\pRumor has it some powerful\npolitical figures might even be\lattending, so if you're lucky you\lcould end up in some quite\lexciting company, how's that?",,à_traduire,
825ec54a329d,scripts/vermilion city/lt surge introduction v3 (right).rbc,242,@adminTalk4,cp1252,"Proton: Yes, going out to party\nwith government officials is\ljust what we Rockets should be\ldoing right now, isn't it?",,à_traduire,
a18b7da5717e,scripts/vermilion city/lt surge introduction v3 (right).rbc,245,@adminTalk5,cp1252,"[.]\n\c\h08ó(Sigh)\pWell, I don't suppose we've got\nmuch choice.\pLet's get going, grunt.\pNo use sitting around being\nbummed out about it.",,à_traduire,
35045d1e113a,scripts/vermilion city/lt surge introduction.rbc,137,@youngTalk,cp1252,"Oh, Lt. Surge, you're so strong!\nWe don't stand a chance against\lyou!",,à_traduire,
5dcb3557c6c6,scripts/vermilion city/lt surge introduction.rbc,140,@bugTalk,cp1252,"Yeah! You're wicked powerful!\pOh, please, Surge, can't you\ntell us how you and your Pokémon\lgot so strong?\pWe want to be like you too!",,à_traduire,
b501922b032a,scripts/vermilion city/lt surge introduction.rbc,143,@gymTalk,cp1252,"Lt. Surge: Hahaha!\nWell, I'll tell ya, kids!\pExercise your body by pushing\nyourself a little harder every\lday!\pMake sure you and your Pokémon\nboth are taking your vitamins and\lgetting a good night's sleep every\lnight!\pAnd remember: It's real important\nthat you always eat your meats and\lyour veggies!\pHahaha! That's the way to do it,\nkids! Good luck!",,à_traduire,
eb1810798836,scripts/vermilion city/lt surge introduction.rbc,146,@youngTalk2,cp1252,"Did you hear that?\nWe can be strong like Surge!\pCome on, let's go work out!",,à_traduire,
a1d25f36ed73,scripts/vermilion city/lt surge introduction.rbc,149,@bugTalk2,cp1252,"Yeah!\nMan, I can't wait!\pI think I have some vitamins at\nhome-- we can go take them right\laway!",,à_traduire,
170148d9feac,scripts/vermilion city/lt surge introduction.rbc,197,@gymTalk2,cp1252,"Lt. Surge: Well, if it isn't my\nfavorite little Rocket man!\pHow are ya?\pNot scared lifeless from ol'\nLance's paranoid new crime-\lfighting measures, I hope? Haha!\pAnyway, I take it you brought\nthe regular goodies..?",,à_traduire,
316102e7ab27,scripts/vermilion city/lt surge introduction.rbc,201,@adminTalk,cp1252,"Proton: Yes. As a matter of fact,\nthis grunt here has brought a\lparticularly strong yield straight\lfrom our top chemists.\pIt's as promised, Surge.",,à_traduire,
c74083a19f9e,scripts/vermilion city/lt surge introduction.rbc,213,@gymTalk3,cp1252,"Lt. Surge: Well, I'll be!\nYou guys are really something!\pLet's have it then, little buddy.",,à_traduire,
aaf64e2ce613,scripts/vermilion city/lt surge introduction.rbc,216,@steroidDelivery,cp1252,[player] delivered the Steroids to\nLt. Surge.,,à_traduire,
641607fdcbac,scripts/vermilion city/lt surge introduction.rbc,219,@adminTalk2,cp1252,"Proton: Now, Surge-- the Pokémon,\nif you'd be so kind.",,à_traduire,
1ad735f0f85e,scripts/vermilion city/lt surge introduction.rbc,231,@gymTalk4,cp1252,"Lt. Surge: Oh yeah, that's right!\nThe Johto beasts, right?\pYeah, I had my guys stack them in\ncrates and hide them somewhere\laboard the ship.\pDon't worry one bit about getting\nyourselves aboard!\pThe doormen all happen to be my\nfolks too-- they'll let you in as\llong as I drop them a word.\pSound all right?",,à_traduire,
3619b4b26aef,scripts/vermilion city/lt surge introduction.rbc,234,@adminTalk3,cp1252,Proton: [.]\c\h08ó\pSo you're telling me the crates\nare all still aboard the ship?\pYou couldn't have done us the\ncourtesy of carrying them on land?,,à_traduire,
6aeb7fc3d754,scripts/vermilion city/lt surge introduction.rbc,237,@gymTalk5,cp1252,"Lt. Surge: Now, Proton, easy!\pDo you know how heavy those darn\nthings are?\pIf I was to go carry those all by\nmyself, my whole back would snap\lin half, I tell ya!",,à_traduire,
ef50f5bd3b34,scripts/vermilion city/lt surge introduction.rbc,240,@gymTalk6,cp1252,"Anyway, don't you get all worked\nup just yet-- you gotta look at\lthings from the bright side!\pI don't know if you heard, but\nthey're throwing this exclusive\lparty right on board tonight!\pRumor has it some powerful\npolitical figures might even be\lattending, so if you're lucky you\lcould end up in some quite\lexciting company, how's that?",,à_traduire,
24ccbe40c42d,scripts/vermilion city/lt surge introduction.rbc,243,@adminTalk4,cp1252,"Proton: Yes, going out to party\nwith government officials is\ljust what we Rockets should be\ldoing right now, isn't it?",,à_traduire,
99fc53f8bb9d,scripts/vermilion city/lt surge introduction.rbc,246,@adminTalk5,cp1252,"[.]\n\c\h08ó(Sigh)\pWell, I don't suppose we've got\nmuch choice.\pLet's get going, grunt.\pNo use sitting around being\nbummed out about it.",,à_traduire,
5cc180893624,scripts/vermilion city/only trash.rbc,10,@sign,utf-8,Nope!\nThere's only trash here.,,à_traduire,
4f9e44ed921c,scripts/vermilion city/policeman.rbc,368,@1stTalk,cp1252,"Well, well, well!\pIf it isn't one of you Rockets\nI've heard so much about!\pI am a special officer, sent by\nLance to bring you to justice!\p[.]\pWha--\c\h08ó [.]no, I won't be arresting\nyou; those aren't my orders.\pI am here to ""facilitate your\nrehabilitation""!\pI have a set of 30 freshly pressed\nUltra Balls right here, that can\lbecome yours if you keep your\lcriminal record clean long enough!",,à_traduire,
4d7b2880960a,scripts/vermilion city/policeman.rbc,372,@1stTalk2,cp1252,"Now, then[.]\nWhat's your name, scoundrel?\p[.]\c\h08ó\n[player]?\pWell, let me check my registry\nhere for a second[.]",,à_traduire,
62c842549de7,scripts/vermilion city/policeman.rbc,376,@preItemTalk,cp1252,"My, my, what have we here?\nA Rocket bandit in the flesh!\pI'm to give you these 30 Ultra\nBalls if you keep your record\lclean for long enough, so keep it\lcool!\p[player], is it?\c\h08ó\nWell, let me see here[.]",,à_traduire,
a00de371ed2f,scripts/vermilion city/policeman.rbc,380,@postItemTalk,cp1252,"My, my, what have we here?\nA Rocket bandit in the flesh!\p[player], is it?\c\h08ó\nWell, let me see here[.]",,à_traduire,
c2d4a61ddca7,scripts/vermilion city/policeman.rbc,391,@vBadTalk,cp1252,"My goodness!\c\h08ó Y-you're one of the\nmost infamous criminals in Kanto!\pThe price on your head is a\nwhooping [$][buffer1],000!\pGrr[.] what could you possibly want\nwith me, you filthy outlaw?!\pIt will take a lot more than a\ncouple of Pokémon trades to atone\lfor your sins, I'll tell you!",,à_traduire,
f6af44e3fb99,scripts/vermilion city/policeman.rbc,395,@vBadText,cp1252,[blue_fr][.]well?,,à_traduire,
573bfc28d82c,scripts/vermilion city/policeman.rbc,399,@pBadTalk,cp1252,"Oh, my!\nYou're quite the villain!\pThe bounty on your head stands at\n[$][buffer1],000!\pThat's nothing to joke about, son.\pUnless you plan to spend the rest\nof your days in jail, I suggest\lyou change your ways soon, before\lit's all too late!",,à_traduire,
91c7979321ad,scripts/vermilion city/policeman.rbc,403,@pBadText,cp1252,[blue_fr]How can I help you t[blue_fr]urn things\n[blue_fr]around?,,à_traduire,
a5a4c567657f,scripts/vermilion city/policeman.rbc,407,@mBadTalk,cp1252,"Hm[.] Well, I've seen worse in my\ndays, but you're on a dangerous\lpath, Rocket!\pThe bounty on your head stands at\n[$][buffer1],000.\pCome back into the light while you\nstill can!",,à_traduire,
12f30648ba06,scripts/vermilion city/policeman.rbc,411,@mBadText,cp1252,[blue_fr]What can I help you [blue_fr]with?,,à_traduire,
7de6716339ed,scripts/vermilion city/policeman.rbc,414,@nBadTalk,cp1252,"Well, you're not so bad, are you?\pThe bounty on your head is a mere\n[$][buffer1],000.\pOh, a few slip-ups here and there\nhappen to the best of us, right?\pI'm glad you came to me to set\nthings straight again[.]\c\h08ó right?",,à_traduire,
de32757bce56,scripts/vermilion city/policeman.rbc,419,@nBadText,cp1252,"[blue_fr]What can I do for yo[blue_fr]u, son?",,à_traduire,
43cd606a97ac,scripts/vermilion city/policeman.rbc,423,@iTalk,cp1252,"Oh, wow! What's this? There's no\nbounty on your head at all!\pThat's what I like to see.\pThe moral road is a narrow one,\nbut you walk it all the same!",,à_traduire,
1d9ef863d563,scripts/vermilion city/policeman.rbc,426,@itemTalk,cp1252,"I like you, son.\pHere is a token of appreciation\nfrom the government for embracing\lyour new life as a law-abiding\lcitizen!",,à_traduire,
06a290e0bb50,scripts/vermilion city/policeman.rbc,431,@notYetItem,cp1252,"Keep up this behavior, and these\nBalls will be yours before long.",,à_traduire,
c68d08090e88,scripts/vermilion city/policeman.rbc,435,@noRoomTalk,cp1252,"Why, but you've no space left for\nthem, do you? Make some room!",,à_traduire,
bbb8ed4b6916,scripts/vermilion city/policeman.rbc,439,@itemMsg,cp1252,[player] received 30 Ultra Balls\nfrom the policeman!,,à_traduire,
af933c277770,scripts/vermilion city/policeman.rbc,444,@putAway,cp1252,[player] put the Ultra Balls in the\nPoké Balls pocket.,,à_traduire,
7a8163471238,scripts/vermilion city/policeman.rbc,450,@itemAlreadyGot,cp1252,"Go seek out the officers in the\nother cities, son.\pIf you keep up your good behavior,\nthey'll reward you as I have!",,à_traduire,
0b37016d7666,scripts/vermilion city/policeman.rbc,454,@1pokeMsg,cp1252,But[.] surely you can't turn in\nyour only Pokémon?\pThat would cause all sorts of\nweird question marks and humbug.\pI'm not having it!,,à_traduire,
99797621c3e1,scripts/vermilion city/policeman.rbc,458,@handInTalk,cp1252,"Fair enough!\pYou hand in one of your stolen\nPokémon to me, and we agree to\llower the bounty on your head in\lproportion to the Pokémon's level.",,à_traduire,
0f562e0f3c37,scripts/vermilion city/policeman.rbc,461,@handInTalk1.5,cp1252,"The bounty on you is [$][buffer1],000.\nWhich Pokémon will you hand in?",,à_traduire,
22b55ced15aa,scripts/vermilion city/policeman.rbc,466,@handInTalk2,cp1252,"Fine. I'll lower your bounty by\n[$][buffer1],000 for this [buffer2].",,à_traduire,
4009f9d829dc,scripts/vermilion city/policeman.rbc,469,@pkmnDeleted,cp1252,[player] turned [buffer2] in to the\npoliceman.,,à_traduire,
6416d0f2d1bb,scripts/vermilion city/policeman.rbc,473,@postDeletion,cp1252,"You made the right choice, Rocket.\nCongratulations.\pYour bounty has now been lowered\nto [$][buffer1],000.\pKeep it up and you'll be a free\nman in no time at all!",,à_traduire,
9093d56e7956,scripts/vermilion city/policeman.rbc,477,@noMoreBounty,cp1252,"Well, I'll be!\nYou did the right thing, Rocket.\pYour bounty has now been\ncompletely wiped.\pIt touches me to see that I could\nhelp you become a free man again!",,à_traduire,
91def8b9eed5,scripts/vermilion city/policeman.rbc,481,@bribeTalk,cp1252,"What's that?\c\h08ó\nMy god! The idea!\pI am unwavering in my adherence to\nmy moral principles, I assure you!\p[.]\c\h08ó\n(Shh[.] not so loud, now.)",,à_traduire,
85ba2b2c3f4a,scripts/vermilion city/policeman.rbc,484,@howMuch,cp1252,"(How much are we talking?)\n(The bounty is [blue_fr]at [$][buffer1],000[blue_fr].)",,à_traduire,
8f34e15f771c,scripts/vermilion city/policeman.rbc,488,@noMoneyTalk,cp1252,"Gah!\p(Come back when you actually have\nthe money, and we'll talk!)",,à_traduire,
5c934cd56dbf,scripts/vermilion city/policeman.rbc,492,@postBribeTalk,cp1252,"Mmmm!\pWell, in times like these[.]\nwhat can you do..?\p(Your bounty has been lowered to\n[$][buffer1],000, all right?)\p(But remember, son-- I sure as\nheck didn't do it!)",,à_traduire,
55f4afb5f51e,scripts/vermilion city/policeman.rbc,496,@postBribeTalk2,cp1252,"Mmmm!\pWell, in times like these[.]\nwhat can you do..?\p(The bounty on your head has now\nbeen completely wiped.)\p(But I know nothing about it,\nyou hear me?)",,à_traduire,
e97f175ccc60,scripts/vermilion city/policeman.rbc,500,@goodBye,cp1252,"No? Well, have it your way.\nGood day, Rocket.",,à_traduire,
af7de8b1209d,scripts/vermilion city/policeman.rbc,503,@missingnoTalk,cp1252,"What in Arceus's name is that\nPokémon..?!\pI don't know where you got that\nfrom, but I'll want nothing to do\lwith it!\pHand in a normal Pokémon, won't\nyou?!",,à_traduire,
ec5280dd3d73,scripts/vermilion city/proton intro.rbc,63,@talk1,utf-8,"You're not getting through there\njust like that, you know.",,à_traduire,
cb7ffd732a16,scripts/vermilion city/proton intro.rbc,78,@talk2,utf-8,Proton: A lonely grunt walking\naround Vermilion by himself?\pI take it you're the one they sent\nto help me with the smuggling\ldeal.,,à_traduire,
f7e77bec0e07,scripts/vermilion city/proton intro.rbc,82,@talk3,utf-8,"Well?\nDid you bring the goods?\pFine, move over.",,à_traduire,
d0136b33c21e,scripts/vermilion city/proton intro.rbc,98,@talk4,utf-8,Proton: [.]\pWhat a meaningless thing\nto plant a tree right in front of\lthe entrance to a Gym.,,à_traduire,
2cac3cb105dd,scripts/vermilion city/proton intro.rbc,101,@talk5,utf-8,Well?\nYou coming?,,à_traduire,
5269d7d2bf61,scripts/vermilion city/ss anne entrance.rbc,28,@talk1,utf-8,"Welcome to the S.S. Anne!\pExcuse me, do you have a ticket?",,à_traduire,
55915df584df,scripts/vermilion city/ss anne entrance.rbc,31,@stopTalk,utf-8,[player] doesn't have the needed\nS.S. Ticket.,,à_traduire,
d5c1d3315499,scripts/vermilion city/ss anne entrance.rbc,34,@stopTalk2,utf-8,Sorry!\nYou need a ticket to get aboard.,,à_traduire,
892890b29895,scripts/vermilion city/ss anne entrance.rbc,41,@letThrough,utf-8,"Oh? You're with the lieutenant?\nI see.\pWell, step right on through, sir.\nThe party has already begun.",,à_traduire,
7df9f0a4e471,scripts/victory road/1F/female cooltrainer.rbc,10,@pre,utf-8,Wow[.]\nYou Kantoneans dress real fancy!,,à_traduire,
fae8f1f9bbf7,scripts/victory road/1F/female cooltrainer.rbc,13,@after,utf-8,Hey[.] I guess some of you are a\nbit scary here too[.],,à_traduire,
903b9708baa3,scripts/victory road/1F/male cooltrainer.rbc,10,@pre,utf-8,"I came in here just to train.\pIt's great, 'cause none of the\nriffraff can get through the\lgates!",,à_traduire,
28732acb4f9a,scripts/victory road/1F/male cooltrainer.rbc,13,@after,utf-8,I guess I spoke too soon[.],,à_traduire,
f40e807e73e2,scripts/victory road/2F/juggler.rbc,10,@pre,utf-8,"Ah, so you wish to challenge the\nElite Four?",,à_traduire,
2cd9ab68d2f6,scripts/victory road/2F/juggler.rbc,13,@post,utf-8,You got me!,,à_traduire,
f270690dbc97,scripts/victory road/2F/juggler.rbc,16,@after,utf-8,Some kid with a red hat came\nthrough earlier.\pHe was something[.] We don't have\nkids like that where I'm from.,,à_traduire,
c466cea1f387,scripts/victory road/2F/karate man.rbc,10,@pre,utf-8,I've trained all my life for this!\nI'll get to see Bruno's up close!,,à_traduire,
67a0fbfaf603,scripts/victory road/2F/karate man.rbc,13,@after,utf-8,Victory Road is no place to be a\nsore loser.,,à_traduire,
59925f4727df,scripts/victory road/2F/scientist.rbc,10,@pre,utf-8,I came all this way to look at the\npretty Kanto bird. It's majestic!,,à_traduire,
63d034790856,scripts/victory road/2F/scientist.rbc,13,@after,utf-8,Shame about that policeman.\nYou're so uptight in this region.,,à_traduire,
4a92c9cf65e5,scripts/victory road/3F/female cooltrainer 2.rbc,10,@after,utf-8,"And criminals live to find\nstronger victims, is that it?!",,à_traduire,
e24ab33117a5,scripts/victory road/3F/female in couple.rbc,10,@after,utf-8,You've taught me that my boyfriend\nis a wuss who needs to train\lharder!,,à_traduire,
6790126a8d2e,scripts/victory road/3F/male cooltrainer 2.rbc,10,@pre,utf-8,I heard rumors about a criminal\nintruder.,,à_traduire,
ce235fa08860,scripts/victory road/3F/male cooltrainer 2.rbc,13,@post,utf-8,I'm sure it's just talk..!,,à_traduire,
b81a2d5e45d3,scripts/victory road/3F/male cooltrainer 2.rbc,16,@after,utf-8,"Keep your hands to yourself,\nmister!",,à_traduire,
c14834f1820b,scripts/victory road/3F/male in couple.rbc,10,@after,utf-8,B-but[.]\nWhat about true love..?,,à_traduire,
febd19d8d9b1,scripts/victory road/moltres blocker.rbc,11,@talk,cp1252,"Stop right there, Rocket!\nLance may no longer be Champion[.]\pBut it's still my job to guard\nthese Pokémon from people like you!\pI can see you're a formidable one[.]\pBut your authority in the Rocket\nworld means nothing to me!\pI can throw you in jail, no\nproblem! Get lost!",,à_traduire,
3830b42acc11,scripts/victory road/strength boulders.rbc,8,@text,utf-8,It looks like somebody has pushed\nthis boulder aside already..!,,à_traduire,
f71c0fa10ef8,scripts/viridian city/boss promotion briefcase.rbc,53,@text,cp1252,[player] opened the briefcase.\pInside was[.]\c\h08ó a sack of money!,,à_traduire,
af8b581f5b82,scripts/viridian city/boss promotion briefcase.rbc,56,@text2,cp1252,"[player] obtained [$]10,000!",,à_traduire,
8a2fa3bc3568,scripts/viridian city/boss promotion briefcase.rbc,59,@text3,cp1252,"[.]\c\h08ó\nA letter is attached.\p""Dear [player],\pI am not fit to lead Team Rocket\nany longer.\pMy criminal dignity will not allow\nit. I've failed you.\pBut you, [player][.]\c\h08ó You've grown\nmuch stronger than any of us.\pAs a Pokémon Trainer there's not a\nRocket in Kanto who measures up.\pAnd your honor is still intact.\c\h08ó\nSo with my blessing[.]\pDo the things I should have done\nlong ago.\pGo westwards to the Indigo Plateau,\nand take on the Elite Four.\pDeliver our revenge on Red[.]\c\h08ó\nLance[.]\c\h08ó and Oak.\pLeave Team Rocket a lasting legacy\nin Kanto.\c\h08ó Let them remember us.\pUse our infamy to its fullest[.]\c\h08ó then\ndisband the organization for good.\p[.]\pThe contents of this briefcase are\nyours to keep.\pI am giving you all the power and\nprestige the criminal world has\lto offer.\pThe power to steal from Gym\nLeaders, the Elite Four and the\lPokémon Champion.\pThis is to be your final promotion.\pRegards,\c\h08ó\nGiovanni""",,à_traduire,
9e48b901b3f9,scripts/viridian city/generic npc dialogue/bible.rbc,31,@page1,cp1252,"Religious studies, chapter 7.\pFirst page[.]\pIf in the capture of a legendary\nmonster thy holdest down B[.]\pYe are blessed, o child.\nFor the Lord hath heard thy prayer.",,à_traduire,
158576f467a4,scripts/viridian city/generic npc dialogue/bible.rbc,34,@page2,cp1252,"Second page[.]\pAnd Arceus spoke thus to Adam and\nEve[.]\p""Thou shalt not eat of the tree of\nthe knowledge of super and\lnot-very effective, lest ye die.""",,à_traduire,
76dfd5f167b6,scripts/viridian city/generic npc dialogue/bible.rbc,37,@page3,cp1252,Third page[.]\pThou shalt not enter a grave\nbattle lest prior ye hast savest\lthy progress.\pThou shalt consult no website if\nthy puzzle is simple.\pThou shalt not TURN OFF THY POWER\nwhile thine monsters are traded.,,à_traduire,
4f2095b03deb,scripts/viridian city/generic npc dialogue/bible.rbc,40,@page4,cp1252,Fourth page[.]\pBlessed is the Son of Arceus[.]\pFor he died to atone for our cheat\ncodes.,,à_traduire,
de9983c4e79b,scripts/viridian city/generic npc dialogue/caterpillar boy.rbc,4,@talk,utf-8,"You don't know the difference\nbetween Caterpie and Weedle?\lWhat are you, ten?",,à_traduire,
4bbf3a3d7084,scripts/viridian city/generic npc dialogue/daughter of old man.rbc,26,@talk,utf-8,Grandpa gets off on catching\nRattata in front of kids and\ldrinking in the evenings.\pHe likes to tell us he was a\ngreat man once. Don't they all?,,à_traduire,
839100869d17,scripts/viridian city/generic npc dialogue/daughter of old man.rbc,29,@talk2,utf-8,Oh goodness! Grandpa[.]\nI don't know what he did before[.]\pBut please don't let them take him\naway!,,à_traduire,
cff56ecc9796,scripts/viridian city/generic npc dialogue/daughter of old man.rbc,32,@talk3,utf-8,"Grandpa seems so grateful for what\nyou did.\pThank you, Rocket[.]\nFor setting things straight!",,à_traduire,
79e01eaf9e78,scripts/viridian city/generic npc dialogue/old man (outside gym).rbc,29,@talk,utf-8,"A red-haired lady's been coming in\nand out of the Gym here lately.\lShe's not the Leader, is she?\pIf she were, I'd sure like me a\nround against her! Hehehehe[.]",,à_traduire,
9bb13f6f47ac,scripts/viridian city/generic npc dialogue/old man (outside gym).rbc,32,@talk2,utf-8,Aw[.] darn it!\nThat old Giovanni's back[.],,à_traduire,
073c3a241e90,scripts/viridian city/generic npc dialogue/old man (outside gym).rbc,35,@talk3,utf-8,With all the drama that goes on in\nthis gym[.] Who needs TV?,,à_traduire,
92cfdba549a7,scripts/viridian city/generic npc dialogue/old man (shigeki).rbc,141,@talk,cp1252,"It's my j-- *hic!*\nMy job to teach the little[.]\pThe little youngsters how to be a\ngood Pokémon Trainer!\p[.]\pSay, do you need me to teach you\nthe basics too, young man?",,à_traduire,
8276a23c7f91,scripts/viridian city/generic npc dialogue/old man (shigeki).rbc,144,@noTalk,cp1252,"Bahahaha!\pOf course you don't, young man, or\nyou wouldn't be here!",,à_traduire,
6a7910dc63a5,scripts/viridian city/generic npc dialogue/old man (shigeki).rbc,147,@yesTalk,cp1252,"Kehehehe! Then you picked the\nwrong adventure, son!",,à_traduire,
7f12bbacabf8,scripts/viridian city/generic npc dialogue/old man (shigeki).rbc,150,@talk2,cp1252,"He-he-hey, young man! You need\nsome help catching Pokémon, do y--\p[.]\c\h08ó\n[.]\c\h08ón-now what's that, son..?",,à_traduire,
cae7d5bcd5c1,scripts/viridian city/generic npc dialogue/old man (shigeki).rbc,154,@talk3,cp1252,[.]\c\h08ó\nGiratina take me[.]\pI knew this day would come sooner\nor later[.],,à_traduire,
3a9e4f556227,scripts/viridian city/generic npc dialogue/old man (shigeki).rbc,158,@talk4,cp1252,"That's right, young man.\nMy name is Shigeki.\pAlthough it's been a decade since\nanybody called me by that name[.]",,à_traduire,
683da21ebcaf,scripts/viridian city/generic npc dialogue/old man (shigeki).rbc,162,@talk5,cp1252,"Come inside, if you would.\pYou never know who might be\nlistening in[.]",,à_traduire,
c17abf0512ff,scripts/viridian city/generic npc dialogue/poke center communist.rbc,11,@talk,cp1252,"There's a Pokémon Center in every\ntown ahead. They charge no money.\pPokémon healing for the many, not\nthe few!\pThat Lance sure cares about the\nplight of the common Trainer.",,à_traduire,
d6bb2d1942a6,scripts/viridian city/generic npc dialogue/poke center gentleman.rbc,8,@talk,utf-8,The receptionist here is so nice!\pA different story from that\nscowling girl I hear they've got\lin the Pewter Center!,,à_traduire,
780dae0d72a2,scripts/viridian city/generic npc dialogue/scared young guy.rbc,11,@talk,cp1252,"Those Poké Balls at my waist!\p[.]\pP-please let me keep them!\nI don't want any trouble, really!",,à_traduire,
3c6919bb714f,scripts/viridian city/generic npc dialogue/school text.rbc,4,@text,cp1252,"Pokémon Journal\pSpecial Feature: Prof. Oak,\nthe Pokémon Researcher!\pProf. Oak reportedly lives with his\ngrandchildren Daisy and Blue.",,à_traduire,
00223274975c,scripts/viridian city/generic npc dialogue/schoolgirl.rbc,10,@talk,utf-8,M-my mommy told me to be good and\nnever talk to the Rocket people..!,,à_traduire,
a48ab37c4c2e,scripts/viridian city/generic npc dialogue/teacher.rbc,11,@talk,utf-8,Eeek!\pWhat is a Rocket doing in our\nclass? Is nothing sacred anymore?,,à_traduire,
0b793882dbe0,scripts/viridian city/giovanni departure script.rbc,211,@arianaTalk,cp1252,"No, Giovanni!\c\h08ó\nPlease..!\c\h08ó I won't allow this..!",,à_traduire,
0999472571db,scripts/viridian city/giovanni departure script.rbc,214,@bossTalk,cp1252,"[.]\c\h08óThere's nothing you can say,\ndarling.\lLeave me be.",,à_traduire,
e5dbf8e99baf,scripts/viridian city/giovanni departure script.rbc,217,@bossTalk2,cp1252,Giovanni: [player].\c\h08ó\nYou're here at last.\pI'm ashamed you should have to see\nme like this[.],,à_traduire,
34f3ec9914de,scripts/viridian city/giovanni departure script.rbc,220,@bossTalk3,cp1252,I've been defeated in battle for\nthe very last time.\pI cannot face my followers any\nlonger.\pI've[.]\c\h08ó betrayed your trust.,,à_traduire,
2c705a9eb71a,scripts/viridian city/giovanni departure script.rbc,223,@bossTalk4,cp1252,With the last scrap of honor I\nhave left[.]\pIt's time for me to move on.\pWe've worn out our welcome in\nKanto long ago.\pI think it's best[.]\c\h08ó if this were\nthe end of Team Rocket.,,à_traduire,
edbf003c6185,scripts/viridian city/giovanni departure script.rbc,226,@bossTalk5,cp1252,[.]\pBut I don't expect all of my\nAdmins and Executives to agree.,,à_traduire,
44fb8e78e9cf,scripts/viridian city/giovanni departure script.rbc,230,@bossTalk6,cp1252,"So, [player][.]\pYou are free to keep wreaking\nhavoc on Kanto if you prefer.\pBut whatever becomes of Team\nRocket from here on out[.]\pIt will be without me at the helm.",,à_traduire,
6d93cb91c32b,scripts/viridian city/giovanni departure script.rbc,233,@arianaTalk2,cp1252,"Ariana: I-I[.]\c\h08ó\nI won't have this insanity!\pA-all our work, Giovanni!\nEverything we stood for..!\pOver some child..?",,à_traduire,
77ffd079c1cb,scripts/viridian city/giovanni departure script.rbc,236,@bossTalk7,cp1252,"Giovanni: Yes, a child, Ariana.\c\h08ó\nA child who will soon rule the\lregion[.]\pWithout the slightest bloodshed\nto his name.\pAnd what have we achieved?",,à_traduire,
ae6cf701453a,scripts/viridian city/giovanni departure script.rbc,239,@bossTalk8,cp1252,We've roused the anger and the\nsupport of those who longed back\lto the golden years of Kanto[.]\pAnd become the masters of its\ncriminal underworld.\pBut we're no closer to our ultimate\ngoal than we were ten years ago[.],,à_traduire,
987532bae765,scripts/viridian city/giovanni departure script.rbc,242,@bossTalk9,cp1252,I truly thought we had the clearest\npath to power laid out for us[.]\p[.]\pI was lying to myself the whole\ntime.,,à_traduire,
a3128c61e89a,scripts/viridian city/giovanni departure script.rbc,245,@bossTalk10,cp1252,"That kid[.]\pFrom the first I ever heard of him,\nhe made me so[.]\c\h08ó\angry[.]\pAll my violent frustration, my\nbitterness[.]\pI didn't understand why he brought\nit all out of me[.]\pDidn't understand that he was\nmaking me see, all too clearly[.]\pThe blind, stubborn weakling I had\nbecome.",,à_traduire,
1373846903a3,scripts/viridian city/giovanni departure script.rbc,248,@bossTalk11,cp1252,But I do now.\c\h08ó\nAnd so it's time for me to go.,,à_traduire,
e0854139b35c,scripts/viridian city/giovanni departure script.rbc,251,@bossTalk12,cp1252,[player].\c\h08ó\nI apologize for everything.\pTeam Rocket will not rule Kanto.\p[.]\c\h08ó\nBut perhaps[.],,à_traduire,
e82f9d1962c7,scripts/viridian city/giovanni departure script.rbc,254,@bossTalk13,cp1252,No[.]\c\h08ó\nI won't say any more for now.,,à_traduire,
7a8166711725,scripts/viridian city/giovanni departure script.rbc,257,@bossTalk14,cp1252,"Take this.\pAs a final token of my\nappreciation, [player].",,à_traduire,
189a192ca461,scripts/viridian city/giovanni departure script.rbc,260,@bossTalk15,cp1252,I had such high hopes for you.\c\h08ó\nIt makes me proud[.]\pHow far you've come since I first\ncalled you into my office all that\ltime ago[.],,à_traduire,
ec9a3e2badac,scripts/viridian city/giovanni departure script.rbc,263,@bossTalk16,cp1252,Make the best of the power and\nresponsibility I've given you.\pSo long.,,à_traduire,
53899e832ca6,scripts/viridian city/giovanni departure script.rbc,266,@silverTalk1,cp1252,"No!\c\h08ó\nCome back, you bastard..!",,à_traduire,
33166e1f0dc0,scripts/viridian city/giovanni departure script.rbc,269,@silverTalk2,cp1252,Silver: Don't you dare[.]\c\h08ó\nDon't you dare run away!\pI hate you!\pYou're the reason for everything\nthat's bad!,,à_traduire,
9f193316148e,scripts/viridian city/giovanni departure script.rbc,272,@arianaTalk3,cp1252,Ariana: [.]\c\h08ó\n(Be strong[.])\p(It's what he would have wanted[.]),,à_traduire,
8e67ba295a98,scripts/viridian city/grunt 3.rbc,11,@talk,utf-8,I'm bored of this crummy old city\nalready! I need me a good robbery!,,à_traduire,
2e4fe60d9c22,scripts/viridian city/grunt guard 1.rbc,18,@talk,utf-8,"I want to evolve my Pikachu, God\ndamn it!\pLet's raid this Mart right clean!",,à_traduire,
bb198bbb3724,scripts/viridian city/grunt guard 1.rbc,22,@guardTalk,utf-8,"We're keeping watch outside!\pIf you hear us clucking like\nchickens, you better run on out!\p[.]\nThat means the cops are comin'!",,à_traduire,
faaf9ad0cf93,scripts/viridian city/grunt guard 2.rbc,18,@talk,utf-8,You can't be a real Rocket if you\nain't ever robbed nothing before!\pLet's get this show on the road!,,à_traduire,
01a7b115a339,scripts/viridian city/grunt guard 2.rbc,22,@guardTalk,utf-8,"Get inside, quick!\nWe've got you covered here!",,à_traduire,
be30456e4c7d,scripts/viridian city/gym/ariana.rbc,102,@talk,cp1252,"Ariana: No, indeed.\nNo new challengers have shown up.\lAs I had expected.\p[.]\pOh, the child you saw earlier?\pHe's going through a tough up-\nbringing, there's no doubt[.]\pBut it's a tough world he's born\ninto, make no mistake!\p[.]\c\h08ó\n(Sigh[.])\pHe'll grow out of his rebellious\nphase soon enough.",,à_traduire,
80e5ca9fa43d,scripts/viridian city/gym/ariana.rbc,105,@talk2,cp1252,"Ariana: Huh, [player]?\nYou got a fake Trainer Card?\pAnd now you want to challenge[.]\nthe Viridian Gym Leader?\pArgh, quit your messing around!\pWe've got more important things to\nworry about!\p[.]\pMaybe sometime down the line, all\nright?",,à_traduire,
389798afbc44,scripts/viridian city/gym/ariana.rbc,108,@postBossTalk,cp1252,"Ariana: [.]\c\h08ó\nI knew it.\pI knew it'd be you he gave that\nrank to before he ran away.\p[.]\pHmph!\c\h08ó\nBut rest assured, [player][.]\pWhatever accolades Giovanni wanted\nto heap on you[.]\pYou are not my Boss.\c\h08ó\nI don't have one anymore.",,à_traduire,
d63ad913658b,scripts/viridian city/gym/ariana.rbc,111,@postBossTalk2,cp1252,For now I must[.]\c\h08ó\nGuard the Gym he left behind[.]\pAnd after that..?\c\h08ó\nI don't want to think about it.,,à_traduire,
d3b4797ded37,scripts/viridian city/gym/ariana.rbc,114,@hasCardTalk,cp1252,"What?!\c\h08ó\nThat Trainer Card[.]\lYOU want to challenge me?\p[.]\c\h08ó\nHow pathetic[.]\pLook, I'll give you this[.]\pIf you're serious about this gym\nfraud of yours[.]\pGo beat the other Leaders first.\pThen I'll humor your silly hobbies\nas much as you like.",,à_traduire,
ad6640eb8429,scripts/viridian city/gym/ariana.rbc,117,@challengeTalk,cp1252,"Ariana: So you've taken them all\nout..?\pThe other Gym Leaders.\pWell then, ""Mr. Smith""[.]\c\h08ó\nLet's see what you've got.\pI always knew that to earn my place\nby Giovanni's side I had to keep\lmy Pokémon in peak condition[.]\pAnd to show no mercy to anyone.\c\h08ó\n[.]you are no exception!\c\h0BéÀ",,à_traduire,
fd3d0812ae0f,scripts/viridian city/gym/ariana.rbc,120,@winTalk,cp1252,"All right, [player].\pTake that precious Earthbadge if\nyou must!\n\c\h17\c\h0BÇÀ\c\h08\n\c\h08[Ke]\c\h18",,à_traduire,
8e6463de5005,scripts/viridian city/gym/ariana.rbc,123,@stolenTalk,cp1252,"[.]!\c\h08ó\nI should've seen that coming..!\pWe've truly descended into anarchy,\nhaven't we..?\p[.]\c\h08ó\nStealing from one another?\pWell[.]",,à_traduire,
7e7b10f4fab0,scripts/viridian city/gym/ariana.rbc,126,@notStolenTalk,cp1252,"It's clear, then[.]\pI'm no more able to defend myself\nthan he was[.]\pTruly[.]",,à_traduire,
6fd0534aa527,scripts/viridian city/gym/ariana.rbc,129,@finalTalk,cp1252,"If I needed a sign to tell me it\nwas time to move on, you've given\lit to me, [player].\pI must go[.]\c\h08ó\nFollow Giovanni's example[.]\pFinish the work he started[.]\p[.]\c\h08ó\nTo the end and beyond[.]",,à_traduire,
c5870028f787,scripts/viridian city/gym/black market.rbc,241,@talk,cp1252,"Howdy there, pretty boy. Welcome\nto the Pokémon black market.\pGot any stolen Pokémon you'd like\nto sell?",,à_traduire,
c103f240156d,scripts/viridian city/gym/black market.rbc,244,@noTalk,cp1252,"Then what you wasting my time for?\nI ain't messing about here!\pCome back with a nice, big juicy\ncreature and we'll talk.",,à_traduire,
3e076c79b50c,scripts/viridian city/gym/black market.rbc,247,@errorTalk,cp1252,"What you doing messing with me?!\pYou only got one Pokémon left, you\nugly piece of trash!\pYou want to get big black question\nmarks floating around, or what?!",,à_traduire,
88a3544728e9,scripts/viridian city/gym/black market.rbc,250,@missingnoTalk,cp1252,"What in the googly good heavens\nis that pixelated freak?!\pMy dealers ain't going to want\nnothing to do with that!\pGive me a Pokémon with a face, why\ndon't ya?!",,à_traduire,
c1ce89255420,scripts/viridian city/gym/black market.rbc,253,@selectTalk,cp1252,Now we're talking.\nLet's see that little sucker.,,à_traduire,
e8c86582b7fe,scripts/viridian city/gym/black market.rbc,256,@moneyOfferEven,cp1252,"All right, pretty boy, I'll give\nyou [$][buffer1],000 for this [buffer2].",,à_traduire,
952c774ec117,scripts/viridian city/gym/black market.rbc,259,@moneyOfferHalf,cp1252,"All right, pretty boy, I'll give\nyou [$][buffer1],500 for this [buffer2].",,à_traduire,
8221623f4b9d,scripts/viridian city/gym/black market.rbc,262,@moneyOffer500,cp1252,"All right, pretty boy, I'll give\nyou [$]500 for this [buffer2].",,à_traduire,
33d0cf195084,scripts/viridian city/gym/black market.rbc,265,@pkmnDeleted,cp1252,[player] sold [buffer2] on the\nblack market.,,à_traduire,
f9d8dbb088d1,scripts/viridian city/gym/black market.rbc,268,@postSaleTalk,cp1252,Hey!\nThat's what I call a deal!,,à_traduire,
ce00b3f5dca2,scripts/viridian city/gym/black market.rbc,271,@noSaleTalk,cp1252,"Oy, you stinking no-good cheater!\nThis is the deal of a lifetime!",,à_traduire,
a20e4c1a6108,scripts/viridian city/gym/bounty reward guy.rbc,197,@introTalk,cp1252,"Hey there, man. Listen up!\nYou've come to the right place.\pI'm tired of seeing all of these\nRockets cowering in fear at\lLance's new anti-crime measures,\lgoing all soft and refraining from\lstealing Pokémon just so people on\lthe street won't be mean to them.\pI say screw that! Let's bring\nTeam Rocket back to its roots!\pThat's why I'm setting up shop\nhere-- to reward the biggest and\lbaddest Rockets for keeping our\lname notorious throughout Kanto!\pThe higher the bounty on your\nhead, the greater the reward I'll\lgive you!",,à_traduire,
454c6c1a6071,scripts/viridian city/gym/bounty reward guy.rbc,201,@introTalk2,cp1252,"Well, what's your name?\c\h08ó\n[.][player]?\pI'll look you up in the police\nregistry to see if you're worthy\lof our respect.",,à_traduire,
3d33d9513781,scripts/viridian city/gym/bounty reward guy.rbc,205,@regularTalk,cp1252,"Hey, man! Been stealing a lot of\ninnocent Trainers' Pokémon lately?\p[.]\c\h08ó\n[player], is it? Let me see[.]",,à_traduire,
f850df77a954,scripts/viridian city/gym/bounty reward guy.rbc,208,@gt60talk,cp1252,"Holy moly!\c\h08ó\n[$][buffer1],000?!\p[.]\c\h08ó\nDude, I'm[.] humbled.\pYou've got to be one of the most\nvaluable Rockets we've got, man[.]\pAs thanks for your bringing so\nmuch notoriety back to Team\lRocket, I'll give you our most\lprized possession.\pI know it couldn't be in better\nhands!",,à_traduire,
1dd135df87ec,scripts/viridian city/gym/bounty reward guy.rbc,212,@gt40talk,cp1252,"Well, I'll be damned!\c\h08ó\n[$][buffer1],000? Wow.\pDude, you've got to be one of the\nmost badass people we've got!\pWoe is the poor Trainer who dares\nmess with you, my man!\pThanks for helping us bring back\nTeam Rocket's reputation.",,à_traduire,
4d4a20903385,scripts/viridian city/gym/bounty reward guy.rbc,215,@gt20talk,cp1252,"Oh, [$][buffer1],000!\c\h08ó\nI'm impressed.\pYou really don't give a flying\nyou-know-what, do you?\pHaha!\nI like you, bud.\pWe need more tough guys like you\naround here.",,à_traduire,
188a897f4f3b,scripts/viridian city/gym/bounty reward guy.rbc,219,@gt10talk,cp1252,"Hmmm[.] [$][buffer1],000.\c\h08ó\nThat's respectable.\pYou're no crazy renegade, but\nyou're on the right track!\pKeep it up, dude, and don't let\nnobody fool you with childish\ldelusions of morality!\pMight is right in the gangster\ngame, ya hear?",,à_traduire,
a6fc9c5e8625,scripts/viridian city/gym/bounty reward guy.rbc,223,@notBadTalk,cp1252,"Hmm[.] [$][buffer1],000?\c\h08ó\pWell, that's hardly anything to\nbrag about.\pI say quit being a little wussy\nand get stealing some more, pal!\pI'll have some goodies for you\nhere if you do.",,à_traduire,
b754598a20ae,scripts/viridian city/gym/bounty reward guy.rbc,227,@innocentTalk,cp1252,"What?\c\h08ó But there's no bounty on\nyour head at all!\pWhat's the matter, little buddy?\nScared of the cops?\c\h08ó Wah-wah.\pGeez, quit wasting my time and\nget stealing, man! C'mon!",,à_traduire,
58e605d50843,scripts/viridian city/gym/bounty reward guy.rbc,231,@noRoomTalk,cp1252,"But you haven't got any room for\nthis! Make some, c'mon!",,à_traduire,
4bcaea20ff11,scripts/viridian city/gym/bounty reward guy.rbc,234,@itemTalk,cp1252,"Here. Take this.\nYou've darn well earned it, man.",,à_traduire,
82ed255ca6a4,scripts/viridian city/gym/bounty reward guy.rbc,238,@extraTalk1,cp1252,"And take this too, if you would.",,à_traduire,
296ea28cce37,scripts/viridian city/gym/bounty reward guy.rbc,241,@extraTalk2,cp1252,"Oh, and this too.",,à_traduire,
996eab6d3099,scripts/viridian city/gym/bounty reward guy.rbc,245,@extraTalk3,cp1252,I want you to have this too.,,à_traduire,
f326750bf21f,scripts/viridian city/gym/bounty reward guy.rbc,250,@itemMsg,cp1252,[player] received the [buffer2]!,,à_traduire,
27190d0093eb,scripts/viridian city/gym/bounty reward guy.rbc,255,@putAway,cp1252,[player] put the [buffer2]\nin the Items pocket.,,à_traduire,
4eb1d5314782,scripts/viridian city/gym/bounty reward guy.rbc,258,@noMoreTalk,cp1252,"Haha!\nWhat's good, [player]?\pI've nothing more to give you in\nreturn for being a badass, sorry!\pBut keep on truckin'!",,à_traduire,
496cb186357e,scripts/viridian city/gym/cooltrainer 1.rbc,19,@talk,utf-8,Ooh yeah.\nLooking cool and camouflaged.,,à_traduire,
ae6ab57409f2,scripts/viridian city/gym/cooltrainer 1.rbc,22,@talk2,utf-8,Damn it[.]\nIs Team Rocket done for now?\p[.]I guess I should have stayed\nin school.,,à_traduire,
14d724b5e1c7,scripts/viridian city/gym/cooltrainer 2.rbc,19,@talk,utf-8,You're ten thousand light years\naway from facing Giovanni!\p[.]\pHmmm[.]\nHow does that line sound?,,à_traduire,
030ca8f088a1,scripts/viridian city/gym/cooltrainer 2.rbc,22,@talk2,utf-8,"Wait[.]\pNow the game is up, do I have to\nget rid of my Cooltrainer outfit?\pAnd here people were starting to\nshow me respect for once[.]",,à_traduire,
54d7f3075737,scripts/viridian city/gym/female grunt.rbc,33,@talk,utf-8,"Gosh, I wish some strong Trainer\nor other could pop on by and give\lus something to do here!\pJust sitting around and waiting is\nboring as all hell, you know?",,à_traduire,
f153ac8ccb08,scripts/viridian city/gym/female grunt.rbc,36,@talk2,utf-8,"C'mon[.]\pHow strong can this Red twerp\nreally be?\pLet's just load up on Hyper\nPotions, everyone!",,à_traduire,
279c1aa7254e,scripts/viridian city/gym/female grunt.rbc,39,@talk3,utf-8,"Giovanni said you're the only\nRocket who stands a chance against\lthe Elite Four.\p[.]What's so special about you,\nanyway?",,à_traduire,
12cac42c26f2,scripts/viridian city/gym/female grunt.rbc,43,@talk4,utf-8,"Huh? You beat Red and Prof. Oak?\nWow, good job!\p[.]\pBut then, come to think of it[.]\nWhat are you going to do now..?",,à_traduire,
b394ec573220,scripts/viridian city/gym/giovanni.rbc,11,@talk,cp1252,"Giovanni: Hello, [player].\pI'm sorry to say I don't have a\nnew mission for you yet.\pStay strong and make them fear us\nin the streets!\pAnd if crisis comes[.]\c\h08ó\nI'll call on you.\p[.]\pDon't you worry, [player][.]\c\h08ó\nWe'll make it through this yet.",,à_traduire,
2363d1dd699c,scripts/viridian city/gym/grunt 1.rbc,26,@talk,cp1252,"Talk about a boring place to be\nstationed out!\pI want to be where the action\nhappens, you know?",,à_traduire,
317826bcd585,scripts/viridian city/gym/grunt 1.rbc,29,@talk2,cp1252,"If that Red kid comes this way,\nI'll knock him right out!\pHe'll remember this Rocket Grunt\nforever, you can count on it!",,à_traduire,
6ab496a140f4,scripts/viridian city/gym/grunt 1.rbc,32,@talk3,cp1252,"Man, now Team Rocket's coming to\nan end, I can see my past bigotry!\pI once called Jigglypuff a\n""gay little Pokémon"", you know.\pCan you imagine? Just because\nthey're pink and feminine!\pBut now I've seen the light and\nI realize[.]\pSome of them might be trannies too!\nI shouldn't assume!",,à_traduire,
ba8ce54fb5d5,scripts/viridian city/gym/grunt 2.rbc,15,@talk,utf-8,"I hear some of the grunts here are\norganising some kind of heist.\pI mean, I could use some more\naction, but I don't know if I'm\lquite cut out for that stuff!",,à_traduire,
5c0feae19532,scripts/viridian city/gym/grunt 2.rbc,28,@talk2,utf-8,"Hey, if I were you, bud[.]\pI'd make the most of my bounty\nnow while I can!\pIf we're getting a new Champion,\nwho knows if we'll get any rewards\lfor being good or bad, I say!",,à_traduire,
41a9aeeef5ab,scripts/viridian city/gym/grunt 2.rbc,31,@talk3,utf-8,"Well, that was it, then[.]\nGood game!\p[.]\pWhat the hell are we all still\nstanding around here for?",,à_traduire,
99369d2040ff,scripts/viridian city/gym/grunt 3.rbc,19,@talk,cp1252,"Yo, a friend of mine just outside\nis planning to rob the Poké Mart!\pIf you think you're bad enough for\nit, come join us!",,à_traduire,
04df10680554,scripts/viridian city/gym/grunt 3.rbc,22,@talk2,cp1252,"Well, if this is the end for us[.]\nI guess it's time to become a real\lTrainer, huh?\pI heard the Gym Leader in Fuschia\nmakes perfectly forged Trainer\llicenses.\pThe way things are looking[.]\pI'd rather go that route than keep\nlounging around here without Boss!",,à_traduire,
a7edceeb4aa8,scripts/viridian city/gym/gym guy.rbc,19,@talk,utf-8,"Hey!\nChamp in the making!\pI totally, definitely, one hundred\npercent DO NOT KNOW who Viridian's\lGym Leader is!\pI have NO INVOLVEMENT with this\nperson, and he does not represent\lthe views of the Indigo League!\p[.]\pWhat's up?\nJust practicing.",,à_traduire,
81804440c8cd,scripts/viridian city/gym/gym guy.rbc,22,@talk2,utf-8,"Hmm[.]\nI don't trust you, Mr. Pink guy.\pBut hey-- as long as there's no\ncut in my salary, you guys can make\la Magikarp boss for all I care!",,à_traduire,
2bbc4ad73746,scripts/viridian city/gym/gym plaque.rbc,25,@text,cp1252,Viridian Pokémon Gym\nLeader: ?\pWinning Trainers:,,à_traduire,
70e51cd0d195,scripts/viridian city/gym/gym plaque.rbc,28,@text2,cp1252,"Viridian Pokémon Gym\nLeader: ?\pWinning Trainers:\nBlue, Red",,à_traduire,
28dd0ae6f937,scripts/viridian city/gym/gym plaque.rbc,31,@text3,cp1252,"Viridian Pokémon Gym\nLeader: ?\pWinning Trainers:\nBlue, Red, Mohammed Smith",,à_traduire,
100b21c12652,scripts/viridian city/gym/karate man.rbc,20,@talk,utf-8,"Man, I'm digging this new costume!\nNobody'll suspect I'm a Rocket!\p[.]\pMakes me think about why we didn't\ndo this all along[.]",,à_traduire,
e008ca48dd2e,scripts/viridian city/gym/karate man.rbc,23,@talk2,utf-8,"Huh..?!\nYou're the new Boss?\pHey, now..!\pIt's going to take a lot to\nconvince me you're as cool as\lGiovanni!",,à_traduire,
282b24b4afa9,scripts/viridian city/gym/mart seller.rbc,18,@what,utf-8,"Well? What do you want, pal?",,à_traduire,
d3db45e0f7a3,scripts/viridian city/gym/mart seller.rbc,21,@goodBye,utf-8,"Yeah, get outta here, why don't\nya?",,à_traduire,
967154ac5fab,scripts/viridian city/gym/petrel.rbc,25,@talk,cp1252,"Petrel: Well hello there,\n[player].\pBoss suspended field missions to\nconcentrate on mobilizing the Gym.\pI never thought, when I first heard\nabout that kid up on Mt. Moon[.]\pThat he'd bring us to this point.\n[.]did you, [player]?",,à_traduire,
17bf77efb94c,scripts/viridian city/gym/petrel.rbc,28,@talk2,cp1252,"Petrel: Well, now!\nDo I laugh or cry, [player]?\pI guess you really got in close\nwith Giovanni[.]\pFor him to give you a promotion\nlike that.\pNot that it means much anymore[.]\p[.]\c\h08ó\nHmm?\pHe told you to follow Red up to the\nElite Four and challenge them?\pThat would be quite the challenge,\neven for you.\pBut if that's what he wanted[.]\c\h08ó\nI suggest you follow his command.",,à_traduire,
57226d6eb13a,scripts/viridian city/gym/petrel.rbc,31,@talk3,cp1252,"Petrel: You really did it, eh,\n[player]?\pCongratulations.\n\c\h08óJust between the two of us[.]\pI didn't think it would ever happen\nwhen I first told you, but[.]\pI think you did rise to become as\npowerful as me.",,à_traduire,
3572a927dd49,scripts/viridian city/gym/proton.rbc,26,@talk,cp1252,"Proton: Still around, are you?\pThe way this Red kid has ruined my\nschedule really gets on my nerves.\pLet's knock him out quick and get\nthings back to normal already.",,à_traduire,
07aa7a125b21,scripts/viridian city/gym/proton.rbc,29,@talk2,cp1252,"Proton: Hmph!\nWhat a joke.\pI won't be caught dead calling you\n""Boss"", rest assured.\p[.]\pAnd Giovanni sent you to take on\nthe Elite Four, now?\pGo ahead[.]\c\h08ó I've got other plans in\nmind for Team Rocket[.]",,à_traduire,
44cf3eb49f78,scripts/viridian city/gym/proton.rbc,32,@talk3,cp1252,"Proton: Well, then. So you did it.\nHow was jail?\p[.]\pIt's no use sticking around here\nmuch longer, sorry to say.\pI'll have a word with Archer and\nwe'll make our own plans[.]",,à_traduire,
603ccdbcaf6c,scripts/viridian city/gym/tamer.rbc,18,@talk,utf-8,"Is this costume supposed to make\nme look like a Tamer, a shopkeeper\lor a whipped boyfriend?\pYou can't tell from this angle,\ncan you?\p[.]\pNeither can I!",,à_traduire,
b830e3f70a20,scripts/viridian city/gym/tamer.rbc,21,@talk2,utf-8,Hmph!\pI'm not going to start taking\norders from a punk like you!\pG-give us back Giovanni..!\n(Snivel[.]),,à_traduire,
e668ed5941a2,scripts/viridian city/main mart robber grunt.rbc,77,@notBadEnoughTalk,cp1252,"Hey, do you know what sucks about\nbeing a real badass criminal?\p[.]\pAll these Poké Marts just flat re-\nfuse to sell me Balls and Potions!\pAnd don't get me started on not\ngetting my evolutionary stones!\pI got Growlithe; I got Poliwhirl\ntoo, you know what I'm saying?\pI'm gettin' together a pack of the\nmost notorious Rockets we got and\lwe'll do something about it!\p[.]\pHmm[.]\c\h08ó\n[player]?\pYeah, you're not quite bad enough,\nI'm thinking.\pGet yourself a bounty of at least\n[$]120,000 and come see me again.",,à_traduire,
454a8c023699,scripts/viridian city/main mart robber grunt.rbc,80,@startQuestTalk,cp1252,"Hey, you're the infamous\n[player], ain't ya?\pThe Rocket with a bounty on him\nfor [$][buffer1],000?\pDude, rock on.\pLook, you must be as tired as we\nare of not gettin' to buy items\lfrom the Poké Marts anymore.\pI dunno about you, but we've had\nenough of that crap!\pWe're robbing the Viridian City\nPoké Mart, man!\c\h08ó [.]Are you in?",,à_traduire,
d2d5a72f712c,scripts/viridian city/main mart robber grunt.rbc,84,@saidYesTalk,cp1252,"Wooo-hooo!\nLet's get 'em, boys!\lFollow me!",,à_traduire,
bc896236bd35,scripts/viridian city/main mart robber grunt.rbc,88,@noTalk,cp1252,"Oh, you little sissy[.]\pWell, suit yourself.\nMore goodies for the rest of us.",,à_traduire,
2dc9b51bfbf7,scripts/viridian city/main mart robber grunt.rbc,92,@postRobberyTalk,cp1252,"How's it going, my man?\pRobbin' and thievin' like a real\nRocket should? Haha!",,à_traduire,
071059729960,scripts/viridian city/poke mart/jynx.rbc,15,@talk,utf-8,Jynx: Jinga joonga juu!,,à_traduire,
76f61764ece9,scripts/viridian city/poke mart/koffing.rbc,14,@talk,utf-8,Koffing: Kof-kof-koo!,,à_traduire,
0d42116d3e9e,scripts/viridian city/poke mart/mart boy.rbc,14,@robberyTalk,utf-8,"Oh, Rocket, please don't kill me!\pI would give you all my favorite\nshorts if you'd just let me be!",,à_traduire,
0e26e9661f4e,scripts/viridian city/poke mart/mart counter (in robbery).rbc,287,@robberyTalk,cp1252,"I-I can't believe this is\nhappening!\pMy manager trained me for this\nsituation, you know!\pAll right, Bob[.]\c\h08ó\nDo as they taught you[.]\pGotta quell that fear[.]\c\h08ó\nReach into the emergency drawer[.]\pGet those earmarked Poké Balls[.]\c\h08ó\nAnd[.]\c\h08ó and[.]\p[.]\pWahh!\c\h08ó\nI'm scared!",,à_traduire,
c60c387b796c,scripts/viridian city/poke mart/mart counter (in robbery).rbc,290,@defeatTalk,cp1252,I wasn't prepared for this!,,à_traduire,
cb1307d636a3,scripts/viridian city/poke mart/mart counter (in robbery).rbc,294,@leaderTalk,cp1252,"Well, you got a lot of guts,\nhaven't you, pal?\pLet's teach this guy a lesson,\nRaticate!",,à_traduire,
7d8f48ba64b9,scripts/viridian city/poke mart/mart counter (in robbery).rbc,298,@robberyTalk2,cp1252,"Aaaah!\nP-please don't hurt me!\pLook, we don't have much in\nstorage, but I can get you some of\lthe premium items we keep for the\lstrongest Trainers[.]",,à_traduire,
fd01c894a253,scripts/viridian city/poke mart/mart counter (in robbery).rbc,302,@leaderTalk2,cp1252,"Well, hurry it the hell up, then!\pAnd don't forget to empty that\ncash register too!",,à_traduire,
686262ccedb2,scripts/viridian city/poke mart/mart counter (in robbery).rbc,305,@leaderTalk3,cp1252,"Hey, [player][.]\pSince you handled that little\nfunnyman over there, I'll let you\lhave your share first.\pTake any two items you want, man.\nWe'll sort out the rest.",,à_traduire,
5e0594860cb4,scripts/viridian city/poke mart/mart counter (in robbery).rbc,309,@robberyTalk3,cp1252,"All right[.]\pTh-this is all the premiums we\nhave, okay?",,à_traduire,
df1b15f0a461,scripts/viridian city/poke mart/mart counter (in robbery).rbc,313,@steal1,cp1252,Steal which Item first?,,à_traduire,
15f2d5ac85a9,scripts/viridian city/poke mart/mart counter (in robbery).rbc,316,@steal2,cp1252,Steal which Item next?,,à_traduire,
a5e41d1330c0,scripts/viridian city/poke mart/mart counter (in robbery).rbc,321,@noRoomTalk,cp1252,"Er[.] Y-you've no room for that,\nyou know!\pYou'll have to toss something\naway before you can take it..!",,à_traduire,
43643c6d4f93,scripts/viridian city/poke mart/mart counter (in robbery).rbc,325,@thunderStoneText,cp1252,[player] stole a Thunderstone\nfrom the Poké Mart!,,à_traduire,
143c0daef808,scripts/viridian city/poke mart/mart counter (in robbery).rbc,328,@waterStoneText,cp1252,[player] stole a Water Stone from\nthe Poké Mart!,,à_traduire,
f76b0170eb10,scripts/viridian city/poke mart/mart counter (in robbery).rbc,332,@fireStoneText,cp1252,[player] stole a Fire Stone from\nthe Poké Mart!,,à_traduire,
eab539c11858,scripts/viridian city/poke mart/mart counter (in robbery).rbc,336,@ultraBallText,cp1252,[player] stole 20 Ultra Balls\nfrom the Poké Mart!,,à_traduire,
d969acf93b69,scripts/viridian city/poke mart/mart counter (in robbery).rbc,340,@fullRestoreText,cp1252,[player] stole 15 Full Restores\nfrom the Poké Mart!,,à_traduire,
4c19dddca85f,scripts/viridian city/poke mart/mart counter (in robbery).rbc,344,@cashText,cp1252,"[player] stole [$]10,000 from\nthe Poké Mart!",,à_traduire,
02f7c9134a84,scripts/viridian city/poke mart/mart counter (in robbery).rbc,348,@leaderTalk4,cp1252,Joey!\pGet your fat ass over here and\nhelp me with the rest!,,à_traduire,
b3245ca79f95,scripts/viridian city/poke mart/mart counter (in robbery).rbc,353,@leaderTalk5,cp1252,"Well, then!\pPleasure doing business with you,\nlittle sissy-face.\pYou make sure to write your\nmanager a report so he knows just\lhow much your emergency training\lhelped you today, won't you?",,à_traduire,
00ebc1e00aed,scripts/viridian city/poke mart/mart counter (in robbery).rbc,357,@leaderTalk6,cp1252,[.]\c\h08ó\nAdios!,,à_traduire,
5d18d2a73dde,scripts/viridian city/poke mart/mart counter (in robbery).rbc,360,@postRobberyTalk,cp1252,And here I always thought rob-\nberies were the kind of thing that\lonly happened to other people[.],,à_traduire,
b7db53488a80,scripts/viridian city/poke mart/mart girl.rbc,14,@robberyTalk,utf-8,"Oh, I know I shouldn't have gone\nto the Mart just today[.]\pWhat do I need those Antidotes\nfor, anyway..?",,à_traduire,
3b4df95fb9e5,scripts/viridian city/poke mart/mart leaveblocker.rbc,17,@talk,utf-8,"Hey, [player]!\nWhere the hell are you off to?\pGo up to the counter and get us\nthose goods!",,à_traduire,
124b7589199b,scripts/viridian city/poke mart/mart robbery level script.rbc,65,@talk,cp1252,"All right[.]\nLadies, gentlemen[.]",,à_traduire,
092c5d7fa39a,scripts/viridian city/poke mart/mart robbery level script.rbc,68,@talk2,cp1252,Everybody down on the floor!\c\h08ó\nThis is a robbery!,,à_traduire,
1033b165fa2d,scripts/viridian city/poke mart/mart robbery level script.rbc,71,@talk3,cp1252,"If y'all would just stay cool, and\nrefrain from any rash moves,\lnobody has to suffer any harm!\pHehehe[.]\c\h08ó\n(Well, nothing too bad, anyway[.])",,à_traduire,
178279a003ba,scripts/viridian city/poke mart/mart robbery level script.rbc,75,@talk4,cp1252,[player]! You run up to the counter\nand get the goods!\pWe'll make sure nobody tries any\nfunny business in the meantime!,,à_traduire,
19bfea00d760,scripts/viridian city/poke mart/raticate.rbc,14,@talk,utf-8,Raticate: Sniff-sniff! Ratta!,,à_traduire,
3df1c159422d,scripts/viridian city/poke mart/robbery accomplice.rbc,12,@talk,utf-8,"You better believe I'll have my\nKoffing gas you right up if you\ltry anything dodgy, little girl!",,à_traduire,
55a88a22e9aa,scripts/viridian city/poke mart/robbery leader.rbc,13,@talk,utf-8,"Hey, we got your back, man.\pGo up to the counter and get us\nthose goods, now!",,à_traduire,
62bedba8f9cb,scripts/viridian city/poke mart/robbery multichoices.rbc,4,@thunderstone,utf-8,Thunderstone,,à_traduire,
f155b529036c,scripts/viridian city/poke mart/robbery multichoices.rbc,7,@waterStone,utf-8,Water Stone,,à_traduire,
4d89375b0808,scripts/viridian city/poke mart/robbery multichoices.rbc,10,@fireStone,utf-8,Fire Stone,,à_traduire,
923ba7696372,scripts/viridian city/poke mart/robbery multichoices.rbc,13,@ultraBalls,utf-8,20 Ultra Balls,,à_traduire,
f4c45f91e354,scripts/viridian city/poke mart/robbery multichoices.rbc,16,@fullRestores,utf-8,15 Full Restores,,à_traduire,
88a78609821f,scripts/viridian city/poke mart/robbery multichoices.rbc,19,@cash,utf-8,"[$]10,000 cash",,à_traduire,
968f2551ffc9,scripts/viridian city/policeman.rbc,367,@standardIntro,cp1252,"My, my, what have we here?\nA Rocket bandit in the flesh!",,à_traduire,
5ef35acb300b,scripts/viridian city/policeman.rbc,370,@preItemTalk,cp1252,"I'm to give you this Lucky Egg if\nyou keep your record clean for\llong enough, so keep it cool!\p[player], is it?\c\h08ó\nWell, let me see here[.]",,à_traduire,
1711ff72a846,scripts/viridian city/policeman.rbc,374,@postItemTalk,cp1252,"[player], is it?\c\h08ó\nWell, let me see here[.]",,à_traduire,
efd23d6b7fd9,scripts/viridian city/policeman.rbc,385,@vBadTalk,cp1252,"My goodness!\c\h08ó Y-you're one of the\nmost infamous criminals in Kanto!\pThe price on your head is a\nwhooping [$][buffer1],000!\pGrr[.] what could you possibly want\nwith me, you filthy outlaw?!\pIt will take a lot more than a\ncouple of Pokémon trades to atone\lfor your sins, I'll tell you!",,à_traduire,
21a32e4e4aba,scripts/viridian city/policeman.rbc,389,@vBadText,cp1252,[blue_fr][.]well?,,à_traduire,
4648583dceb9,scripts/viridian city/policeman.rbc,393,@pBadTalk,cp1252,"Oh, my!\nYou're quite the villain!\pThe bounty on your head stands at\n[$][buffer1],000!\pThat's nothing to joke about, son.\pUnless you plan to spend the rest\nof your days in jail, I suggest\lyou change your ways soon, before\lit's all too late!",,à_traduire,
4e266f99eb61,scripts/viridian city/policeman.rbc,397,@pBadText,cp1252,[blue_fr]How can I help you t[blue_fr]urn things\n[blue_fr]around?,,à_traduire,
f6937fcca62c,scripts/viridian city/policeman.rbc,401,@mBadTalk,cp1252,"Hm[.] Well, I've seen worse in my\ndays, but you're on a dangerous\lpath, Rocket!\pThe bounty on your head stands at\n[$][buffer1],000.\pCome back into the light while you\nstill can!",,à_traduire,
cbb940f99a13,scripts/viridian city/policeman.rbc,405,@mBadText,cp1252,[blue_fr]What can I help you [blue_fr]with?,,à_traduire,
64bf83ee33d5,scripts/viridian city/policeman.rbc,408,@nBadTalk,cp1252,"Well, you're not so bad, are you?\pThe bounty on your head is a mere\n[$][buffer1],000.\pOh, a few slip-ups here and there\nhappen to the best of us, right?\pI'm glad you came to me to set\nthings straight again[.]\c\h08ó right?",,à_traduire,
771651a59792,scripts/viridian city/policeman.rbc,413,@nBadText,cp1252,"[blue_fr]What can I do for yo[blue_fr]u, son?",,à_traduire,
59ae7b3e4d44,scripts/viridian city/policeman.rbc,417,@iTalk,cp1252,"Oh, wow! What's this? There's no\nbounty on your head at all!\pThat's what I like to see.\pThe moral road is a narrow one,\nbut you walk it all the same!",,à_traduire,
306231cd78fb,scripts/viridian city/policeman.rbc,420,@itemTalk,cp1252,"I like you, son.\pHere is a token of appreciation\nfrom the government for embracing\lyour new life as a law-abiding\lcitizen!",,à_traduire,
6ff8930c05b0,scripts/viridian city/policeman.rbc,424,@notYetItem,cp1252,"Keep up this behavior, and this\nLucky Egg will be yours before\llong.",,à_traduire,
a28ff4767dca,scripts/viridian city/policeman.rbc,429,@noRoomTalk,cp1252,"Why, but you've no space left for\nit, do you? Make some room!",,à_traduire,
e0cc11c15621,scripts/viridian city/policeman.rbc,433,@itemMsg,cp1252,[player] received the Lucky Egg\nfrom the policeman!,,à_traduire,
e2e89b206ea1,scripts/viridian city/policeman.rbc,439,@putAway,cp1252,[player] put the Lucky Egg in the\nItems pocket.,,à_traduire,
c4c1292acaf8,scripts/viridian city/policeman.rbc,445,@itemAlreadyGot,cp1252,"Go seek out the officers in the\nother cities, son.\pIf you keep up your good behavior,\nthey'll reward you as I have!",,à_traduire,
97ee7880d7db,scripts/viridian city/policeman.rbc,449,@1pokeMsg,cp1252,But[.] surely you can't turn in\nyour only Pokémon?\pThat would cause all sorts of\nweird question marks and humbug.\pI'm not having it!,,à_traduire,
0c62a081490b,scripts/viridian city/policeman.rbc,453,@handInTalk,cp1252,"Fair enough!\pYou hand in one of your stolen\nPokémon to me, and we agree to\llower the bounty on your head in\lproportion to the Pokémon's level.",,à_traduire,
be5e9b088091,scripts/viridian city/policeman.rbc,456,@handInTalk1.5,cp1252,"The bounty on you is [$][buffer1],000.\nWhich Pokémon will you hand in?",,à_traduire,
902073b04704,scripts/viridian city/policeman.rbc,461,@handInTalk2,cp1252,"Fine. I'll lower your bounty by\n[$][buffer1],000 for this [buffer2].",,à_traduire,
7d821421f3ef,scripts/viridian city/policeman.rbc,464,@pkmnDeleted,cp1252,[player] turned [buffer2] in to the\npoliceman.,,à_traduire,
86702b101c1f,scripts/viridian city/policeman.rbc,468,@postDeletion,cp1252,"You made the right choice, Rocket.\nCongratulations.\pYour bounty has now been lowered\nto [$][buffer1],000.\pKeep it up and you'll be a free\nman in no time at all!",,à_traduire,
5f772757ae93,scripts/viridian city/policeman.rbc,472,@noMoreBounty,cp1252,"Well, I'll be!\nYou did the right thing, Rocket.\pYour bounty has now been\ncompletely wiped.\pIt touches me to see that I could\nhelp you become a free man again!",,à_traduire,
1a0e9066d013,scripts/viridian city/policeman.rbc,476,@bribeTalk,cp1252,"What's that?\c\h08ó\nMy god! The idea!\pI am unwavering in my adherence to\nmy moral principles, I assure you!\p[.]\c\h08ó\n(Shh[.] not so loud, now.)",,à_traduire,
36d44870e64c,scripts/viridian city/policeman.rbc,479,@howMuch,cp1252,"(How much are we talking?)\n(The bounty is [blue_fr]at [$][buffer1],000[blue_fr].)",,à_traduire,
cb57acd4f94b,scripts/viridian city/policeman.rbc,483,@noMoneyTalk,cp1252,"Gah!\p(Come back when you actually have\nthe money, and we'll talk!)",,à_traduire,
8d335b4eb713,scripts/viridian city/policeman.rbc,487,@postBribeTalk,cp1252,"Mmmm!\pWell, in times like these[.]\nwhat can you do..?\p(Your bounty has been lowered to\n[$][buffer1],000, all right?)\p(But remember, son-- I sure as\nheck didn't do it!)",,à_traduire,
f8a6ef84701a,scripts/viridian city/policeman.rbc,491,@postBribeTalk2,cp1252,"Mmmm!\pWell, in times like these[.]\nwhat can you do..?\p(The bounty on your head has now\nbeen completely wiped.)\p(But I know nothing about it,\nyou hear me?)",,à_traduire,
9af316014799,scripts/viridian city/policeman.rbc,495,@goodBye,cp1252,"No? Well, have it your way.\nGood day, Rocket.",,à_traduire,
00c64001e0ca,scripts/viridian city/policeman.rbc,498,@missingnoTalk,cp1252,"What in Arceus's name is that\nPokémon..?!\pI don't know where you got that\nfrom, but I'll want nothing to do\lwith it!\pHand in a normal Pokémon, won't\nyou?!",,à_traduire,
943b6c5c2fd6,scripts/viridian city/policeman.rbc,653,@sideTalk,cp1252,I'm to give you this--\c\h08ó\c\h08ó\pOr wait[.]\pAre you here because of some\npersonal issue..?,,à_traduire,
952e72aeba29,scripts/viridian city/policeman.rbc,657,@sideTalk2,cp1252,"Oh, what's that?\c\h08ó\nNurse Joy in Pewter sent you?\pHahahaha!\nOh, my!\pYes, isn't she the loveliest woman\nyou ever laid your eyes on, Rocket?\pIn fact, keep it low to my\nsuperiors, but if you've got the\ltime, please bring her this bouquet\lof roses to express my lo--\c\h08ó\p[.]\c\h08ó\nWait[.]\c\h08ó huh?!\pYou're going to do what?\c\h08ó\nB-beat me up?!\p[.]\pBut why in the world..?\c\h08ó\nI-I won't stand for this, Rocket!\pIn the name of the law, I'll\ndefend myself!",,à_traduire,
99327c4a85fd,scripts/viridian city/policeman.rbc,661,@defeatText,cp1252,Dirty criminal!,,à_traduire,
73d2af235e9c,scripts/viridian city/policeman.rbc,665,@sideTalk3,cp1252,"What is going on..?!\pRocket, I can have you charged\nwith assault in no time flat!\p[.]\pHow can you even say that Joy\nwould send someone to attack me?\pWhy would she..?\p[.]\pHuh? She thinks I'm being\nunfaithful?\pWhy, but that's unfathomable!\nI could never want another woman!\pIn fact, I stay far away from but\nthe lightest conversation with\lother young women so as not to\lgive them a false impression[.]\pI can't see how anything I've done\ncould've made her think--\c\h08ó\c\h08ó",,à_traduire,
507b029b54f7,scripts/viridian city/policeman.rbc,669,@oldTalk,cp1252,"Hey, Teddy[.]\nThere you are, neighbor.\pSay, would you mind watching out\nfor my Jynx again while I'm out\lfor bingo this evening?\pFwahahaha[.]",,à_traduire,
5b8683d00f77,scripts/viridian city/policeman.rbc,673,@oldTalk2,cp1252,"She had such fun with you last\ntime. Isn't that right, Jynx?",,à_traduire,
f6c6a6f3f573,scripts/viridian city/policeman.rbc,677,@sideTalk4,cp1252,"Why[.] Of course, sir.\nAnytime at all.",,à_traduire,
7b3a296ef105,scripts/viridian city/policeman.rbc,681,@oldTalk3,cp1252,"Fwahahaha[.]\pSplendid. I'll just leave her with\nyou, then.",,à_traduire,
c6919593d90e,scripts/viridian city/policeman.rbc,685,@ellipses,cp1252,[.],,à_traduire,
5dea68805f4d,scripts/viridian city/policeman.rbc,689,@sideTalk5,cp1252,"All right, where were we, Rocket?\p[.]\pOh yes[.] As I was saying, there's\nno reason anybody should suspect I\lharbor interest in other women[.]",,à_traduire,
28b048db73de,scripts/viridian city/policeman.rbc,693,@sideTalk6,cp1252,B-but[.]\c\h08ó you're not suggesting\nthat[.]\pShe saw me with the old man's Jynx\nand thought[.],,à_traduire,
b6dec645c4c8,scripts/viridian city/policeman.rbc,697,@sideTalk7,cp1252,"Ridiculous!\p[.]\pOh no!\c\h08ó\nM-my lover must be worried sick!\pHelp us undo this terrible\nmisunderstanding, Rocket!\pGo back to Nurse Joy in the Pewter\nPokémon Center and tell her that I\ltruly never had eyes for anyone\lbut her!\pQuickly; in the name of love!",,à_traduire,
888b1a65f2ae,scripts/viridian city/policeman.rbc,701,@midQuestTalk,cp1252,"(D-did you remember to explain the\nmisunderstanding to Nurse Joy at\lthe Pewter City Pokémon Center?)\p([.])\c\h08ó\n(Please, Rocket..!)",,à_traduire,
b117813a96f1,scripts/viridian city/policeman.rbc,705,@postQuestTalk,cp1252,I owe you thanks for resolving my\nromantic issues[.] eternally so!\pBut all the same[.] As long as I'm\non duty I must assert the law!,,à_traduire,
4d8e1eff35a3,scripts/viridian city/policeman.rbc,709,@postGameTalk,cp1252,"Well, Rocket[.]\pMy official duties in Viridian are\ncomplete!\pI'm only sticking around as a favor\nto my newfound neighbors.\pMmm! I'll soon be free to spend\ntime with my sweetheart in Pewter.\pHave you met her, Rocket?\pOn my word, she's the sweetest\nnurse in Kanto.\pBe sure to send my regards!",,à_traduire,
1af4691f324b,scripts/viridian city/policeman.rbc,712,@finalTalk,cp1252,"Well, Rocket[.]\pI've been dismissed from Viridian,\nand I should like to spend more\ltime with my sweetheart in Pewter.\p[.]\pI only wonder if the old man will\nbe back for his Jynx sometime..?",,à_traduire,
4e2fa6e31c70,scripts/viridian city/post-robbery level script.rbc,60,@talk,cp1252,"Wooo-hooo, dude!\nTalk about a heist!\pI wonder what my bounty'll rise to\nonce they report that operation!\pOh, the badder the better, isn't\nthat right, [player]?",,à_traduire,
b91cf31005d4,scripts/viridian city/post-robbery level script.rbc,63,@talk2,cp1252,"Well, enjoy your share of the\nloot, gentlemen!\pHahahaha[.]\nUntil our paths cross again!",,à_traduire,
7742c9a82f97,scripts/viridian city/post-robbery level script.rbc,66,@promotionMsg,cp1252,\c\h17[player] was promoted to\c\h0BÇÀ\nRocket Boss!\c\h08\n\c\h08[Ke]\c\h18,,à_traduire,
1acefc2e279e,scripts/viridian city/red arrival.rbc,51,@ellipses,utf-8,...,,à_traduire,
f4edd7e352a4,scripts/viridian city/shigeki's house/missingnorelease.rbc,77,@talk,cp1252,"[.]\c\h08ó\nSo.\pAre you ready to capture\n""The Catastrophe"", Rocket?",,à_traduire,
c454a3ecd84f,scripts/viridian city/shigeki's house/missingnorelease.rbc,80,@waitTalk,cp1252,Indeed.\pI've waited almost eleven years[.]\nI can wait a little longer.\pCome back to me when you're\nready.,,à_traduire,
466f0dd300fd,scripts/viridian city/shigeki's house/missingnorelease.rbc,83,@releaseTalk1,cp1252,Very well.\pI will deactivate the software\nthat's keeping it frozen.\pMay Arceus be with us.,,à_traduire,
9c0c98b68bd2,scripts/viridian city/shigeki's house/missingnorelease.rbc,86,@releaseTalk2,cp1252,"Shigeki: Now go, Rocket!\pFly to Cinnabar Island and Surf\nalong its eastern shore!\pCapture that vile creature, and\nlay this matter to rest once and\lfor all!",,à_traduire,
97803a8e2744,scripts/viridian city/shigeki's house/shigeki (inside).rbc,65,@shouldNotReach,utf-8,[.]eh?,,à_traduire,
52c4b008c29b,scripts/viridian city/shigeki's house/shigeki (inside).rbc,68,@releaseTalk2,utf-8,"Shigeki: Now go, Rocket!\pFly to Cinnabar Island and Surf\nalong its eastern shore!\pCapture that vile creature, and\nlay this matter to rest once and\lfor all!",,à_traduire,
1ab96fb582d7,scripts/viridian city/shigeki's house/shigeki (inside).rbc,71,@nuggetTalk,utf-8,"Shigeki: Oy then, [player]!\nHere's that Nugget!",,à_traduire,
46671776f90f,scripts/viridian city/shigeki's house/shigeki (inside).rbc,74,@noRoomTalk,utf-8,"You absolutely useless piece of\ncurdled foreskin!\pMake some room for this Nugget,\nwon't you?!",,à_traduire,
0f3a15c803b9,scripts/viridian city/shigeki's house/shigeki (inside).rbc,77,@postCaptureTalk,utf-8,"Rocket, I'm eternally grateful!\pNow you caught ""the Catastrophe"",\nyou've set my mind at ease.\p[.]\pPhew[.]\nIs it time for a drink already?",,à_traduire,
2c28c958dd3b,scripts/viridian city/shigeki's house/shigeki (inside).rbc,80,@postGameTalk,utf-8,"Shigeki: My, what an adventure\nyou've had, [player]!\pJust let me know if you need me to\nteach you how to catch a Rattata\lsometime, eh?\pFwahahahaha[.]",,à_traduire,
802c42135969,scripts/viridian city/shigeki's house/shigeki (inside).rbc,83,@itemMsg,utf-8,[player] received a Nugget!,,à_traduire,
91834f074cd7,scripts/viridian city/shigeki's house/shigeki (inside).rbc,86,@putAway,utf-8,[player] put the Nugget in the\nItems pocket.,,à_traduire,
cd1394a073f4,scripts/viridian city/shigeki's house/shigeki house level script.rbc,18,@flashbackTalk,cp1252,"For a quiet, secluded life with\nhis granddaughter[.]\pHoping the demons of his misdeeds\nwould never haunt him again.",,à_traduire,
57d7d1a7d95d,scripts/viridian city/shigeki's house/shigeki house level script.rbc,178,@talk,cp1252,"Shigeki: Well, well, well[.]\c\h08ó\nAfter all these years[.]\pConfronted not by Lance but by\n""Team Rocket""[.]",,à_traduire,
e72e79af691a,scripts/viridian city/shigeki's house/shigeki house level script.rbc,181,@talk2,cp1252,So Bill sent you?\nI should have seen it coming.,,à_traduire,
e1fb0e7c3608,scripts/viridian city/shigeki's house/shigeki house level script.rbc,184,@talk3,cp1252,"[.]\c\h08ó\nMy dear Rocket, I[.]\pI will give you the information\nyou're seeking.\pBut please[.]\c\h08ó\nKeep my whereabouts to yourself.\pI[.]\c\h08ó have a family to protect.",,à_traduire,
aa5a33803f1b,scripts/viridian city/shigeki's house/shigeki house level script.rbc,188,@ask,cp1252,Do you promise me that?,,à_traduire,
1d940768ddf5,scripts/viridian city/shigeki's house/shigeki house level script.rbc,192,@noTalk,cp1252,Agh!\pThen I will flee the region before\nI tell you anything!,,à_traduire,
ea59b4cc9a22,scripts/viridian city/shigeki's house/shigeki house level script.rbc,196,@ask2,cp1252,"[.]\pPlease, Rocket.\nKeep my hiding place secret.\pDo I have your word?",,à_traduire,
e7abbcd50012,scripts/viridian city/shigeki's house/shigeki house level script.rbc,200,@yesTalk,cp1252,"Thank you, young man.\nI will not forget your kindness.",,à_traduire,
e738e856d881,scripts/viridian city/shigeki's house/shigeki house level script.rbc,204,@talk4,cp1252,"So[.] I suppose it's time for me to\ncome clean.\pYou know the story, I suppose.\c\h08ó\nOf the Mewtwo Project[.]",,à_traduire,
65081d502586,scripts/viridian city/shigeki's house/shigeki house level script.rbc,207,@talk5,cp1252,Well[.] somewhere amidst all our\nfailed attempts to clone Mew[.]\pA brilliant idea occured to me one\nday[.]\pTo rearrange samples of Mew's\ngenes into a computer program.,,à_traduire,
86a31a0eaf2f,scripts/viridian city/shigeki's house/shigeki house level script.rbc,212,@talk6,cp1252,I convinced the others to create a\nsoftware Pokémon akin to Porygon[.]\pOne we could program to do exactly\nwhat we wanted[.]\pIt would be our ultimate war\nmachine.,,à_traduire,
2ebc2a57869c,scripts/viridian city/shigeki's house/shigeki house level script.rbc,216,@talk7,cp1252,[.]\c\h08ó\n(Sigh[.])\pBut a project that size[.]\nWith only the five of us[.]\pThere were bound to be bugs in the\nprogram.,,à_traduire,
d798e9086a72,scripts/viridian city/shigeki's house/shigeki house level script.rbc,220,@talk8,cp1252,"I knew as much, but[.]\pI didn't realize the magnitude of\nthese glitches[.]",,à_traduire,
0f054d567710,scripts/viridian city/shigeki's house/shigeki house level script.rbc,225,@talk9,cp1252,"[.]\pIt was a stupid, reckless thing to\ncreate[.]\pIt traumatized us all to have\nbeen so close to unleashing[.]\pSuch an uncontrollable monster\nupon the world.\pAnd nobody would trust me to do\nanything by myself after that[.]",,à_traduire,
4e7007db822c,scripts/viridian city/shigeki's house/shigeki house level script.rbc,229,@talk10,cp1252,But[.]\nThat's all in the past.,,à_traduire,
2828f362e95f,scripts/viridian city/shigeki's house/shigeki house level script.rbc,233,@talk11,cp1252,"For the present, young man.\pIf it's really the other\nscientists' intention to finally\llay the matter to rest[.]",,à_traduire,
017fe0b5e135,scripts/viridian city/shigeki's house/shigeki house level script.rbc,236,@talk12,cp1252,Then I will deactivate the safety\nmechanisms that are keeping it\ldormant[.],,à_traduire,
37a1ca5a8f27,scripts/viridian city/shigeki's house/shigeki house level script.rbc,240,@talk13,cp1252,And leave you free to capture\nthe monster!,,à_traduire,
215a461e4f1d,scripts/viridian city/shigeki's house/shigeki house level script.rbc,244,@talk14,cp1252,It would clear my conscience\ntremendously to know it's been\ldealt with.\p[.]\c\h08ó\nBut if you fail[.],,à_traduire,
fc34669de8ad,scripts/viridian city/shigeki's house/shigeki house level script.rbc,248,@talk15,cp1252,I don't know what havoc that\ncreature could wreak on the\lregion.\pThere will be no turning back.,,à_traduire,
917ebb0b8315,scripts/viridian city/shigeki.rbc,144,@talk,cp1252,"It's my j-- *hic!*\nMy job to teach the little[.]\pThe little youngsters how to be a\ngood Pokémon Trainer!\p[.]\pSay, do you need me to teach you\nthe basics too, young man?",,à_traduire,
ce14c6665334,scripts/viridian city/shigeki.rbc,147,@noTalk,cp1252,"Bahahaha!\pOf course you don't, young man, or\nyou wouldn't be here!",,à_traduire,
65815c477ecc,scripts/viridian city/shigeki.rbc,150,@yesTalk,cp1252,"Kehehehe! Then you picked the\nwrong adventure, son!",,à_traduire,
1bafdbdbc7b8,scripts/viridian city/shigeki.rbc,153,@talk2,cp1252,"He-he-hey, young man! You need\nsome help catching Pokémon, do y--\p[.]\c\h08ó\n[.]\c\h08ón-now what's that, son..?",,à_traduire,
2335dea13c2a,scripts/viridian city/shigeki.rbc,157,@talk3,cp1252,[.]\c\h08ó\nGiratina take me[.]\pI knew this day would come sooner\nor later[.],,à_traduire,
f8759939112b,scripts/viridian city/shigeki.rbc,161,@talk4,cp1252,"That's right, young man.\nMy name is Shigeki.\pAlthough it's been a decade since\nanybody called me by that name[.]",,à_traduire,
34b4b909ea32,scripts/viridian city/shigeki.rbc,165,@talk5,cp1252,"Come inside, if you would.\pYou never know who might be\nlistening in[.]",,à_traduire,
6dcc69307dd9,scripts/viridian city/shortcut blocker.rbc,11,@talk,utf-8,"Boy, did you see that strange kid\nwho just entered the gym?\pHe had such an evil gaze[.]\nI had to run away and hide!",,à_traduire,
d4b588ed4bdd,scripts/viridian city/silver v2.rbc,50,@silverTalk1,cp1252,"Silver: Oh, great. More of dad's\ngoonies incoming now? Tell me[.]\pWhy does he do it? Order you all\nto do his dirtywork? Why?\pIs he too much of a coward to do\nthings himself?\p[.]\pWhy couldn't he[.]\c\h08ó\nJust come along..?",,à_traduire,
ac95bf48e036,scripts/viridian city/silver v2.rbc,54,@arianaTalk,cp1252,"Ariana: [.]\c\h08ó\nIt was never any use, was it?",,à_traduire,
cb6036c70d18,scripts/viridian city/silver v2.rbc,58,@arianaTalk2,cp1252,"Welcome to Viridian City,\n[player].",,à_traduire,
fcf29358a0d5,scripts/viridian city/silver.rbc,51,@silverTalk1,cp1252,"Silver: Oh, great. More of dad's\ngoonies incoming now? Tell me[.]\pWhy does he do it? Order you all\nto do his dirtywork? Why?\pIs he too much of a coward to do\nthings himself?\p[.]\pWhy couldn't he[.]\c\h08ó\nJust come along..?",,à_traduire,
37c3fd201203,scripts/viridian city/silver.rbc,55,@arianaTalk,cp1252,"Ariana: [.]\c\h08ó\nIt was never any use, was it?",,à_traduire,
91b53362e0a0,scripts/viridian city/silver.rbc,59,@arianaTalk2,cp1252,"Welcome to Viridian City,\n[player].",,à_traduire,
a7976a7bfc6d,scripts/viridian forest/apricorn tree.rbc,85,@sign,cp1252,It's an Apricorn tree.,,à_traduire,
64cd115e6155,scripts/viridian forest/apricorn tree.rbc,88,@apricornGet,cp1252,[player] plucked the\nPRPL Apricorn.,,à_traduire,
0bb5f21fac27,scripts/viridian forest/apricorn tree.rbc,91,@msg,cp1252,The Rocket Pager is beeping!\c\h08ó\c\h08ó\nBetter report to HQ in Celadon!\c\h08ó,,à_traduire,
6176522b4ac7,scripts/viridian forest/bug catcher 1 (from top).rbc,10,@postBattle,utf-8,"The stress of being a criminal got\nyou in a hurry?\pThat should be the least of your\npunishment, really!",,à_traduire,
6d25bbf22478,scripts/viridian forest/bug catcher 2.rbc,10,@defeat,cp1252,"Well, of course you know!\nWhat are you, stupid?",,à_traduire,
c23fecb976ed,scripts/viridian forest/bug catcher 2.rbc,13,@postBattle,cp1252,How can you grow up in a world of\nPokémon and not understand such\lbasic truths?\pYou'd think I was talking to\nsomeone from a different world!,,à_traduire,
cfc12b343d71,scripts/viridian forest/bug catcher 5.rbc,10,@defeat,utf-8,"Oh, no! But you're not just some\ninnocent kid Trainer, are you..?",,à_traduire,
11de76cdd5ae,scripts/viridian forest/bug catcher 5.rbc,13,@postBattle,utf-8,"Get away from me, Rocket!\nY-you're scaring the bugs away!",,à_traduire,
6284a5348b8e,scripts/viridian forest/npc guy.rbc,4,@talk,utf-8,What's a thug like you doing out\nin nature like this?\pWhat are you looking to do?\pSquish Weedle together and sell\nthe juice?,,à_traduire,
6426ce0afc03,scripts/viridian forest/silver script (left).rbc,29,@talk,cp1252,"Silver: Hey, you..!",,à_traduire,
008908451214,scripts/viridian forest/silver script (left).rbc,37,@talk2,cp1252,"You're that goon of my dad's from\nbefore, aren't you?\pHmph!\pHe dedicates all his time to it,\nyour little gang.\pAnd now...\c\h08ó\nIt's all falling apart.",,à_traduire,
4a13225dcbd0,scripts/viridian forest/silver script (right).rbc,29,@talk,cp1252,"Silver: Hey, you..!",,à_traduire,
c27e20e50dc0,scripts/viridian forest/silver script (right).rbc,37,@talk2,cp1252,"You're that goon of my dad's from\nbefore, aren't you?\pHmph!\pHe dedicates all his time to it,\nyour little gang.\pAnd now...\c\h08ó\nIt's all falling apart.",,à_traduire,
01603ffbcf79,scripts/viridian forest/silver.rbc,42,@talk,cp1252,"Silver: [.]\pYou're that goon of my dad's from\nbefore, aren't you?\pHmph!\pHe dedicates all his time to it,\nyour little gang.\pAnd now...\c\h08ó\nIt's all falling apart.",,à_traduire,
de9d86256ee0,scripts/viridian forest/silver.rbc,45,@talk2,cp1252,"""Number one in the world""[.]\pAnd he can't even defend himself\nagainst the littlest things.\pWhat a joke.\p[.]\pOh, you didn't hear yet, did you?\pHah!\pWell, don't let me spoil the bad\nnews for you[.]",,à_traduire,
f826ab84dec9,scripts/viridian forest/youngster npc.rbc,4,@talk,cp1252,"I came here with some friends to\ncatch us some Bug Pokémon!\pDon't you wish you had friends\ntoo, Rocket!\pHah! That's the price you pay for\nbeing bad!",,à_traduire,
